Using 512 workers

================================================================================
Processing: gs://wikipedia-graph/wikipedia/raw_html_dumps/enwiki_namespace_0
Output: gs://wikipedia-graph/wikipedia/parsed_html/enwiki_namespace_0
Total files: 415
Starting parallel processing with 512 workers...
2025-11-22 18:09:00.668 | INFO     | __main__:process_wiki_task:2086 - Starting task 2/415 for enwiki_namespace_0
2025-11-22 18:09:00.668 | INFO     | __main__:process_wiki_task:2086 - Starting task 0/415 for enwiki_namespace_0
2025-11-22 18:09:00.668 | INFO     | __main__:process_wiki_task:2086 - Starting task 1/415 for enwiki_namespace_0
2025-11-22 18:09:00.669 | INFO     | __main__:process_wiki_task:2086 - Starting task 3/415 for enwiki_namespace_0
2025-11-22 18:09:00.669 | INFO     | __main__:process_wiki_task:2086 - Starting task 5/415 for enwiki_namespace_0
2025-11-22 18:09:00.669 | INFO     | __main__:process_wiki_task:2086 - Starting task 6/415 for enwiki_namespace_0
2025-11-22 18:09:00.669 | INFO     | __main__:process_wiki_task:2086 - Starting task 7/415 for enwiki_namespace_0
2025-11-22 18:09:00.669 | INFO     | __main__:process_wiki_task:2086 - Starting task 4/415 for enwiki_namespace_0
2025-11-22 18:09:00.670 | INFO     | __main__:process_wiki_task:2086 - Starting task 8/415 for enwiki_namespace_0
2025-11-22 18:09:00.670 | INFO     | __main__:process_wiki_task:2086 - Starting task 9/415 for enwiki_namespace_0
2025-11-22 18:09:00.670 | INFO     | __main__:process_wiki_task:2086 - Starting task 10/415 for enwiki_namespace_0
2025-11-22 18:09:00.670 | INFO     | __main__:process_wiki_task:2086 - Starting task 11/415 for enwiki_namespace_0
2025-11-22 18:09:00.670 | INFO     | __main__:process_wiki_task:2086 - Starting task 13/415 for enwiki_namespace_0
2025-11-22 18:09:00.671 | INFO     | __main__:process_wiki_task:2086 - Starting task 14/415 for enwiki_namespace_0
2025-11-22 18:09:00.671 | INFO     | __main__:process_wiki_task:2086 - Starting task 15/415 for enwiki_namespace_0
2025-11-22 18:09:00.671 | INFO     | __main__:process_wiki_task:2086 - Starting task 17/415 for enwiki_namespace_0
2025-11-22 18:09:00.672 | INFO     | __main__:process_wiki_task:2086 - Starting task 16/415 for enwiki_namespace_0
2025-11-22 18:09:00.672 | INFO     | __main__:process_wiki_task:2086 - Starting task 18/415 for enwiki_namespace_0
2025-11-22 18:09:00.672 | INFO     | __main__:process_wiki_task:2086 - Starting task 19/415 for enwiki_namespace_0
2025-11-22 18:09:00.672 | INFO     | __main__:process_wiki_task:2086 - Starting task 20/415 for enwiki_namespace_0
2025-11-22 18:09:00.672 | INFO     | __main__:process_wiki_task:2086 - Starting task 21/415 for enwiki_namespace_0
2025-11-22 18:09:00.672 | INFO     | __main__:process_wiki_task:2086 - Starting task 23/415 for enwiki_namespace_0
2025-11-22 18:09:00.672 | INFO     | __main__:process_wiki_task:2086 - Starting task 24/415 for enwiki_namespace_0
2025-11-22 18:09:00.672 | INFO     | __main__:process_wiki_task:2086 - Starting task 22/415 for enwiki_namespace_0
2025-11-22 18:09:00.673 | INFO     | __main__:process_wiki_task:2086 - Starting task 25/415 for enwiki_namespace_0
2025-11-22 18:09:00.673 | INFO     | __main__:process_wiki_task:2086 - Starting task 28/415 for enwiki_namespace_0
2025-11-22 18:09:00.673 | INFO     | __main__:process_wiki_task:2086 - Starting task 29/415 for enwiki_namespace_0
2025-11-22 18:09:00.673 | INFO     | __main__:process_wiki_task:2086 - Starting task 30/415 for enwiki_namespace_0
2025-11-22 18:09:00.674 | INFO     | __main__:process_wiki_task:2086 - Starting task 26/415 for enwiki_namespace_0
2025-11-22 18:09:00.674 | INFO     | __main__:process_wiki_task:2086 - Starting task 34/415 for enwiki_namespace_0
2025-11-22 18:09:00.674 | INFO     | __main__:process_wiki_task:2086 - Starting task 31/415 for enwiki_namespace_0
2025-11-22 18:09:00.675 | INFO     | __main__:process_wiki_task:2086 - Starting task 37/415 for enwiki_namespace_0
2025-11-22 18:09:00.675 | INFO     | __main__:process_wiki_task:2086 - Starting task 40/415 for enwiki_namespace_0
2025-11-22 18:09:00.676 | INFO     | __main__:process_wiki_task:2086 - Starting task 27/415 for enwiki_namespace_0
2025-11-22 18:09:00.677 | INFO     | __main__:process_wiki_task:2086 - Starting task 12/415 for enwiki_namespace_0
2025-11-22 18:09:00.677 | INFO     | __main__:process_wiki_task:2086 - Starting task 46/415 for enwiki_namespace_0
2025-11-22 18:09:00.677 | INFO     | __main__:process_wiki_task:2086 - Starting task 47/415 for enwiki_namespace_0
2025-11-22 18:09:00.677 | INFO     | __main__:process_wiki_task:2086 - Starting task 48/415 for enwiki_namespace_0
2025-11-22 18:09:00.677 | INFO     | __main__:process_wiki_task:2086 - Starting task 32/415 for enwiki_namespace_0
2025-11-22 18:09:00.677 | INFO     | __main__:process_wiki_task:2086 - Starting task 35/415 for enwiki_namespace_0
2025-11-22 18:09:00.677 | INFO     | __main__:process_wiki_task:2086 - Starting task 33/415 for enwiki_namespace_0
2025-11-22 18:09:00.678 | INFO     | __main__:process_wiki_task:2086 - Starting task 36/415 for enwiki_namespace_0
2025-11-22 18:09:00.678 | INFO     | __main__:process_wiki_task:2086 - Starting task 51/415 for enwiki_namespace_0
2025-11-22 18:09:00.679 | INFO     | __main__:process_wiki_task:2086 - Starting task 55/415 for enwiki_namespace_0
2025-11-22 18:09:00.679 | INFO     | __main__:process_wiki_task:2086 - Starting task 56/415 for enwiki_namespace_0
2025-11-22 18:09:00.679 | INFO     | __main__:process_wiki_task:2086 - Starting task 54/415 for enwiki_namespace_0
2025-11-22 18:09:00.679 | INFO     | __main__:process_wiki_task:2086 - Starting task 57/415 for enwiki_namespace_0
2025-11-22 18:09:00.679 | INFO     | __main__:process_wiki_task:2086 - Starting task 58/415 for enwiki_namespace_0
2025-11-22 18:09:00.680 | INFO     | __main__:process_wiki_task:2086 - Starting task 60/415 for enwiki_namespace_0
2025-11-22 18:09:00.680 | INFO     | __main__:process_wiki_task:2086 - Starting task 61/415 for enwiki_namespace_0
2025-11-22 18:09:00.680 | INFO     | __main__:process_wiki_task:2086 - Starting task 38/415 for enwiki_namespace_0
2025-11-22 18:09:00.681 | INFO     | __main__:process_wiki_task:2086 - Starting task 50/415 for enwiki_namespace_0
2025-11-22 18:09:00.681 | INFO     | __main__:process_wiki_task:2086 - Starting task 67/415 for enwiki_namespace_0
2025-11-22 18:09:00.681 | INFO     | __main__:process_wiki_task:2086 - Starting task 39/415 for enwiki_namespace_0
2025-11-22 18:09:00.682 | INFO     | __main__:process_wiki_task:2086 - Starting task 69/415 for enwiki_namespace_0
2025-11-22 18:09:00.682 | INFO     | __main__:process_wiki_task:2086 - Starting task 70/415 for enwiki_namespace_0
2025-11-22 18:09:00.682 | INFO     | __main__:process_wiki_task:2086 - Starting task 42/415 for enwiki_namespace_0
2025-11-22 18:09:00.682 | INFO     | __main__:process_wiki_task:2086 - Starting task 43/415 for enwiki_namespace_0
2025-11-22 18:09:00.682 | INFO     | __main__:process_wiki_task:2086 - Starting task 59/415 for enwiki_namespace_0
2025-11-22 18:09:00.682 | INFO     | __main__:process_wiki_task:2086 - Starting task 45/415 for enwiki_namespace_0
2025-11-22 18:09:00.682 | INFO     | __main__:process_wiki_task:2086 - Starting task 44/415 for enwiki_namespace_0
2025-11-22 18:09:00.682 | INFO     | __main__:process_wiki_task:2086 - Starting task 41/415 for enwiki_namespace_0
2025-11-22 18:09:00.683 | INFO     | __main__:process_wiki_task:2086 - Starting task 75/415 for enwiki_namespace_0
2025-11-22 18:09:00.683 | INFO     | __main__:process_wiki_task:2086 - Starting task 49/415 for enwiki_namespace_0
2025-11-22 18:09:00.683 | INFO     | __main__:process_wiki_task:2086 - Starting task 52/415 for enwiki_namespace_0
2025-11-22 18:09:00.683 | INFO     | __main__:process_wiki_task:2086 - Starting task 76/415 for enwiki_namespace_0
2025-11-22 18:09:00.683 | INFO     | __main__:process_wiki_task:2086 - Starting task 62/415 for enwiki_namespace_0
2025-11-22 18:09:00.683 | INFO     | __main__:process_wiki_task:2086 - Starting task 63/415 for enwiki_namespace_0
2025-11-22 18:09:00.684 | INFO     | __main__:process_wiki_task:2086 - Starting task 77/415 for enwiki_namespace_0
2025-11-22 18:09:00.684 | INFO     | __main__:process_wiki_task:2086 - Starting task 53/415 for enwiki_namespace_0
2025-11-22 18:09:00.684 | INFO     | __main__:process_wiki_task:2086 - Starting task 64/415 for enwiki_namespace_0
2025-11-22 18:09:00.684 | INFO     | __main__:process_wiki_task:2086 - Starting task 79/415 for enwiki_namespace_0
2025-11-22 18:09:00.685 | INFO     | __main__:process_wiki_task:2086 - Starting task 80/415 for enwiki_namespace_0
2025-11-22 18:09:00.685 | INFO     | __main__:process_wiki_task:2086 - Starting task 66/415 for enwiki_namespace_0
2025-11-22 18:09:00.685 | INFO     | __main__:process_wiki_task:2086 - Starting task 65/415 for enwiki_namespace_0
2025-11-22 18:09:00.685 | INFO     | __main__:process_wiki_task:2086 - Starting task 83/415 for enwiki_namespace_0
2025-11-22 18:09:00.685 | INFO     | __main__:process_wiki_task:2086 - Starting task 81/415 for enwiki_namespace_0
2025-11-22 18:09:00.685 | INFO     | __main__:process_wiki_task:2086 - Starting task 82/415 for enwiki_namespace_0
2025-11-22 18:09:00.686 | INFO     | __main__:process_wiki_task:2086 - Starting task 84/415 for enwiki_namespace_0
2025-11-22 18:09:00.686 | INFO     | __main__:process_wiki_task:2086 - Starting task 86/415 for enwiki_namespace_0
2025-11-22 18:09:00.686 | INFO     | __main__:process_wiki_task:2086 - Starting task 85/415 for enwiki_namespace_0
2025-11-22 18:09:00.687 | INFO     | __main__:process_wiki_task:2086 - Starting task 87/415 for enwiki_namespace_0
2025-11-22 18:09:00.687 | INFO     | __main__:process_wiki_task:2086 - Starting task 89/415 for enwiki_namespace_0
2025-11-22 18:09:00.687 | INFO     | __main__:process_wiki_task:2086 - Starting task 73/415 for enwiki_namespace_0
2025-11-22 18:09:00.687 | INFO     | __main__:process_wiki_task:2086 - Starting task 68/415 for enwiki_namespace_0
2025-11-22 18:09:00.688 | INFO     | __main__:process_wiki_task:2086 - Starting task 72/415 for enwiki_namespace_0
2025-11-22 18:09:00.688 | INFO     | __main__:process_wiki_task:2086 - Starting task 88/415 for enwiki_namespace_0
2025-11-22 18:09:00.688 | INFO     | __main__:process_wiki_task:2086 - Starting task 92/415 for enwiki_namespace_0
2025-11-22 18:09:00.688 | INFO     | __main__:process_wiki_task:2086 - Starting task 94/415 for enwiki_namespace_0
2025-11-22 18:09:00.688 | INFO     | __main__:process_wiki_task:2086 - Starting task 71/415 for enwiki_namespace_0
2025-11-22 18:09:00.688 | INFO     | __main__:process_wiki_task:2086 - Starting task 74/415 for enwiki_namespace_0
2025-11-22 18:09:00.689 | INFO     | __main__:process_wiki_task:2086 - Starting task 97/415 for enwiki_namespace_0
2025-11-22 18:09:00.690 | INFO     | __main__:process_wiki_task:2086 - Starting task 99/415 for enwiki_namespace_0
2025-11-22 18:09:00.690 | INFO     | __main__:process_wiki_task:2086 - Starting task 78/415 for enwiki_namespace_0
2025-11-22 18:09:00.690 | INFO     | __main__:process_wiki_task:2086 - Starting task 93/415 for enwiki_namespace_0
2025-11-22 18:09:00.690 | INFO     | __main__:process_wiki_task:2086 - Starting task 95/415 for enwiki_namespace_0
2025-11-22 18:09:00.691 | INFO     | __main__:process_wiki_task:2086 - Starting task 90/415 for enwiki_namespace_0
2025-11-22 18:09:00.691 | INFO     | __main__:process_wiki_task:2086 - Starting task 101/415 for enwiki_namespace_0
2025-11-22 18:09:00.692 | INFO     | __main__:process_wiki_task:2086 - Starting task 103/415 for enwiki_namespace_0
2025-11-22 18:09:00.693 | INFO     | __main__:process_wiki_task:2086 - Starting task 105/415 for enwiki_namespace_0
2025-11-22 18:09:00.693 | INFO     | __main__:process_wiki_task:2086 - Starting task 91/415 for enwiki_namespace_0
2025-11-22 18:09:00.695 | INFO     | __main__:process_wiki_task:2086 - Starting task 110/415 for enwiki_namespace_0
2025-11-22 18:09:00.695 | INFO     | __main__:process_wiki_task:2086 - Starting task 96/415 for enwiki_namespace_0
2025-11-22 18:09:00.695 | INFO     | __main__:process_wiki_task:2086 - Starting task 111/415 for enwiki_namespace_0
2025-11-22 18:09:00.696 | INFO     | __main__:process_wiki_task:2086 - Starting task 98/415 for enwiki_namespace_0
2025-11-22 18:09:00.697 | INFO     | __main__:process_wiki_task:2086 - Starting task 116/415 for enwiki_namespace_0
2025-11-22 18:09:00.697 | INFO     | __main__:process_wiki_task:2086 - Starting task 100/415 for enwiki_namespace_0
2025-11-22 18:09:00.697 | INFO     | __main__:process_wiki_task:2086 - Starting task 102/415 for enwiki_namespace_0
2025-11-22 18:09:00.697 | INFO     | __main__:process_wiki_task:2086 - Starting task 113/415 for enwiki_namespace_0
2025-11-22 18:09:00.697 | INFO     | __main__:process_wiki_task:2086 - Starting task 104/415 for enwiki_namespace_0
2025-11-22 18:09:00.698 | INFO     | __main__:process_wiki_task:2086 - Starting task 117/415 for enwiki_namespace_0
2025-11-22 18:09:00.698 | INFO     | __main__:process_wiki_task:2086 - Starting task 108/415 for enwiki_namespace_0
2025-11-22 18:09:00.698 | INFO     | __main__:process_wiki_task:2086 - Starting task 109/415 for enwiki_namespace_0
2025-11-22 18:09:00.699 | INFO     | __main__:process_wiki_task:2086 - Starting task 121/415 for enwiki_namespace_0
2025-11-22 18:09:00.699 | INFO     | __main__:process_wiki_task:2086 - Starting task 106/415 for enwiki_namespace_0
2025-11-22 18:09:00.701 | INFO     | __main__:process_wiki_task:2086 - Starting task 114/415 for enwiki_namespace_0
2025-11-22 18:09:00.701 | INFO     | __main__:process_wiki_task:2086 - Starting task 112/415 for enwiki_namespace_0
2025-11-22 18:09:00.701 | INFO     | __main__:process_wiki_task:2086 - Starting task 124/415 for enwiki_namespace_0
2025-11-22 18:09:00.702 | INFO     | __main__:process_wiki_task:2086 - Starting task 120/415 for enwiki_namespace_0
2025-11-22 18:09:00.702 | INFO     | __main__:process_wiki_task:2086 - Starting task 126/415 for enwiki_namespace_0
2025-11-22 18:09:00.702 | INFO     | __main__:process_wiki_task:2086 - Starting task 107/415 for enwiki_namespace_0
2025-11-22 18:09:00.702 | INFO     | __main__:process_wiki_task:2086 - Starting task 115/415 for enwiki_namespace_0
2025-11-22 18:09:00.703 | INFO     | __main__:process_wiki_task:2086 - Starting task 128/415 for enwiki_namespace_0
2025-11-22 18:09:00.703 | INFO     | __main__:process_wiki_task:2086 - Starting task 122/415 for enwiki_namespace_0
2025-11-22 18:09:00.703 | INFO     | __main__:process_wiki_task:2086 - Starting task 131/415 for enwiki_namespace_0
2025-11-22 18:09:00.703 | INFO     | __main__:process_wiki_task:2086 - Starting task 118/415 for enwiki_namespace_0
2025-11-22 18:09:00.703 | INFO     | __main__:process_wiki_task:2086 - Starting task 123/415 for enwiki_namespace_0
2025-11-22 18:09:00.704 | INFO     | __main__:process_wiki_task:2086 - Starting task 119/415 for enwiki_namespace_0
2025-11-22 18:09:00.705 | INFO     | __main__:process_wiki_task:2086 - Starting task 129/415 for enwiki_namespace_0
2025-11-22 18:09:00.705 | INFO     | __main__:process_wiki_task:2086 - Starting task 136/415 for enwiki_namespace_0
2025-11-22 18:09:00.706 | INFO     | __main__:process_wiki_task:2086 - Starting task 125/415 for enwiki_namespace_0
2025-11-22 18:09:00.706 | INFO     | __main__:process_wiki_task:2086 - Starting task 138/415 for enwiki_namespace_0
2025-11-22 18:09:00.708 | INFO     | __main__:process_wiki_task:2086 - Starting task 127/415 for enwiki_namespace_0
2025-11-22 18:09:00.708 | INFO     | __main__:process_wiki_task:2086 - Starting task 139/415 for enwiki_namespace_0
2025-11-22 18:09:00.708 | INFO     | __main__:process_wiki_task:2086 - Starting task 132/415 for enwiki_namespace_0
2025-11-22 18:09:00.709 | INFO     | __main__:process_wiki_task:2086 - Starting task 130/415 for enwiki_namespace_0
2025-11-22 18:09:00.710 | INFO     | __main__:process_wiki_task:2086 - Starting task 133/415 for enwiki_namespace_0
2025-11-22 18:09:00.711 | INFO     | __main__:process_wiki_task:2086 - Starting task 134/415 for enwiki_namespace_0
2025-11-22 18:09:00.711 | INFO     | __main__:process_wiki_task:2086 - Starting task 140/415 for enwiki_namespace_0
2025-11-22 18:09:00.712 | INFO     | __main__:process_wiki_task:2086 - Starting task 142/415 for enwiki_namespace_0
2025-11-22 18:09:00.712 | INFO     | __main__:process_wiki_task:2086 - Starting task 137/415 for enwiki_namespace_0
2025-11-22 18:09:00.713 | INFO     | __main__:process_wiki_task:2086 - Starting task 148/415 for enwiki_namespace_0
2025-11-22 18:09:00.712 | INFO     | __main__:process_wiki_task:2086 - Starting task 147/415 for enwiki_namespace_0
2025-11-22 18:09:00.712 | INFO     | __main__:process_wiki_task:2086 - Starting task 146/415 for enwiki_namespace_0
2025-11-22 18:09:00.713 | INFO     | __main__:process_wiki_task:2086 - Starting task 135/415 for enwiki_namespace_0
2025-11-22 18:09:00.714 | INFO     | __main__:process_wiki_task:2086 - Starting task 153/415 for enwiki_namespace_0
2025-11-22 18:09:00.714 | INFO     | __main__:process_wiki_task:2086 - Starting task 141/415 for enwiki_namespace_0
2025-11-22 18:09:00.715 | INFO     | __main__:process_wiki_task:2086 - Starting task 157/415 for enwiki_namespace_0
2025-11-22 18:09:00.715 | INFO     | __main__:process_wiki_task:2086 - Starting task 143/415 for enwiki_namespace_0
2025-11-22 18:09:00.716 | INFO     | __main__:process_wiki_task:2086 - Starting task 159/415 for enwiki_namespace_0
2025-11-22 18:09:00.717 | INFO     | __main__:process_wiki_task:2086 - Starting task 144/415 for enwiki_namespace_0
2025-11-22 18:09:00.718 | INFO     | __main__:process_wiki_task:2086 - Starting task 145/415 for enwiki_namespace_0
2025-11-22 18:09:00.718 | INFO     | __main__:process_wiki_task:2086 - Starting task 151/415 for enwiki_namespace_0
2025-11-22 18:09:00.718 | INFO     | __main__:process_wiki_task:2086 - Starting task 165/415 for enwiki_namespace_0
2025-11-22 18:09:00.719 | INFO     | __main__:process_wiki_task:2086 - Starting task 167/415 for enwiki_namespace_0
2025-11-22 18:09:00.719 | INFO     | __main__:process_wiki_task:2086 - Starting task 149/415 for enwiki_namespace_0
2025-11-22 18:09:00.719 | INFO     | __main__:process_wiki_task:2086 - Starting task 154/415 for enwiki_namespace_0
2025-11-22 18:09:00.721 | INFO     | __main__:process_wiki_task:2086 - Starting task 172/415 for enwiki_namespace_0
2025-11-22 18:09:00.721 | INFO     | __main__:process_wiki_task:2086 - Starting task 162/415 for enwiki_namespace_0
2025-11-22 18:09:00.721 | INFO     | __main__:process_wiki_task:2086 - Starting task 150/415 for enwiki_namespace_0
2025-11-22 18:09:00.721 | INFO     | __main__:process_wiki_task:2086 - Starting task 158/415 for enwiki_namespace_0
2025-11-22 18:09:00.722 | INFO     | __main__:process_wiki_task:2086 - Starting task 170/415 for enwiki_namespace_0
2025-11-22 18:09:00.722 | INFO     | __main__:process_wiki_task:2086 - Starting task 160/415 for enwiki_namespace_0
2025-11-22 18:09:00.722 | INFO     | __main__:process_wiki_task:2086 - Starting task 175/415 for enwiki_namespace_0
2025-11-22 18:09:00.722 | INFO     | __main__:process_wiki_task:2086 - Starting task 171/415 for enwiki_namespace_0
2025-11-22 18:09:00.722 | INFO     | __main__:process_wiki_task:2086 - Starting task 168/415 for enwiki_namespace_0
2025-11-22 18:09:00.722 | INFO     | __main__:process_wiki_task:2086 - Starting task 163/415 for enwiki_namespace_0
2025-11-22 18:09:00.722 | INFO     | __main__:process_wiki_task:2086 - Starting task 177/415 for enwiki_namespace_0
2025-11-22 18:09:00.722 | INFO     | __main__:process_wiki_task:2086 - Starting task 152/415 for enwiki_namespace_0
2025-11-22 18:09:00.723 | INFO     | __main__:process_wiki_task:2086 - Starting task 155/415 for enwiki_namespace_0
2025-11-22 18:09:00.723 | INFO     | __main__:process_wiki_task:2086 - Starting task 179/415 for enwiki_namespace_0
2025-11-22 18:09:00.723 | INFO     | __main__:process_wiki_task:2086 - Starting task 156/415 for enwiki_namespace_0
2025-11-22 18:09:00.725 | INFO     | __main__:process_wiki_task:2086 - Starting task 174/415 for enwiki_namespace_0
2025-11-22 18:09:00.724 | INFO     | __main__:process_wiki_task:2086 - Starting task 164/415 for enwiki_namespace_0
2025-11-22 18:09:00.724 | INFO     | __main__:process_wiki_task:2086 - Starting task 166/415 for enwiki_namespace_0
2025-11-22 18:09:00.725 | INFO     | __main__:process_wiki_task:2086 - Starting task 182/415 for enwiki_namespace_0
2025-11-22 18:09:00.726 | INFO     | __main__:process_wiki_task:2086 - Starting task 161/415 for enwiki_namespace_0
2025-11-22 18:09:00.727 | INFO     | __main__:process_wiki_task:2086 - Starting task 181/415 for enwiki_namespace_0
2025-11-22 18:09:00.727 | INFO     | __main__:process_wiki_task:2086 - Starting task 173/415 for enwiki_namespace_0
2025-11-22 18:09:00.728 | INFO     | __main__:process_wiki_task:2086 - Starting task 176/415 for enwiki_namespace_0
2025-11-22 18:09:00.728 | INFO     | __main__:process_wiki_task:2086 - Starting task 186/415 for enwiki_namespace_0
2025-11-22 18:09:00.728 | INFO     | __main__:process_wiki_task:2086 - Starting task 185/415 for enwiki_namespace_0
2025-11-22 18:09:00.728 | INFO     | __main__:process_wiki_task:2086 - Starting task 169/415 for enwiki_namespace_0
2025-11-22 18:09:00.729 | INFO     | __main__:process_wiki_task:2086 - Starting task 180/415 for enwiki_namespace_0
2025-11-22 18:09:00.729 | INFO     | __main__:process_wiki_task:2086 - Starting task 178/415 for enwiki_namespace_0
2025-11-22 18:09:00.729 | INFO     | __main__:process_wiki_task:2086 - Starting task 187/415 for enwiki_namespace_0
2025-11-22 18:09:00.730 | INFO     | __main__:process_wiki_task:2086 - Starting task 208/415 for enwiki_namespace_0
2025-11-22 18:09:00.730 | INFO     | __main__:process_wiki_task:2086 - Starting task 210/415 for enwiki_namespace_0
2025-11-22 18:09:00.730 | INFO     | __main__:process_wiki_task:2086 - Starting task 191/415 for enwiki_namespace_0
2025-11-22 18:09:00.730 | INFO     | __main__:process_wiki_task:2086 - Starting task 190/415 for enwiki_namespace_0
2025-11-22 18:09:00.731 | INFO     | __main__:process_wiki_task:2086 - Starting task 189/415 for enwiki_namespace_0
2025-11-22 18:09:00.731 | INFO     | __main__:process_wiki_task:2086 - Starting task 193/415 for enwiki_namespace_0
2025-11-22 18:09:00.732 | INFO     | __main__:process_wiki_task:2086 - Starting task 197/415 for enwiki_namespace_0
2025-11-22 18:09:00.731 | INFO     | __main__:process_wiki_task:2086 - Starting task 183/415 for enwiki_namespace_0
2025-11-22 18:09:00.732 | INFO     | __main__:process_wiki_task:2086 - Starting task 184/415 for enwiki_namespace_0
2025-11-22 18:09:00.732 | INFO     | __main__:process_wiki_task:2086 - Starting task 196/415 for enwiki_namespace_0
2025-11-22 18:09:00.732 | INFO     | __main__:process_wiki_task:2086 - Starting task 188/415 for enwiki_namespace_0
2025-11-22 18:09:00.733 | INFO     | __main__:process_wiki_task:2086 - Starting task 200/415 for enwiki_namespace_0
2025-11-22 18:09:00.735 | INFO     | __main__:process_wiki_task:2086 - Starting task 201/415 for enwiki_namespace_0
2025-11-22 18:09:00.736 | INFO     | __main__:process_wiki_task:2086 - Starting task 209/415 for enwiki_namespace_0
2025-11-22 18:09:00.735 | INFO     | __main__:process_wiki_task:2086 - Starting task 192/415 for enwiki_namespace_0
2025-11-22 18:09:00.736 | INFO     | __main__:process_wiki_task:2086 - Starting task 204/415 for enwiki_namespace_0
2025-11-22 18:09:00.736 | INFO     | __main__:process_wiki_task:2086 - Starting task 202/415 for enwiki_namespace_0
2025-11-22 18:09:00.736 | INFO     | __main__:process_wiki_task:2086 - Starting task 198/415 for enwiki_namespace_0
2025-11-22 18:09:00.736 | INFO     | __main__:process_wiki_task:2086 - Starting task 199/415 for enwiki_namespace_0
2025-11-22 18:09:00.737 | INFO     | __main__:process_wiki_task:2086 - Starting task 195/415 for enwiki_namespace_0
2025-11-22 18:09:00.737 | INFO     | __main__:process_wiki_task:2086 - Starting task 206/415 for enwiki_namespace_0
2025-11-22 18:09:00.738 | INFO     | __main__:process_wiki_task:2086 - Starting task 211/415 for enwiki_namespace_0
2025-11-22 18:09:00.738 | INFO     | __main__:process_wiki_task:2086 - Starting task 207/415 for enwiki_namespace_0
2025-11-22 18:09:00.738 | INFO     | __main__:process_wiki_task:2086 - Starting task 205/415 for enwiki_namespace_0
2025-11-22 18:09:00.739 | INFO     | __main__:process_wiki_task:2086 - Starting task 213/415 for enwiki_namespace_0
2025-11-22 18:09:00.739 | INFO     | __main__:process_wiki_task:2086 - Starting task 212/415 for enwiki_namespace_0
2025-11-22 18:09:00.739 | INFO     | __main__:process_wiki_task:2086 - Starting task 194/415 for enwiki_namespace_0
2025-11-22 18:09:00.740 | INFO     | __main__:process_wiki_task:2086 - Starting task 214/415 for enwiki_namespace_0
2025-11-22 18:09:00.740 | INFO     | __main__:process_wiki_task:2086 - Starting task 215/415 for enwiki_namespace_0
2025-11-22 18:09:00.742 | INFO     | __main__:process_wiki_task:2086 - Starting task 217/415 for enwiki_namespace_0
2025-11-22 18:09:00.742 | INFO     | __main__:process_wiki_task:2086 - Starting task 218/415 for enwiki_namespace_0
2025-11-22 18:09:00.742 | INFO     | __main__:process_wiki_task:2086 - Starting task 219/415 for enwiki_namespace_0
2025-11-22 18:09:00.743 | INFO     | __main__:process_wiki_task:2086 - Starting task 222/415 for enwiki_namespace_0
2025-11-22 18:09:00.743 | INFO     | __main__:process_wiki_task:2086 - Starting task 220/415 for enwiki_namespace_0
2025-11-22 18:09:00.743 | INFO     | __main__:process_wiki_task:2086 - Starting task 221/415 for enwiki_namespace_0
2025-11-22 18:09:00.744 | INFO     | __main__:process_wiki_task:2086 - Starting task 216/415 for enwiki_namespace_0
2025-11-22 18:09:00.744 | INFO     | __main__:process_wiki_task:2086 - Starting task 203/415 for enwiki_namespace_0
2025-11-22 18:09:00.745 | INFO     | __main__:process_wiki_task:2086 - Starting task 224/415 for enwiki_namespace_0
2025-11-22 18:09:00.745 | INFO     | __main__:process_wiki_task:2086 - Starting task 223/415 for enwiki_namespace_0
2025-11-22 18:09:00.745 | INFO     | __main__:process_wiki_task:2086 - Starting task 226/415 for enwiki_namespace_0
2025-11-22 18:09:00.745 | INFO     | __main__:process_wiki_task:2086 - Starting task 225/415 for enwiki_namespace_0
2025-11-22 18:09:00.746 | INFO     | __main__:process_wiki_task:2086 - Starting task 227/415 for enwiki_namespace_0
2025-11-22 18:09:00.747 | INFO     | __main__:process_wiki_task:2086 - Starting task 233/415 for enwiki_namespace_0
2025-11-22 18:09:00.747 | INFO     | __main__:process_wiki_task:2086 - Starting task 232/415 for enwiki_namespace_0
2025-11-22 18:09:00.747 | INFO     | __main__:process_wiki_task:2086 - Starting task 231/415 for enwiki_namespace_0
2025-11-22 18:09:00.750 | INFO     | __main__:process_wiki_task:2086 - Starting task 255/415 for enwiki_namespace_0
2025-11-22 18:09:00.750 | INFO     | __main__:process_wiki_task:2086 - Starting task 235/415 for enwiki_namespace_0
2025-11-22 18:09:00.750 | INFO     | __main__:process_wiki_task:2086 - Starting task 228/415 for enwiki_namespace_0
2025-11-22 18:09:00.750 | INFO     | __main__:process_wiki_task:2086 - Starting task 236/415 for enwiki_namespace_0
2025-11-22 18:09:00.751 | INFO     | __main__:process_wiki_task:2086 - Starting task 237/415 for enwiki_namespace_0
2025-11-22 18:09:00.751 | INFO     | __main__:process_wiki_task:2086 - Starting task 238/415 for enwiki_namespace_0
2025-11-22 18:09:00.751 | INFO     | __main__:process_wiki_task:2086 - Starting task 239/415 for enwiki_namespace_0
2025-11-22 18:09:00.752 | INFO     | __main__:process_wiki_task:2086 - Starting task 240/415 for enwiki_namespace_0
2025-11-22 18:09:00.752 | INFO     | __main__:process_wiki_task:2086 - Starting task 241/415 for enwiki_namespace_0
2025-11-22 18:09:00.752 | INFO     | __main__:process_wiki_task:2086 - Starting task 244/415 for enwiki_namespace_0
2025-11-22 18:09:00.752 | INFO     | __main__:process_wiki_task:2086 - Starting task 245/415 for enwiki_namespace_0
2025-11-22 18:09:00.753 | INFO     | __main__:process_wiki_task:2086 - Starting task 242/415 for enwiki_namespace_0
2025-11-22 18:09:00.753 | INFO     | __main__:process_wiki_task:2086 - Starting task 229/415 for enwiki_namespace_0
2025-11-22 18:09:00.754 | INFO     | __main__:process_wiki_task:2086 - Starting task 248/415 for enwiki_namespace_0
2025-11-22 18:09:00.754 | INFO     | __main__:process_wiki_task:2086 - Starting task 246/415 for enwiki_namespace_0
2025-11-22 18:09:00.754 | INFO     | __main__:process_wiki_task:2086 - Starting task 230/415 for enwiki_namespace_0
2025-11-22 18:09:00.756 | INFO     | __main__:process_wiki_task:2086 - Starting task 270/415 for enwiki_namespace_0
2025-11-22 18:09:00.756 | INFO     | __main__:process_wiki_task:2086 - Starting task 247/415 for enwiki_namespace_0
2025-11-22 18:09:00.755 | INFO     | __main__:process_wiki_task:2086 - Starting task 250/415 for enwiki_namespace_0
2025-11-22 18:09:00.756 | INFO     | __main__:process_wiki_task:2086 - Starting task 251/415 for enwiki_namespace_0
2025-11-22 18:09:00.756 | INFO     | __main__:process_wiki_task:2086 - Starting task 249/415 for enwiki_namespace_0
2025-11-22 18:09:00.756 | INFO     | __main__:process_wiki_task:2086 - Starting task 243/415 for enwiki_namespace_0
2025-11-22 18:09:00.757 | INFO     | __main__:process_wiki_task:2086 - Starting task 254/415 for enwiki_namespace_0
2025-11-22 18:09:00.757 | INFO     | __main__:process_wiki_task:2086 - Starting task 252/415 for enwiki_namespace_0
2025-11-22 18:09:00.757 | INFO     | __main__:process_wiki_task:2086 - Starting task 253/415 for enwiki_namespace_0
2025-11-22 18:09:00.758 | INFO     | __main__:process_wiki_task:2086 - Starting task 234/415 for enwiki_namespace_0
2025-11-22 18:09:00.759 | INFO     | __main__:process_wiki_task:2086 - Starting task 256/415 for enwiki_namespace_0
2025-11-22 18:09:00.759 | INFO     | __main__:process_wiki_task:2086 - Starting task 259/415 for enwiki_namespace_0
2025-11-22 18:09:00.759 | INFO     | __main__:process_wiki_task:2086 - Starting task 258/415 for enwiki_namespace_0
2025-11-22 18:09:00.760 | INFO     | __main__:process_wiki_task:2086 - Starting task 261/415 for enwiki_namespace_0
2025-11-22 18:09:00.760 | INFO     | __main__:process_wiki_task:2086 - Starting task 260/415 for enwiki_namespace_0
2025-11-22 18:09:00.760 | INFO     | __main__:process_wiki_task:2086 - Starting task 263/415 for enwiki_namespace_0
2025-11-22 18:09:00.760 | INFO     | __main__:process_wiki_task:2086 - Starting task 262/415 for enwiki_namespace_0
2025-11-22 18:09:00.760 | INFO     | __main__:process_wiki_task:2086 - Starting task 257/415 for enwiki_namespace_0
2025-11-22 18:09:00.761 | INFO     | __main__:process_wiki_task:2086 - Starting task 265/415 for enwiki_namespace_0
2025-11-22 18:09:00.761 | INFO     | __main__:process_wiki_task:2086 - Starting task 267/415 for enwiki_namespace_0
2025-11-22 18:09:00.761 | INFO     | __main__:process_wiki_task:2086 - Starting task 264/415 for enwiki_namespace_0
2025-11-22 18:09:00.762 | INFO     | __main__:process_wiki_task:2086 - Starting task 268/415 for enwiki_namespace_0
2025-11-22 18:09:00.762 | INFO     | __main__:process_wiki_task:2086 - Starting task 266/415 for enwiki_namespace_0
2025-11-22 18:09:00.762 | INFO     | __main__:process_wiki_task:2086 - Starting task 269/415 for enwiki_namespace_0
2025-11-22 18:09:00.763 | INFO     | __main__:process_wiki_task:2086 - Starting task 272/415 for enwiki_namespace_0
2025-11-22 18:09:00.764 | INFO     | __main__:process_wiki_task:2086 - Starting task 274/415 for enwiki_namespace_0
2025-11-22 18:09:00.765 | INFO     | __main__:process_wiki_task:2086 - Starting task 271/415 for enwiki_namespace_0
2025-11-22 18:09:00.765 | INFO     | __main__:process_wiki_task:2086 - Starting task 276/415 for enwiki_namespace_0
2025-11-22 18:09:00.765 | INFO     | __main__:process_wiki_task:2086 - Starting task 292/415 for enwiki_namespace_0
2025-11-22 18:09:00.765 | INFO     | __main__:process_wiki_task:2086 - Starting task 289/415 for enwiki_namespace_0
2025-11-22 18:09:00.765 | INFO     | __main__:process_wiki_task:2086 - Starting task 273/415 for enwiki_namespace_0
2025-11-22 18:09:00.766 | INFO     | __main__:process_wiki_task:2086 - Starting task 293/415 for enwiki_namespace_0
2025-11-22 18:09:00.765 | INFO     | __main__:process_wiki_task:2086 - Starting task 275/415 for enwiki_namespace_0
2025-11-22 18:09:00.767 | INFO     | __main__:process_wiki_task:2086 - Starting task 296/415 for enwiki_namespace_0
2025-11-22 18:09:00.766 | INFO     | __main__:process_wiki_task:2086 - Starting task 278/415 for enwiki_namespace_0
2025-11-22 18:09:00.766 | INFO     | __main__:process_wiki_task:2086 - Starting task 277/415 for enwiki_namespace_0
2025-11-22 18:09:00.767 | INFO     | __main__:process_wiki_task:2086 - Starting task 283/415 for enwiki_namespace_0
2025-11-22 18:09:00.767 | INFO     | __main__:process_wiki_task:2086 - Starting task 299/415 for enwiki_namespace_0
2025-11-22 18:09:00.767 | INFO     | __main__:process_wiki_task:2086 - Starting task 288/415 for enwiki_namespace_0
2025-11-22 18:09:00.767 | INFO     | __main__:process_wiki_task:2086 - Starting task 284/415 for enwiki_namespace_0
2025-11-22 18:09:00.767 | INFO     | __main__:process_wiki_task:2086 - Starting task 294/415 for enwiki_namespace_0
2025-11-22 18:09:00.768 | INFO     | __main__:process_wiki_task:2086 - Starting task 300/415 for enwiki_namespace_0
2025-11-22 18:09:00.767 | INFO     | __main__:process_wiki_task:2086 - Starting task 280/415 for enwiki_namespace_0
2025-11-22 18:09:00.767 | INFO     | __main__:process_wiki_task:2086 - Starting task 279/415 for enwiki_namespace_0
2025-11-22 18:09:00.768 | INFO     | __main__:process_wiki_task:2086 - Starting task 281/415 for enwiki_namespace_0
2025-11-22 18:09:00.768 | INFO     | __main__:process_wiki_task:2086 - Starting task 282/415 for enwiki_namespace_0
2025-11-22 18:09:00.769 | INFO     | __main__:process_wiki_task:2086 - Starting task 285/415 for enwiki_namespace_0
2025-11-22 18:09:00.769 | INFO     | __main__:process_wiki_task:2086 - Starting task 286/415 for enwiki_namespace_0
2025-11-22 18:09:00.770 | INFO     | __main__:process_wiki_task:2086 - Starting task 310/415 for enwiki_namespace_0
2025-11-22 18:09:00.770 | INFO     | __main__:process_wiki_task:2086 - Starting task 287/415 for enwiki_namespace_0
2025-11-22 18:09:00.771 | INFO     | __main__:process_wiki_task:2086 - Starting task 295/415 for enwiki_namespace_0
2025-11-22 18:09:00.773 | INFO     | __main__:process_wiki_task:2086 - Starting task 290/415 for enwiki_namespace_0
2025-11-22 18:09:00.773 | INFO     | __main__:process_wiki_task:2086 - Starting task 291/415 for enwiki_namespace_0
2025-11-22 18:09:00.775 | INFO     | __main__:process_wiki_task:2086 - Starting task 302/415 for enwiki_namespace_0
2025-11-22 18:09:00.775 | INFO     | __main__:process_wiki_task:2086 - Starting task 301/415 for enwiki_namespace_0
2025-11-22 18:09:00.775 | INFO     | __main__:process_wiki_task:2086 - Starting task 303/415 for enwiki_namespace_0
2025-11-22 18:09:00.775 | INFO     | __main__:process_wiki_task:2086 - Starting task 297/415 for enwiki_namespace_0
2025-11-22 18:09:00.776 | INFO     | __main__:process_wiki_task:2086 - Starting task 298/415 for enwiki_namespace_0
2025-11-22 18:09:00.775 | INFO     | __main__:process_wiki_task:2086 - Starting task 304/415 for enwiki_namespace_0
2025-11-22 18:09:00.776 | INFO     | __main__:process_wiki_task:2086 - Starting task 327/415 for enwiki_namespace_0
2025-11-22 18:09:00.776 | INFO     | __main__:process_wiki_task:2086 - Starting task 305/415 for enwiki_namespace_0
2025-11-22 18:09:00.776 | INFO     | __main__:process_wiki_task:2086 - Starting task 306/415 for enwiki_namespace_0
2025-11-22 18:09:00.776 | INFO     | __main__:process_wiki_task:2086 - Starting task 309/415 for enwiki_namespace_0
2025-11-22 18:09:00.777 | INFO     | __main__:process_wiki_task:2086 - Starting task 308/415 for enwiki_namespace_0
2025-11-22 18:09:00.777 | INFO     | __main__:process_wiki_task:2086 - Starting task 307/415 for enwiki_namespace_0
2025-11-22 18:09:00.778 | INFO     | __main__:process_wiki_task:2086 - Starting task 312/415 for enwiki_namespace_0
2025-11-22 18:09:00.779 | INFO     | __main__:process_wiki_task:2086 - Starting task 314/415 for enwiki_namespace_0
2025-11-22 18:09:00.779 | INFO     | __main__:process_wiki_task:2086 - Starting task 311/415 for enwiki_namespace_0
2025-11-22 18:09:00.779 | INFO     | __main__:process_wiki_task:2086 - Starting task 313/415 for enwiki_namespace_0
2025-11-22 18:09:00.779 | INFO     | __main__:process_wiki_task:2086 - Starting task 316/415 for enwiki_namespace_0
2025-11-22 18:09:00.780 | INFO     | __main__:process_wiki_task:2086 - Starting task 315/415 for enwiki_namespace_0
2025-11-22 18:09:00.780 | INFO     | __main__:process_wiki_task:2086 - Starting task 318/415 for enwiki_namespace_0
2025-11-22 18:09:00.780 | INFO     | __main__:process_wiki_task:2086 - Starting task 317/415 for enwiki_namespace_0
2025-11-22 18:09:00.781 | INFO     | __main__:process_wiki_task:2086 - Starting task 319/415 for enwiki_namespace_0
2025-11-22 18:09:00.781 | INFO     | __main__:process_wiki_task:2086 - Starting task 320/415 for enwiki_namespace_0
2025-11-22 18:09:00.782 | INFO     | __main__:process_wiki_task:2086 - Starting task 321/415 for enwiki_namespace_0
2025-11-22 18:09:00.783 | INFO     | __main__:process_wiki_task:2086 - Starting task 322/415 for enwiki_namespace_0
2025-11-22 18:09:00.784 | INFO     | __main__:process_wiki_task:2086 - Starting task 324/415 for enwiki_namespace_0
2025-11-22 18:09:00.784 | INFO     | __main__:process_wiki_task:2086 - Starting task 323/415 for enwiki_namespace_0
2025-11-22 18:09:00.784 | INFO     | __main__:process_wiki_task:2086 - Starting task 330/415 for enwiki_namespace_0
2025-11-22 18:09:00.784 | INFO     | __main__:process_wiki_task:2086 - Starting task 325/415 for enwiki_namespace_0
2025-11-22 18:09:00.785 | INFO     | __main__:process_wiki_task:2086 - Starting task 331/415 for enwiki_namespace_0
2025-11-22 18:09:00.785 | INFO     | __main__:process_wiki_task:2086 - Starting task 326/415 for enwiki_namespace_0
2025-11-22 18:09:00.786 | INFO     | __main__:process_wiki_task:2086 - Starting task 346/415 for enwiki_namespace_0
2025-11-22 18:09:00.786 | INFO     | __main__:process_wiki_task:2086 - Starting task 347/415 for enwiki_namespace_0
2025-11-22 18:09:00.786 | INFO     | __main__:process_wiki_task:2086 - Starting task 348/415 for enwiki_namespace_0
2025-11-22 18:09:00.786 | INFO     | __main__:process_wiki_task:2086 - Starting task 349/415 for enwiki_namespace_0
2025-11-22 18:09:00.786 | INFO     | __main__:process_wiki_task:2086 - Starting task 350/415 for enwiki_namespace_0
2025-11-22 18:09:00.786 | INFO     | __main__:process_wiki_task:2086 - Starting task 351/415 for enwiki_namespace_0
2025-11-22 18:09:00.786 | INFO     | __main__:process_wiki_task:2086 - Starting task 328/415 for enwiki_namespace_0
2025-11-22 18:09:00.786 | INFO     | __main__:process_wiki_task:2086 - Starting task 329/415 for enwiki_namespace_0
2025-11-22 18:09:00.787 | INFO     | __main__:process_wiki_task:2086 - Starting task 353/415 for enwiki_namespace_0
2025-11-22 18:09:00.787 | INFO     | __main__:process_wiki_task:2086 - Starting task 352/415 for enwiki_namespace_0
2025-11-22 18:09:00.787 | INFO     | __main__:process_wiki_task:2086 - Starting task 360/415 for enwiki_namespace_0
2025-11-22 18:09:00.786 | INFO     | __main__:process_wiki_task:2086 - Starting task 332/415 for enwiki_namespace_0
2025-11-22 18:09:00.788 | INFO     | __main__:process_wiki_task:2086 - Starting task 355/415 for enwiki_namespace_0
2025-11-22 18:09:00.788 | INFO     | __main__:process_wiki_task:2086 - Starting task 356/415 for enwiki_namespace_0
2025-11-22 18:09:00.787 | INFO     | __main__:process_wiki_task:2086 - Starting task 333/415 for enwiki_namespace_0
2025-11-22 18:09:00.788 | INFO     | __main__:process_wiki_task:2086 - Starting task 357/415 for enwiki_namespace_0
2025-11-22 18:09:00.787 | INFO     | __main__:process_wiki_task:2086 - Starting task 335/415 for enwiki_namespace_0
2025-11-22 18:09:00.787 | INFO     | __main__:process_wiki_task:2086 - Starting task 334/415 for enwiki_namespace_0
2025-11-22 18:09:00.788 | INFO     | __main__:process_wiki_task:2086 - Starting task 358/415 for enwiki_namespace_0
2025-11-22 18:09:00.788 | INFO     | __main__:process_wiki_task:2086 - Starting task 359/415 for enwiki_namespace_0
2025-11-22 18:09:00.788 | INFO     | __main__:process_wiki_task:2086 - Starting task 336/415 for enwiki_namespace_0
2025-11-22 18:09:00.790 | INFO     | __main__:process_wiki_task:2086 - Starting task 369/415 for enwiki_namespace_0
2025-11-22 18:09:00.790 | INFO     | __main__:process_wiki_task:2086 - Starting task 370/415 for enwiki_namespace_0
2025-11-22 18:09:00.789 | INFO     | __main__:process_wiki_task:2086 - Starting task 340/415 for enwiki_namespace_0
2025-11-22 18:09:00.789 | INFO     | __main__:process_wiki_task:2086 - Starting task 338/415 for enwiki_namespace_0
2025-11-22 18:09:00.790 | INFO     | __main__:process_wiki_task:2086 - Starting task 371/415 for enwiki_namespace_0
2025-11-22 18:09:00.790 | INFO     | __main__:process_wiki_task:2086 - Starting task 337/415 for enwiki_namespace_0
2025-11-22 18:09:00.789 | INFO     | __main__:process_wiki_task:2086 - Starting task 339/415 for enwiki_namespace_0
2025-11-22 18:09:00.790 | INFO     | __main__:process_wiki_task:2086 - Starting task 341/415 for enwiki_namespace_0
2025-11-22 18:09:00.790 | INFO     | __main__:process_wiki_task:2086 - Starting task 342/415 for enwiki_namespace_0
2025-11-22 18:09:00.791 | INFO     | __main__:process_wiki_task:2086 - Starting task 368/415 for enwiki_namespace_0
2025-11-22 18:09:00.792 | INFO     | __main__:process_wiki_task:2086 - Starting task 354/415 for enwiki_namespace_0
2025-11-22 18:09:00.792 | INFO     | __main__:process_wiki_task:2086 - Starting task 345/415 for enwiki_namespace_0
2025-11-22 18:09:00.792 | INFO     | __main__:process_wiki_task:2086 - Starting task 344/415 for enwiki_namespace_0
2025-11-22 18:09:00.792 | INFO     | __main__:process_wiki_task:2086 - Starting task 343/415 for enwiki_namespace_0
2025-11-22 18:09:00.794 | INFO     | __main__:process_wiki_task:2086 - Starting task 381/415 for enwiki_namespace_0
2025-11-22 18:09:00.794 | INFO     | __main__:process_wiki_task:2086 - Starting task 380/415 for enwiki_namespace_0
2025-11-22 18:09:00.794 | INFO     | __main__:process_wiki_task:2086 - Starting task 383/415 for enwiki_namespace_0
2025-11-22 18:09:00.794 | INFO     | __main__:process_wiki_task:2086 - Starting task 361/415 for enwiki_namespace_0
2025-11-22 18:09:00.796 | INFO     | __main__:process_wiki_task:2086 - Starting task 362/415 for enwiki_namespace_0
2025-11-22 18:09:00.796 | INFO     | __main__:process_wiki_task:2086 - Starting task 364/415 for enwiki_namespace_0
2025-11-22 18:09:00.797 | INFO     | __main__:process_wiki_task:2086 - Starting task 363/415 for enwiki_namespace_0
2025-11-22 18:09:00.797 | INFO     | __main__:process_wiki_task:2086 - Starting task 365/415 for enwiki_namespace_0
2025-11-22 18:09:00.797 | INFO     | __main__:process_wiki_task:2086 - Starting task 387/415 for enwiki_namespace_0
2025-11-22 18:09:00.797 | INFO     | __main__:process_wiki_task:2086 - Starting task 366/415 for enwiki_namespace_0
2025-11-22 18:09:00.798 | INFO     | __main__:process_wiki_task:2086 - Starting task 367/415 for enwiki_namespace_0
2025-11-22 18:09:00.799 | INFO     | __main__:process_wiki_task:2086 - Starting task 372/415 for enwiki_namespace_0
2025-11-22 18:09:00.800 | INFO     | __main__:process_wiki_task:2086 - Starting task 379/415 for enwiki_namespace_0
2025-11-22 18:09:00.799 | INFO     | __main__:process_wiki_task:2086 - Starting task 373/415 for enwiki_namespace_0
2025-11-22 18:09:00.800 | INFO     | __main__:process_wiki_task:2086 - Starting task 382/415 for enwiki_namespace_0
2025-11-22 18:09:00.800 | INFO     | __main__:process_wiki_task:2086 - Starting task 384/415 for enwiki_namespace_0
2025-11-22 18:09:00.801 | INFO     | __main__:process_wiki_task:2086 - Starting task 386/415 for enwiki_namespace_0
2025-11-22 18:09:00.801 | INFO     | __main__:process_wiki_task:2086 - Starting task 374/415 for enwiki_namespace_0
2025-11-22 18:09:00.801 | INFO     | __main__:process_wiki_task:2086 - Starting task 376/415 for enwiki_namespace_0
2025-11-22 18:09:00.801 | INFO     | __main__:process_wiki_task:2086 - Starting task 375/415 for enwiki_namespace_0
2025-11-22 18:09:00.801 | INFO     | __main__:process_wiki_task:2086 - Starting task 378/415 for enwiki_namespace_0
2025-11-22 18:09:00.802 | INFO     | __main__:process_wiki_task:2086 - Starting task 377/415 for enwiki_namespace_0
2025-11-22 18:09:00.804 | INFO     | __main__:process_wiki_task:2086 - Starting task 402/415 for enwiki_namespace_0
2025-11-22 18:09:00.805 | INFO     | __main__:process_wiki_task:2086 - Starting task 385/415 for enwiki_namespace_0
2025-11-22 18:09:00.805 | INFO     | __main__:process_wiki_task:2086 - Starting task 390/415 for enwiki_namespace_0
2025-11-22 18:09:00.805 | INFO     | __main__:process_wiki_task:2086 - Starting task 389/415 for enwiki_namespace_0
2025-11-22 18:09:00.805 | INFO     | __main__:process_wiki_task:2086 - Starting task 388/415 for enwiki_namespace_0
2025-11-22 18:09:00.806 | INFO     | __main__:process_wiki_task:2086 - Starting task 411/415 for enwiki_namespace_0
2025-11-22 18:09:00.805 | INFO     | __main__:process_wiki_task:2086 - Starting task 391/415 for enwiki_namespace_0
2025-11-22 18:09:00.807 | INFO     | __main__:process_wiki_task:2086 - Starting task 400/415 for enwiki_namespace_0
2025-11-22 18:09:00.806 | INFO     | __main__:process_wiki_task:2086 - Starting task 392/415 for enwiki_namespace_0
2025-11-22 18:09:00.807 | INFO     | __main__:process_wiki_task:2086 - Starting task 394/415 for enwiki_namespace_0
2025-11-22 18:09:00.808 | INFO     | __main__:process_wiki_task:2086 - Starting task 395/415 for enwiki_namespace_0
2025-11-22 18:09:00.808 | INFO     | __main__:process_wiki_task:2086 - Starting task 393/415 for enwiki_namespace_0
2025-11-22 18:09:00.809 | INFO     | __main__:process_wiki_task:2086 - Starting task 396/415 for enwiki_namespace_0
2025-11-22 18:09:00.810 | INFO     | __main__:process_wiki_task:2086 - Starting task 398/415 for enwiki_namespace_0
2025-11-22 18:09:00.810 | INFO     | __main__:process_wiki_task:2086 - Starting task 397/415 for enwiki_namespace_0
2025-11-22 18:09:00.811 | INFO     | __main__:process_wiki_task:2086 - Starting task 399/415 for enwiki_namespace_0
2025-11-22 18:09:00.811 | INFO     | __main__:process_wiki_task:2086 - Starting task 404/415 for enwiki_namespace_0
2025-11-22 18:09:00.811 | INFO     | __main__:process_wiki_task:2086 - Starting task 401/415 for enwiki_namespace_0
2025-11-22 18:09:00.812 | INFO     | __main__:process_wiki_task:2086 - Starting task 405/415 for enwiki_namespace_0
2025-11-22 18:09:00.811 | INFO     | __main__:process_wiki_task:2086 - Starting task 403/415 for enwiki_namespace_0
2025-11-22 18:09:00.813 | INFO     | __main__:process_wiki_task:2086 - Starting task 407/415 for enwiki_namespace_0
2025-11-22 18:09:00.813 | INFO     | __main__:process_wiki_task:2086 - Starting task 406/415 for enwiki_namespace_0
2025-11-22 18:09:00.814 | INFO     | __main__:process_wiki_task:2086 - Starting task 409/415 for enwiki_namespace_0
2025-11-22 18:09:00.814 | INFO     | __main__:process_wiki_task:2086 - Starting task 408/415 for enwiki_namespace_0
2025-11-22 18:09:00.814 | INFO     | __main__:process_wiki_task:2086 - Starting task 410/415 for enwiki_namespace_0
2025-11-22 18:09:00.815 | INFO     | __main__:process_wiki_task:2086 - Starting task 412/415 for enwiki_namespace_0
2025-11-22 18:09:00.816 | INFO     | __main__:process_wiki_task:2086 - Starting task 413/415 for enwiki_namespace_0
2025-11-22 18:09:00.816 | INFO     | __main__:process_wiki_task:2086 - Starting task 414/415 for enwiki_namespace_0
2025-11-22 18:09:00.878 | INFO     | __main__:process_wiki_task:2117 - Processing file: gs://wikipedia-graph/wikipedia/raw_html_dumps/enwiki_namespace_0/enwiki_namespace_0_enwiki_namespace_0_chunk_10.json.tar.gz
2025-11-22 18:09:00.880 | INFO     | __main__:process_wiki_task:2117 - Processing file: gs://wikipedia-graph/wikipedia/raw_html_dumps/enwiki_namespace_0/enwiki_namespace_0_enwiki_namespace_0_chunk_107.json.tar.gz
2025-11-22 18:09:00.881 | INFO     | __main__:process_wiki_task:2117 - Processing file: gs://wikipedia-graph/wikipedia/raw_html_dumps/enwiki_namespace_0/enwiki_namespace_0_enwiki_namespace_0_chunk_106.json.tar.gz
2025-11-22 18:09:00.881 | INFO     | __main__:process_wiki_task:2117 - Processing file: gs://wikipedia-graph/wikipedia/raw_html_dumps/enwiki_namespace_0/enwiki_namespace_0_enwiki_namespace_0_chunk_119.json.tar.gz
2025-11-22 18:09:00.885 | INFO     | __main__:process_wiki_task:2117 - Processing file: gs://wikipedia-graph/wikipedia/raw_html_dumps/enwiki_namespace_0/enwiki_namespace_0_enwiki_namespace_0_chunk_113.json.tar.gz
2025-11-22 18:09:00.885 | INFO     | __main__:process_wiki_task:2117 - Processing file: gs://wikipedia-graph/wikipedia/raw_html_dumps/enwiki_namespace_0/enwiki_namespace_0_enwiki_namespace_0_chunk_12.json.tar.gz
2025-11-22 18:09:00.886 | INFO     | __main__:process_wiki_task:2117 - Processing file: gs://wikipedia-graph/wikipedia/raw_html_dumps/enwiki_namespace_0/enwiki_namespace_0_enwiki_namespace_0_chunk_121.json.tar.gz
2025-11-22 18:09:00.887 | INFO     | __main__:process_wiki_task:2117 - Processing file: gs://wikipedia-graph/wikipedia/raw_html_dumps/enwiki_namespace_0/enwiki_namespace_0_enwiki_namespace_0_chunk_105.json.tar.gz
2025-11-22 18:09:00.887 | INFO     | __main__:process_wiki_task:2117 - Processing file: gs://wikipedia-graph/wikipedia/raw_html_dumps/enwiki_namespace_0/enwiki_namespace_0_enwiki_namespace_0_chunk_125.json.tar.gz
2025-11-22 18:09:00.888 | INFO     | __main__:process_wiki_task:2117 - Processing file: gs://wikipedia-graph/wikipedia/raw_html_dumps/enwiki_namespace_0/enwiki_namespace_0_enwiki_namespace_0_chunk_101.json.tar.gz
2025-11-22 18:09:00.888 | INFO     | __main__:process_wiki_task:2117 - Processing file: gs://wikipedia-graph/wikipedia/raw_html_dumps/enwiki_namespace_0/enwiki_namespace_0_enwiki_namespace_0_chunk_11.json.tar.gz
2025-11-22 18:09:00.888 | INFO     | __main__:process_wiki_task:2117 - Processing file: gs://wikipedia-graph/wikipedia/raw_html_dumps/enwiki_namespace_0/enwiki_namespace_0_enwiki_namespace_0_chunk_126.json.tar.gz
2025-11-22 18:09:00.889 | INFO     | __main__:process_wiki_task:2117 - Processing file: gs://wikipedia-graph/wikipedia/raw_html_dumps/enwiki_namespace_0/enwiki_namespace_0_enwiki_namespace_0_chunk_109.json.tar.gz
2025-11-22 18:09:00.892 | INFO     | __main__:process_wiki_task:2117 - Processing file: gs://wikipedia-graph/wikipedia/raw_html_dumps/enwiki_namespace_0/enwiki_namespace_0_enwiki_namespace_0_chunk_1.json.tar.gz
2025-11-22 18:09:00.892 | INFO     | __main__:process_wiki_task:2117 - Processing file: gs://wikipedia-graph/wikipedia/raw_html_dumps/enwiki_namespace_0/enwiki_namespace_0_enwiki_namespace_0_chunk_0.json.tar.gz
2025-11-22 18:09:00.893 | INFO     | __main__:process_wiki_task:2117 - Processing file: gs://wikipedia-graph/wikipedia/raw_html_dumps/enwiki_namespace_0/enwiki_namespace_0_enwiki_namespace_0_chunk_100.json.tar.gz
2025-11-22 18:09:00.893 | INFO     | __main__:process_wiki_task:2117 - Processing file: gs://wikipedia-graph/wikipedia/raw_html_dumps/enwiki_namespace_0/enwiki_namespace_0_enwiki_namespace_0_chunk_108.json.tar.gz
2025-11-22 18:09:00.894 | INFO     | __main__:process_wiki_task:2117 - Processing file: gs://wikipedia-graph/wikipedia/raw_html_dumps/enwiki_namespace_0/enwiki_namespace_0_enwiki_namespace_0_chunk_129.json.tar.gz
2025-11-22 18:09:00.894 | INFO     | __main__:process_wiki_task:2117 - Processing file: gs://wikipedia-graph/wikipedia/raw_html_dumps/enwiki_namespace_0/enwiki_namespace_0_enwiki_namespace_0_chunk_144.json.tar.gz
2025-11-22 18:09:00.895 | INFO     | __main__:process_wiki_task:2117 - Processing file: gs://wikipedia-graph/wikipedia/raw_html_dumps/enwiki_namespace_0/enwiki_namespace_0_enwiki_namespace_0_chunk_103.json.tar.gz
2025-11-22 18:09:00.895 | INFO     | __main__:process_wiki_task:2117 - Processing file: gs://wikipedia-graph/wikipedia/raw_html_dumps/enwiki_namespace_0/enwiki_namespace_0_enwiki_namespace_0_chunk_124.json.tar.gz
2025-11-22 18:09:00.899 | INFO     | __main__:process_wiki_task:2117 - Processing file: gs://wikipedia-graph/wikipedia/raw_html_dumps/enwiki_namespace_0/enwiki_namespace_0_enwiki_namespace_0_chunk_128.json.tar.gz
2025-11-22 18:09:00.900 | INFO     | __main__:process_wiki_task:2117 - Processing file: gs://wikipedia-graph/wikipedia/raw_html_dumps/enwiki_namespace_0/enwiki_namespace_0_enwiki_namespace_0_chunk_15.json.tar.gz
2025-11-22 18:09:00.900 | INFO     | __main__:process_wiki_task:2117 - Processing file: gs://wikipedia-graph/wikipedia/raw_html_dumps/enwiki_namespace_0/enwiki_namespace_0_enwiki_namespace_0_chunk_171.json.tar.gz
2025-11-22 18:09:00.900 | INFO     | __main__:process_wiki_task:2117 - Processing file: gs://wikipedia-graph/wikipedia/raw_html_dumps/enwiki_namespace_0/enwiki_namespace_0_enwiki_namespace_0_chunk_104.json.tar.gz
2025-11-22 18:09:00.902 | INFO     | __main__:process_wiki_task:2117 - Processing file: gs://wikipedia-graph/wikipedia/raw_html_dumps/enwiki_namespace_0/enwiki_namespace_0_enwiki_namespace_0_chunk_116.json.tar.gz
2025-11-22 18:09:00.903 | INFO     | __main__:process_wiki_task:2117 - Processing file: gs://wikipedia-graph/wikipedia/raw_html_dumps/enwiki_namespace_0/enwiki_namespace_0_enwiki_namespace_0_chunk_120.json.tar.gz
2025-11-22 18:09:00.905 | INFO     | __main__:process_wiki_task:2117 - Processing file: gs://wikipedia-graph/wikipedia/raw_html_dumps/enwiki_namespace_0/enwiki_namespace_0_enwiki_namespace_0_chunk_152.json.tar.gz
2025-11-22 18:09:00.905 | INFO     | __main__:process_wiki_task:2117 - Processing file: gs://wikipedia-graph/wikipedia/raw_html_dumps/enwiki_namespace_0/enwiki_namespace_0_enwiki_namespace_0_chunk_127.json.tar.gz
2025-11-22 18:09:00.905 | INFO     | __main__:process_wiki_task:2117 - Processing file: gs://wikipedia-graph/wikipedia/raw_html_dumps/enwiki_namespace_0/enwiki_namespace_0_enwiki_namespace_0_chunk_167.json.tar.gz
2025-11-22 18:09:00.906 | INFO     | __main__:process_wiki_task:2117 - Processing file: gs://wikipedia-graph/wikipedia/raw_html_dumps/enwiki_namespace_0/enwiki_namespace_0_enwiki_namespace_0_chunk_111.json.tar.gz
2025-11-22 18:09:00.907 | INFO     | __main__:process_wiki_task:2117 - Processing file: gs://wikipedia-graph/wikipedia/raw_html_dumps/enwiki_namespace_0/enwiki_namespace_0_enwiki_namespace_0_chunk_118.json.tar.gz
2025-11-22 18:09:00.908 | INFO     | __main__:process_wiki_task:2117 - Processing file: gs://wikipedia-graph/wikipedia/raw_html_dumps/enwiki_namespace_0/enwiki_namespace_0_enwiki_namespace_0_chunk_110.json.tar.gz
2025-11-22 18:09:00.909 | INFO     | __main__:process_wiki_task:2117 - Processing file: gs://wikipedia-graph/wikipedia/raw_html_dumps/enwiki_namespace_0/enwiki_namespace_0_enwiki_namespace_0_chunk_141.json.tar.gz
2025-11-22 18:09:00.909 | INFO     | __main__:process_wiki_task:2117 - Processing file: gs://wikipedia-graph/wikipedia/raw_html_dumps/enwiki_namespace_0/enwiki_namespace_0_enwiki_namespace_0_chunk_179.json.tar.gz
2025-11-22 18:09:00.909 | INFO     | __main__:process_wiki_task:2117 - Processing file: gs://wikipedia-graph/wikipedia/raw_html_dumps/enwiki_namespace_0/enwiki_namespace_0_enwiki_namespace_0_chunk_102.json.tar.gz
2025-11-22 18:09:00.911 | INFO     | __main__:process_wiki_task:2117 - Processing file: gs://wikipedia-graph/wikipedia/raw_html_dumps/enwiki_namespace_0/enwiki_namespace_0_enwiki_namespace_0_chunk_170.json.tar.gz
2025-11-22 18:09:00.912 | INFO     | __main__:process_wiki_task:2117 - Processing file: gs://wikipedia-graph/wikipedia/raw_html_dumps/enwiki_namespace_0/enwiki_namespace_0_enwiki_namespace_0_chunk_148.json.tar.gz
2025-11-22 18:09:00.912 | INFO     | __main__:process_wiki_task:2117 - Processing file: gs://wikipedia-graph/wikipedia/raw_html_dumps/enwiki_namespace_0/enwiki_namespace_0_enwiki_namespace_0_chunk_134.json.tar.gz
2025-11-22 18:09:00.912 | INFO     | __main__:process_wiki_task:2117 - Processing file: gs://wikipedia-graph/wikipedia/raw_html_dumps/enwiki_namespace_0/enwiki_namespace_0_enwiki_namespace_0_chunk_193.json.tar.gz
2025-11-22 18:09:00.912 | INFO     | __main__:process_wiki_task:2117 - Processing file: gs://wikipedia-graph/wikipedia/raw_html_dumps/enwiki_namespace_0/enwiki_namespace_0_enwiki_namespace_0_chunk_150.json.tar.gz
2025-11-22 18:09:00.913 | INFO     | __main__:process_wiki_task:2117 - Processing file: gs://wikipedia-graph/wikipedia/raw_html_dumps/enwiki_namespace_0/enwiki_namespace_0_enwiki_namespace_0_chunk_114.json.tar.gz
2025-11-22 18:09:00.914 | INFO     | __main__:process_wiki_task:2117 - Processing file: gs://wikipedia-graph/wikipedia/raw_html_dumps/enwiki_namespace_0/enwiki_namespace_0_enwiki_namespace_0_chunk_157.json.tar.gz
2025-11-22 18:09:00.914 | INFO     | __main__:process_wiki_task:2117 - Processing file: gs://wikipedia-graph/wikipedia/raw_html_dumps/enwiki_namespace_0/enwiki_namespace_0_enwiki_namespace_0_chunk_140.json.tar.gz
2025-11-22 18:09:00.915 | INFO     | __main__:process_wiki_task:2117 - Processing file: gs://wikipedia-graph/wikipedia/raw_html_dumps/enwiki_namespace_0/enwiki_namespace_0_enwiki_namespace_0_chunk_159.json.tar.gz
2025-11-22 18:09:00.915 | INFO     | __main__:process_wiki_task:2117 - Processing file: gs://wikipedia-graph/wikipedia/raw_html_dumps/enwiki_namespace_0/enwiki_namespace_0_enwiki_namespace_0_chunk_156.json.tar.gz
2025-11-22 18:09:00.915 | INFO     | __main__:process_wiki_task:2117 - Processing file: gs://wikipedia-graph/wikipedia/raw_html_dumps/enwiki_namespace_0/enwiki_namespace_0_enwiki_namespace_0_chunk_13.json.tar.gz
2025-11-22 18:09:00.915 | INFO     | __main__:process_wiki_task:2117 - Processing file: gs://wikipedia-graph/wikipedia/raw_html_dumps/enwiki_namespace_0/enwiki_namespace_0_enwiki_namespace_0_chunk_131.json.tar.gz
2025-11-22 18:09:00.915 | INFO     | __main__:process_wiki_task:2117 - Processing file: gs://wikipedia-graph/wikipedia/raw_html_dumps/enwiki_namespace_0/enwiki_namespace_0_enwiki_namespace_0_chunk_149.json.tar.gz
2025-11-22 18:09:00.919 | INFO     | __main__:process_wiki_task:2117 - Processing file: gs://wikipedia-graph/wikipedia/raw_html_dumps/enwiki_namespace_0/enwiki_namespace_0_enwiki_namespace_0_chunk_137.json.tar.gz
2025-11-22 18:09:00.921 | INFO     | __main__:process_wiki_task:2117 - Processing file: gs://wikipedia-graph/wikipedia/raw_html_dumps/enwiki_namespace_0/enwiki_namespace_0_enwiki_namespace_0_chunk_173.json.tar.gz
2025-11-22 18:09:00.921 | INFO     | __main__:process_wiki_task:2117 - Processing file: gs://wikipedia-graph/wikipedia/raw_html_dumps/enwiki_namespace_0/enwiki_namespace_0_enwiki_namespace_0_chunk_162.json.tar.gz
2025-11-22 18:09:00.923 | INFO     | __main__:process_wiki_task:2117 - Processing file: gs://wikipedia-graph/wikipedia/raw_html_dumps/enwiki_namespace_0/enwiki_namespace_0_enwiki_namespace_0_chunk_180.json.tar.gz
2025-11-22 18:09:00.923 | INFO     | __main__:process_wiki_task:2117 - Processing file: gs://wikipedia-graph/wikipedia/raw_html_dumps/enwiki_namespace_0/enwiki_namespace_0_enwiki_namespace_0_chunk_174.json.tar.gz
2025-11-22 18:09:00.923 | INFO     | __main__:process_wiki_task:2117 - Processing file: gs://wikipedia-graph/wikipedia/raw_html_dumps/enwiki_namespace_0/enwiki_namespace_0_enwiki_namespace_0_chunk_143.json.tar.gz
2025-11-22 18:09:00.925 | INFO     | __main__:process_wiki_task:2117 - Processing file: gs://wikipedia-graph/wikipedia/raw_html_dumps/enwiki_namespace_0/enwiki_namespace_0_enwiki_namespace_0_chunk_178.json.tar.gz
2025-11-22 18:09:00.925 | INFO     | __main__:process_wiki_task:2117 - Processing file: gs://wikipedia-graph/wikipedia/raw_html_dumps/enwiki_namespace_0/enwiki_namespace_0_enwiki_namespace_0_chunk_112.json.tar.gz
2025-11-22 18:09:00.926 | INFO     | __main__:process_wiki_task:2117 - Processing file: gs://wikipedia-graph/wikipedia/raw_html_dumps/enwiki_namespace_0/enwiki_namespace_0_enwiki_namespace_0_chunk_14.json.tar.gz
2025-11-22 18:09:00.926 | INFO     | __main__:process_wiki_task:2117 - Processing file: gs://wikipedia-graph/wikipedia/raw_html_dumps/enwiki_namespace_0/enwiki_namespace_0_enwiki_namespace_0_chunk_191.json.tar.gz
2025-11-22 18:09:00.926 | INFO     | __main__:process_wiki_task:2117 - Processing file: gs://wikipedia-graph/wikipedia/raw_html_dumps/enwiki_namespace_0/enwiki_namespace_0_enwiki_namespace_0_chunk_158.json.tar.gz
2025-11-22 18:09:00.926 | INFO     | __main__:process_wiki_task:2117 - Processing file: gs://wikipedia-graph/wikipedia/raw_html_dumps/enwiki_namespace_0/enwiki_namespace_0_enwiki_namespace_0_chunk_133.json.tar.gz
2025-11-22 18:09:00.927 | INFO     | __main__:process_wiki_task:2117 - Processing file: gs://wikipedia-graph/wikipedia/raw_html_dumps/enwiki_namespace_0/enwiki_namespace_0_enwiki_namespace_0_chunk_177.json.tar.gz
2025-11-22 18:09:00.927 | INFO     | __main__:process_wiki_task:2117 - Processing file: gs://wikipedia-graph/wikipedia/raw_html_dumps/enwiki_namespace_0/enwiki_namespace_0_enwiki_namespace_0_chunk_199.json.tar.gz
2025-11-22 18:09:00.928 | INFO     | __main__:process_wiki_task:2117 - Processing file: gs://wikipedia-graph/wikipedia/raw_html_dumps/enwiki_namespace_0/enwiki_namespace_0_enwiki_namespace_0_chunk_160.json.tar.gz
2025-11-22 18:09:00.928 | INFO     | __main__:process_wiki_task:2117 - Processing file: gs://wikipedia-graph/wikipedia/raw_html_dumps/enwiki_namespace_0/enwiki_namespace_0_enwiki_namespace_0_chunk_212.json.tar.gz
2025-11-22 18:09:00.929 | INFO     | __main__:process_wiki_task:2117 - Processing file: gs://wikipedia-graph/wikipedia/raw_html_dumps/enwiki_namespace_0/enwiki_namespace_0_enwiki_namespace_0_chunk_153.json.tar.gz
2025-11-22 18:09:00.929 | INFO     | __main__:process_wiki_task:2117 - Processing file: gs://wikipedia-graph/wikipedia/raw_html_dumps/enwiki_namespace_0/enwiki_namespace_0_enwiki_namespace_0_chunk_122.json.tar.gz
2025-11-22 18:09:00.930 | INFO     | __main__:process_wiki_task:2117 - Processing file: gs://wikipedia-graph/wikipedia/raw_html_dumps/enwiki_namespace_0/enwiki_namespace_0_enwiki_namespace_0_chunk_139.json.tar.gz
2025-11-22 18:09:00.931 | INFO     | __main__:process_wiki_task:2117 - Processing file: gs://wikipedia-graph/wikipedia/raw_html_dumps/enwiki_namespace_0/enwiki_namespace_0_enwiki_namespace_0_chunk_202.json.tar.gz
2025-11-22 18:09:00.931 | INFO     | __main__:process_wiki_task:2117 - Processing file: gs://wikipedia-graph/wikipedia/raw_html_dumps/enwiki_namespace_0/enwiki_namespace_0_enwiki_namespace_0_chunk_123.json.tar.gz
2025-11-22 18:09:00.931 | INFO     | __main__:process_wiki_task:2117 - Processing file: gs://wikipedia-graph/wikipedia/raw_html_dumps/enwiki_namespace_0/enwiki_namespace_0_enwiki_namespace_0_chunk_154.json.tar.gz
2025-11-22 18:09:00.931 | INFO     | __main__:process_wiki_task:2117 - Processing file: gs://wikipedia-graph/wikipedia/raw_html_dumps/enwiki_namespace_0/enwiki_namespace_0_enwiki_namespace_0_chunk_130.json.tar.gz
2025-11-22 18:09:00.931 | INFO     | __main__:process_wiki_task:2117 - Processing file: gs://wikipedia-graph/wikipedia/raw_html_dumps/enwiki_namespace_0/enwiki_namespace_0_enwiki_namespace_0_chunk_115.json.tar.gz
2025-11-22 18:09:00.932 | INFO     | __main__:process_wiki_task:2117 - Processing file: gs://wikipedia-graph/wikipedia/raw_html_dumps/enwiki_namespace_0/enwiki_namespace_0_enwiki_namespace_0_chunk_207.json.tar.gz
2025-11-22 18:09:00.932 | INFO     | __main__:process_wiki_task:2117 - Processing file: gs://wikipedia-graph/wikipedia/raw_html_dumps/enwiki_namespace_0/enwiki_namespace_0_enwiki_namespace_0_chunk_21.json.tar.gz
2025-11-22 18:09:00.933 | INFO     | __main__:process_wiki_task:2117 - Processing file: gs://wikipedia-graph/wikipedia/raw_html_dumps/enwiki_namespace_0/enwiki_namespace_0_enwiki_namespace_0_chunk_186.json.tar.gz
2025-11-22 18:09:00.933 | INFO     | __main__:process_wiki_task:2117 - Processing file: gs://wikipedia-graph/wikipedia/raw_html_dumps/enwiki_namespace_0/enwiki_namespace_0_enwiki_namespace_0_chunk_213.json.tar.gz
2025-11-22 18:09:00.934 | INFO     | __main__:process_wiki_task:2117 - Processing file: gs://wikipedia-graph/wikipedia/raw_html_dumps/enwiki_namespace_0/enwiki_namespace_0_enwiki_namespace_0_chunk_20.json.tar.gz
2025-11-22 18:09:00.934 | INFO     | __main__:process_wiki_task:2117 - Processing file: gs://wikipedia-graph/wikipedia/raw_html_dumps/enwiki_namespace_0/enwiki_namespace_0_enwiki_namespace_0_chunk_138.json.tar.gz
2025-11-22 18:09:00.934 | INFO     | __main__:process_wiki_task:2117 - Processing file: gs://wikipedia-graph/wikipedia/raw_html_dumps/enwiki_namespace_0/enwiki_namespace_0_enwiki_namespace_0_chunk_161.json.tar.gz
2025-11-22 18:09:00.936 | INFO     | __main__:process_wiki_task:2117 - Processing file: gs://wikipedia-graph/wikipedia/raw_html_dumps/enwiki_namespace_0/enwiki_namespace_0_enwiki_namespace_0_chunk_172.json.tar.gz
2025-11-22 18:09:00.936 | INFO     | __main__:process_wiki_task:2117 - Processing file: gs://wikipedia-graph/wikipedia/raw_html_dumps/enwiki_namespace_0/enwiki_namespace_0_enwiki_namespace_0_chunk_168.json.tar.gz
2025-11-22 18:09:00.936 | INFO     | __main__:process_wiki_task:2117 - Processing file: gs://wikipedia-graph/wikipedia/raw_html_dumps/enwiki_namespace_0/enwiki_namespace_0_enwiki_namespace_0_chunk_132.json.tar.gz
2025-11-22 18:09:00.936 | INFO     | __main__:process_wiki_task:2117 - Processing file: gs://wikipedia-graph/wikipedia/raw_html_dumps/enwiki_namespace_0/enwiki_namespace_0_enwiki_namespace_0_chunk_147.json.tar.gz
2025-11-22 18:09:00.937 | INFO     | __main__:process_wiki_task:2117 - Processing file: gs://wikipedia-graph/wikipedia/raw_html_dumps/enwiki_namespace_0/enwiki_namespace_0_enwiki_namespace_0_chunk_188.json.tar.gz
2025-11-22 18:09:00.938 | INFO     | __main__:process_wiki_task:2117 - Processing file: gs://wikipedia-graph/wikipedia/raw_html_dumps/enwiki_namespace_0/enwiki_namespace_0_enwiki_namespace_0_chunk_195.json.tar.gz
2025-11-22 18:09:00.940 | INFO     | __main__:process_wiki_task:2117 - Processing file: gs://wikipedia-graph/wikipedia/raw_html_dumps/enwiki_namespace_0/enwiki_namespace_0_enwiki_namespace_0_chunk_169.json.tar.gz
2025-11-22 18:09:00.941 | INFO     | __main__:process_wiki_task:2117 - Processing file: gs://wikipedia-graph/wikipedia/raw_html_dumps/enwiki_namespace_0/enwiki_namespace_0_enwiki_namespace_0_chunk_181.json.tar.gz
2025-11-22 18:09:00.942 | INFO     | __main__:process_wiki_task:2117 - Processing file: gs://wikipedia-graph/wikipedia/raw_html_dumps/enwiki_namespace_0/enwiki_namespace_0_enwiki_namespace_0_chunk_184.json.tar.gz
2025-11-22 18:09:00.943 | INFO     | __main__:process_wiki_task:2117 - Processing file: gs://wikipedia-graph/wikipedia/raw_html_dumps/enwiki_namespace_0/enwiki_namespace_0_enwiki_namespace_0_chunk_145.json.tar.gz
2025-11-22 18:09:00.946 | INFO     | __main__:process_wiki_task:2117 - Processing file: gs://wikipedia-graph/wikipedia/raw_html_dumps/enwiki_namespace_0/enwiki_namespace_0_enwiki_namespace_0_chunk_175.json.tar.gz
2025-11-22 18:09:00.948 | INFO     | __main__:process_wiki_task:2117 - Processing file: gs://wikipedia-graph/wikipedia/raw_html_dumps/enwiki_namespace_0/enwiki_namespace_0_enwiki_namespace_0_chunk_198.json.tar.gz
2025-11-22 18:09:00.949 | INFO     | __main__:process_wiki_task:2117 - Processing file: gs://wikipedia-graph/wikipedia/raw_html_dumps/enwiki_namespace_0/enwiki_namespace_0_enwiki_namespace_0_chunk_182.json.tar.gz
2025-11-22 18:09:00.950 | INFO     | __main__:process_wiki_task:2117 - Processing file: gs://wikipedia-graph/wikipedia/raw_html_dumps/enwiki_namespace_0/enwiki_namespace_0_enwiki_namespace_0_chunk_142.json.tar.gz
2025-11-22 18:09:00.951 | INFO     | __main__:process_wiki_task:2117 - Processing file: gs://wikipedia-graph/wikipedia/raw_html_dumps/enwiki_namespace_0/enwiki_namespace_0_enwiki_namespace_0_chunk_197.json.tar.gz
2025-11-22 18:09:00.951 | INFO     | __main__:process_wiki_task:2117 - Processing file: gs://wikipedia-graph/wikipedia/raw_html_dumps/enwiki_namespace_0/enwiki_namespace_0_enwiki_namespace_0_chunk_18.json.tar.gz
2025-11-22 18:09:00.951 | INFO     | __main__:process_wiki_task:2117 - Processing file: gs://wikipedia-graph/wikipedia/raw_html_dumps/enwiki_namespace_0/enwiki_namespace_0_enwiki_namespace_0_chunk_226.json.tar.gz
2025-11-22 18:09:00.952 | INFO     | __main__:process_wiki_task:2117 - Processing file: gs://wikipedia-graph/wikipedia/raw_html_dumps/enwiki_namespace_0/enwiki_namespace_0_enwiki_namespace_0_chunk_183.json.tar.gz
2025-11-22 18:09:00.953 | INFO     | __main__:process_wiki_task:2117 - Processing file: gs://wikipedia-graph/wikipedia/raw_html_dumps/enwiki_namespace_0/enwiki_namespace_0_enwiki_namespace_0_chunk_216.json.tar.gz
2025-11-22 18:09:00.953 | INFO     | __main__:process_wiki_task:2117 - Processing file: gs://wikipedia-graph/wikipedia/raw_html_dumps/enwiki_namespace_0/enwiki_namespace_0_enwiki_namespace_0_chunk_209.json.tar.gz
2025-11-22 18:09:00.953 | INFO     | __main__:process_wiki_task:2117 - Processing file: gs://wikipedia-graph/wikipedia/raw_html_dumps/enwiki_namespace_0/enwiki_namespace_0_enwiki_namespace_0_chunk_166.json.tar.gz
2025-11-22 18:09:00.954 | INFO     | __main__:process_wiki_task:2117 - Processing file: gs://wikipedia-graph/wikipedia/raw_html_dumps/enwiki_namespace_0/enwiki_namespace_0_enwiki_namespace_0_chunk_165.json.tar.gz
2025-11-22 18:09:00.956 | INFO     | __main__:process_wiki_task:2117 - Processing file: gs://wikipedia-graph/wikipedia/raw_html_dumps/enwiki_namespace_0/enwiki_namespace_0_enwiki_namespace_0_chunk_151.json.tar.gz
2025-11-22 18:09:00.956 | INFO     | __main__:process_wiki_task:2117 - Processing file: gs://wikipedia-graph/wikipedia/raw_html_dumps/enwiki_namespace_0/enwiki_namespace_0_enwiki_namespace_0_chunk_164.json.tar.gz
2025-11-22 18:09:00.957 | INFO     | __main__:process_wiki_task:2117 - Processing file: gs://wikipedia-graph/wikipedia/raw_html_dumps/enwiki_namespace_0/enwiki_namespace_0_enwiki_namespace_0_chunk_233.json.tar.gz
2025-11-22 18:09:00.958 | INFO     | __main__:process_wiki_task:2117 - Processing file: gs://wikipedia-graph/wikipedia/raw_html_dumps/enwiki_namespace_0/enwiki_namespace_0_enwiki_namespace_0_chunk_218.json.tar.gz
2025-11-22 18:09:00.958 | INFO     | __main__:process_wiki_task:2117 - Processing file: gs://wikipedia-graph/wikipedia/raw_html_dumps/enwiki_namespace_0/enwiki_namespace_0_enwiki_namespace_0_chunk_155.json.tar.gz
2025-11-22 18:09:00.960 | INFO     | __main__:process_wiki_task:2117 - Processing file: gs://wikipedia-graph/wikipedia/raw_html_dumps/enwiki_namespace_0/enwiki_namespace_0_enwiki_namespace_0_chunk_189.json.tar.gz
2025-11-22 18:09:00.961 | INFO     | __main__:process_wiki_task:2117 - Processing file: gs://wikipedia-graph/wikipedia/raw_html_dumps/enwiki_namespace_0/enwiki_namespace_0_enwiki_namespace_0_chunk_17.json.tar.gz
2025-11-22 18:09:00.961 | INFO     | __main__:process_wiki_task:2117 - Processing file: gs://wikipedia-graph/wikipedia/raw_html_dumps/enwiki_namespace_0/enwiki_namespace_0_enwiki_namespace_0_chunk_288.json.tar.gz
2025-11-22 18:09:00.961 | INFO     | __main__:process_wiki_task:2117 - Processing file: gs://wikipedia-graph/wikipedia/raw_html_dumps/enwiki_namespace_0/enwiki_namespace_0_enwiki_namespace_0_chunk_176.json.tar.gz
2025-11-22 18:09:00.961 | INFO     | __main__:process_wiki_task:2117 - Processing file: gs://wikipedia-graph/wikipedia/raw_html_dumps/enwiki_namespace_0/enwiki_namespace_0_enwiki_namespace_0_chunk_194.json.tar.gz
2025-11-22 18:09:00.962 | INFO     | __main__:process_wiki_task:2117 - Processing file: gs://wikipedia-graph/wikipedia/raw_html_dumps/enwiki_namespace_0/enwiki_namespace_0_enwiki_namespace_0_chunk_217.json.tar.gz
2025-11-22 18:09:00.963 | INFO     | __main__:process_wiki_task:2117 - Processing file: gs://wikipedia-graph/wikipedia/raw_html_dumps/enwiki_namespace_0/enwiki_namespace_0_enwiki_namespace_0_chunk_230.json.tar.gz
2025-11-22 18:09:00.963 | INFO     | __main__:process_wiki_task:2117 - Processing file: gs://wikipedia-graph/wikipedia/raw_html_dumps/enwiki_namespace_0/enwiki_namespace_0_enwiki_namespace_0_chunk_286.json.tar.gz
2025-11-22 18:09:00.965 | INFO     | __main__:process_wiki_task:2117 - Processing file: gs://wikipedia-graph/wikipedia/raw_html_dumps/enwiki_namespace_0/enwiki_namespace_0_enwiki_namespace_0_chunk_208.json.tar.gz
2025-11-22 18:09:00.965 | INFO     | __main__:process_wiki_task:2117 - Processing file: gs://wikipedia-graph/wikipedia/raw_html_dumps/enwiki_namespace_0/enwiki_namespace_0_enwiki_namespace_0_chunk_214.json.tar.gz
2025-11-22 18:09:00.965 | INFO     | __main__:process_wiki_task:2117 - Processing file: gs://wikipedia-graph/wikipedia/raw_html_dumps/enwiki_namespace_0/enwiki_namespace_0_enwiki_namespace_0_chunk_215.json.tar.gz
2025-11-22 18:09:00.965 | INFO     | __main__:process_wiki_task:2117 - Processing file: gs://wikipedia-graph/wikipedia/raw_html_dumps/enwiki_namespace_0/enwiki_namespace_0_enwiki_namespace_0_chunk_224.json.tar.gz
2025-11-22 18:09:00.965 | INFO     | __main__:process_wiki_task:2117 - Processing file: gs://wikipedia-graph/wikipedia/raw_html_dumps/enwiki_namespace_0/enwiki_namespace_0_enwiki_namespace_0_chunk_135.json.tar.gz
2025-11-22 18:09:00.966 | INFO     | __main__:process_wiki_task:2117 - Processing file: gs://wikipedia-graph/wikipedia/raw_html_dumps/enwiki_namespace_0/enwiki_namespace_0_enwiki_namespace_0_chunk_196.json.tar.gz
2025-11-22 18:09:00.967 | INFO     | __main__:process_wiki_task:2117 - Processing file: gs://wikipedia-graph/wikipedia/raw_html_dumps/enwiki_namespace_0/enwiki_namespace_0_enwiki_namespace_0_chunk_231.json.tar.gz
2025-11-22 18:09:00.967 | INFO     | __main__:process_wiki_task:2117 - Processing file: gs://wikipedia-graph/wikipedia/raw_html_dumps/enwiki_namespace_0/enwiki_namespace_0_enwiki_namespace_0_chunk_234.json.tar.gz
2025-11-22 18:09:00.967 | INFO     | __main__:process_wiki_task:2117 - Processing file: gs://wikipedia-graph/wikipedia/raw_html_dumps/enwiki_namespace_0/enwiki_namespace_0_enwiki_namespace_0_chunk_187.json.tar.gz
2025-11-22 18:09:00.968 | INFO     | __main__:process_wiki_task:2117 - Processing file: gs://wikipedia-graph/wikipedia/raw_html_dumps/enwiki_namespace_0/enwiki_namespace_0_enwiki_namespace_0_chunk_200.json.tar.gz
2025-11-22 18:09:00.969 | INFO     | __main__:process_wiki_task:2117 - Processing file: gs://wikipedia-graph/wikipedia/raw_html_dumps/enwiki_namespace_0/enwiki_namespace_0_enwiki_namespace_0_chunk_232.json.tar.gz
2025-11-22 18:09:00.970 | INFO     | __main__:process_wiki_task:2117 - Processing file: gs://wikipedia-graph/wikipedia/raw_html_dumps/enwiki_namespace_0/enwiki_namespace_0_enwiki_namespace_0_chunk_211.json.tar.gz
2025-11-22 18:09:00.970 | INFO     | __main__:process_wiki_task:2117 - Processing file: gs://wikipedia-graph/wikipedia/raw_html_dumps/enwiki_namespace_0/enwiki_namespace_0_enwiki_namespace_0_chunk_261.json.tar.gz
2025-11-22 18:09:00.971 | INFO     | __main__:process_wiki_task:2117 - Processing file: gs://wikipedia-graph/wikipedia/raw_html_dumps/enwiki_namespace_0/enwiki_namespace_0_enwiki_namespace_0_chunk_136.json.tar.gz
2025-11-22 18:09:00.971 | INFO     | __main__:process_wiki_task:2117 - Processing file: gs://wikipedia-graph/wikipedia/raw_html_dumps/enwiki_namespace_0/enwiki_namespace_0_enwiki_namespace_0_chunk_22.json.tar.gz
2025-11-22 18:09:00.972 | INFO     | __main__:process_wiki_task:2117 - Processing file: gs://wikipedia-graph/wikipedia/raw_html_dumps/enwiki_namespace_0/enwiki_namespace_0_enwiki_namespace_0_chunk_220.json.tar.gz
2025-11-22 18:09:00.973 | INFO     | __main__:process_wiki_task:2117 - Processing file: gs://wikipedia-graph/wikipedia/raw_html_dumps/enwiki_namespace_0/enwiki_namespace_0_enwiki_namespace_0_chunk_23.json.tar.gz
2025-11-22 18:09:00.973 | INFO     | __main__:process_wiki_task:2117 - Processing file: gs://wikipedia-graph/wikipedia/raw_html_dumps/enwiki_namespace_0/enwiki_namespace_0_enwiki_namespace_0_chunk_190.json.tar.gz
2025-11-22 18:09:00.974 | INFO     | __main__:process_wiki_task:2117 - Processing file: gs://wikipedia-graph/wikipedia/raw_html_dumps/enwiki_namespace_0/enwiki_namespace_0_enwiki_namespace_0_chunk_225.json.tar.gz
2025-11-22 18:09:00.974 | INFO     | __main__:process_wiki_task:2117 - Processing file: gs://wikipedia-graph/wikipedia/raw_html_dumps/enwiki_namespace_0/enwiki_namespace_0_enwiki_namespace_0_chunk_201.json.tar.gz
2025-11-22 18:09:00.974 | INFO     | __main__:process_wiki_task:2117 - Processing file: gs://wikipedia-graph/wikipedia/raw_html_dumps/enwiki_namespace_0/enwiki_namespace_0_enwiki_namespace_0_chunk_252.json.tar.gz
2025-11-22 18:09:00.975 | INFO     | __main__:process_wiki_task:2117 - Processing file: gs://wikipedia-graph/wikipedia/raw_html_dumps/enwiki_namespace_0/enwiki_namespace_0_enwiki_namespace_0_chunk_275.json.tar.gz
2025-11-22 18:09:00.976 | INFO     | __main__:process_wiki_task:2117 - Processing file: gs://wikipedia-graph/wikipedia/raw_html_dumps/enwiki_namespace_0/enwiki_namespace_0_enwiki_namespace_0_chunk_206.json.tar.gz
2025-11-22 18:09:00.978 | INFO     | __main__:process_wiki_task:2117 - Processing file: gs://wikipedia-graph/wikipedia/raw_html_dumps/enwiki_namespace_0/enwiki_namespace_0_enwiki_namespace_0_chunk_266.json.tar.gz
2025-11-22 18:09:00.978 | INFO     | __main__:process_wiki_task:2117 - Processing file: gs://wikipedia-graph/wikipedia/raw_html_dumps/enwiki_namespace_0/enwiki_namespace_0_enwiki_namespace_0_chunk_205.json.tar.gz
2025-11-22 18:09:00.979 | INFO     | __main__:process_wiki_task:2117 - Processing file: gs://wikipedia-graph/wikipedia/raw_html_dumps/enwiki_namespace_0/enwiki_namespace_0_enwiki_namespace_0_chunk_210.json.tar.gz
2025-11-22 18:09:00.979 | INFO     | __main__:process_wiki_task:2117 - Processing file: gs://wikipedia-graph/wikipedia/raw_html_dumps/enwiki_namespace_0/enwiki_namespace_0_enwiki_namespace_0_chunk_16.json.tar.gz
2025-11-22 18:09:00.979 | INFO     | __main__:process_wiki_task:2117 - Processing file: gs://wikipedia-graph/wikipedia/raw_html_dumps/enwiki_namespace_0/enwiki_namespace_0_enwiki_namespace_0_chunk_247.json.tar.gz
2025-11-22 18:09:00.979 | INFO     | __main__:process_wiki_task:2117 - Processing file: gs://wikipedia-graph/wikipedia/raw_html_dumps/enwiki_namespace_0/enwiki_namespace_0_enwiki_namespace_0_chunk_219.json.tar.gz
2025-11-22 18:09:00.979 | INFO     | __main__:process_wiki_task:2117 - Processing file: gs://wikipedia-graph/wikipedia/raw_html_dumps/enwiki_namespace_0/enwiki_namespace_0_enwiki_namespace_0_chunk_237.json.tar.gz
2025-11-22 18:09:00.980 | INFO     | __main__:process_wiki_task:2117 - Processing file: gs://wikipedia-graph/wikipedia/raw_html_dumps/enwiki_namespace_0/enwiki_namespace_0_enwiki_namespace_0_chunk_249.json.tar.gz
2025-11-22 18:09:00.981 | INFO     | __main__:process_wiki_task:2117 - Processing file: gs://wikipedia-graph/wikipedia/raw_html_dumps/enwiki_namespace_0/enwiki_namespace_0_enwiki_namespace_0_chunk_255.json.tar.gz
2025-11-22 18:09:00.983 | INFO     | __main__:process_wiki_task:2117 - Processing file: gs://wikipedia-graph/wikipedia/raw_html_dumps/enwiki_namespace_0/enwiki_namespace_0_enwiki_namespace_0_chunk_341.json.tar.gz
2025-11-22 18:09:00.983 | INFO     | __main__:process_wiki_task:2117 - Processing file: gs://wikipedia-graph/wikipedia/raw_html_dumps/enwiki_namespace_0/enwiki_namespace_0_enwiki_namespace_0_chunk_269.json.tar.gz
2025-11-22 18:09:00.983 | INFO     | __main__:process_wiki_task:2117 - Processing file: gs://wikipedia-graph/wikipedia/raw_html_dumps/enwiki_namespace_0/enwiki_namespace_0_enwiki_namespace_0_chunk_204.json.tar.gz
2025-11-22 18:09:00.984 | INFO     | __main__:process_wiki_task:2117 - Processing file: gs://wikipedia-graph/wikipedia/raw_html_dumps/enwiki_namespace_0/enwiki_namespace_0_enwiki_namespace_0_chunk_276.json.tar.gz
2025-11-22 18:09:00.985 | INFO     | __main__:process_wiki_task:2117 - Processing file: gs://wikipedia-graph/wikipedia/raw_html_dumps/enwiki_namespace_0/enwiki_namespace_0_enwiki_namespace_0_chunk_163.json.tar.gz
2025-11-22 18:09:00.986 | INFO     | __main__:process_wiki_task:2117 - Processing file: gs://wikipedia-graph/wikipedia/raw_html_dumps/enwiki_namespace_0/enwiki_namespace_0_enwiki_namespace_0_chunk_245.json.tar.gz
2025-11-22 18:09:00.987 | INFO     | __main__:process_wiki_task:2117 - Processing file: gs://wikipedia-graph/wikipedia/raw_html_dumps/enwiki_namespace_0/enwiki_namespace_0_enwiki_namespace_0_chunk_223.json.tar.gz
2025-11-22 18:09:00.991 | INFO     | __main__:process_wiki_task:2117 - Processing file: gs://wikipedia-graph/wikipedia/raw_html_dumps/enwiki_namespace_0/enwiki_namespace_0_enwiki_namespace_0_chunk_185.json.tar.gz
2025-11-22 18:09:00.991 | INFO     | __main__:process_wiki_task:2117 - Processing file: gs://wikipedia-graph/wikipedia/raw_html_dumps/enwiki_namespace_0/enwiki_namespace_0_enwiki_namespace_0_chunk_2.json.tar.gz
2025-11-22 18:09:00.991 | INFO     | __main__:process_wiki_task:2117 - Processing file: gs://wikipedia-graph/wikipedia/raw_html_dumps/enwiki_namespace_0/enwiki_namespace_0_enwiki_namespace_0_chunk_19.json.tar.gz
2025-11-22 18:09:00.991 | INFO     | __main__:process_wiki_task:2117 - Processing file: gs://wikipedia-graph/wikipedia/raw_html_dumps/enwiki_namespace_0/enwiki_namespace_0_enwiki_namespace_0_chunk_248.json.tar.gz
2025-11-22 18:09:00.993 | INFO     | __main__:process_wiki_task:2117 - Processing file: gs://wikipedia-graph/wikipedia/raw_html_dumps/enwiki_namespace_0/enwiki_namespace_0_enwiki_namespace_0_chunk_239.json.tar.gz
2025-11-22 18:09:00.993 | INFO     | __main__:process_wiki_task:2117 - Processing file: gs://wikipedia-graph/wikipedia/raw_html_dumps/enwiki_namespace_0/enwiki_namespace_0_enwiki_namespace_0_chunk_253.json.tar.gz
2025-11-22 18:09:00.994 | INFO     | __main__:process_wiki_task:2117 - Processing file: gs://wikipedia-graph/wikipedia/raw_html_dumps/enwiki_namespace_0/enwiki_namespace_0_enwiki_namespace_0_chunk_257.json.tar.gz
2025-11-22 18:09:00.994 | INFO     | __main__:process_wiki_task:2117 - Processing file: gs://wikipedia-graph/wikipedia/raw_html_dumps/enwiki_namespace_0/enwiki_namespace_0_enwiki_namespace_0_chunk_267.json.tar.gz
2025-11-22 18:09:00.994 | INFO     | __main__:process_wiki_task:2117 - Processing file: gs://wikipedia-graph/wikipedia/raw_html_dumps/enwiki_namespace_0/enwiki_namespace_0_enwiki_namespace_0_chunk_221.json.tar.gz
2025-11-22 18:09:00.995 | INFO     | __main__:process_wiki_task:2117 - Processing file: gs://wikipedia-graph/wikipedia/raw_html_dumps/enwiki_namespace_0/enwiki_namespace_0_enwiki_namespace_0_chunk_281.json.tar.gz
2025-11-22 18:09:00.996 | INFO     | __main__:process_wiki_task:2117 - Processing file: gs://wikipedia-graph/wikipedia/raw_html_dumps/enwiki_namespace_0/enwiki_namespace_0_enwiki_namespace_0_chunk_243.json.tar.gz
2025-11-22 18:09:00.998 | INFO     | __main__:process_wiki_task:2117 - Processing file: gs://wikipedia-graph/wikipedia/raw_html_dumps/enwiki_namespace_0/enwiki_namespace_0_enwiki_namespace_0_chunk_278.json.tar.gz
2025-11-22 18:09:00.998 | INFO     | __main__:process_wiki_task:2117 - Processing file: gs://wikipedia-graph/wikipedia/raw_html_dumps/enwiki_namespace_0/enwiki_namespace_0_enwiki_namespace_0_chunk_287.json.tar.gz
2025-11-22 18:09:01.000 | INFO     | __main__:process_wiki_task:2117 - Processing file: gs://wikipedia-graph/wikipedia/raw_html_dumps/enwiki_namespace_0/enwiki_namespace_0_enwiki_namespace_0_chunk_25.json.tar.gz
2025-11-22 18:09:01.000 | INFO     | __main__:process_wiki_task:2117 - Processing file: gs://wikipedia-graph/wikipedia/raw_html_dumps/enwiki_namespace_0/enwiki_namespace_0_enwiki_namespace_0_chunk_268.json.tar.gz
2025-11-22 18:09:01.000 | INFO     | __main__:process_wiki_task:2117 - Processing file: gs://wikipedia-graph/wikipedia/raw_html_dumps/enwiki_namespace_0/enwiki_namespace_0_enwiki_namespace_0_chunk_227.json.tar.gz
2025-11-22 18:09:01.001 | INFO     | __main__:process_wiki_task:2117 - Processing file: gs://wikipedia-graph/wikipedia/raw_html_dumps/enwiki_namespace_0/enwiki_namespace_0_enwiki_namespace_0_chunk_272.json.tar.gz
2025-11-22 18:09:01.001 | INFO     | __main__:process_wiki_task:2117 - Processing file: gs://wikipedia-graph/wikipedia/raw_html_dumps/enwiki_namespace_0/enwiki_namespace_0_enwiki_namespace_0_chunk_222.json.tar.gz
2025-11-22 18:09:01.002 | INFO     | __main__:process_wiki_task:2117 - Processing file: gs://wikipedia-graph/wikipedia/raw_html_dumps/enwiki_namespace_0/enwiki_namespace_0_enwiki_namespace_0_chunk_24.json.tar.gz
2025-11-22 18:09:01.003 | INFO     | __main__:process_wiki_task:2117 - Processing file: gs://wikipedia-graph/wikipedia/raw_html_dumps/enwiki_namespace_0/enwiki_namespace_0_enwiki_namespace_0_chunk_251.json.tar.gz
2025-11-22 18:09:01.003 | INFO     | __main__:process_wiki_task:2117 - Processing file: gs://wikipedia-graph/wikipedia/raw_html_dumps/enwiki_namespace_0/enwiki_namespace_0_enwiki_namespace_0_chunk_238.json.tar.gz
2025-11-22 18:09:01.004 | INFO     | __main__:process_wiki_task:2117 - Processing file: gs://wikipedia-graph/wikipedia/raw_html_dumps/enwiki_namespace_0/enwiki_namespace_0_enwiki_namespace_0_chunk_229.json.tar.gz
2025-11-22 18:09:01.004 | INFO     | __main__:process_wiki_task:2117 - Processing file: gs://wikipedia-graph/wikipedia/raw_html_dumps/enwiki_namespace_0/enwiki_namespace_0_enwiki_namespace_0_chunk_244.json.tar.gz
2025-11-22 18:09:01.004 | INFO     | __main__:process_wiki_task:2117 - Processing file: gs://wikipedia-graph/wikipedia/raw_html_dumps/enwiki_namespace_0/enwiki_namespace_0_enwiki_namespace_0_chunk_242.json.tar.gz
2025-11-22 18:09:01.004 | INFO     | __main__:process_wiki_task:2117 - Processing file: gs://wikipedia-graph/wikipedia/raw_html_dumps/enwiki_namespace_0/enwiki_namespace_0_enwiki_namespace_0_chunk_117.json.tar.gz
2025-11-22 18:09:01.005 | INFO     | __main__:process_wiki_task:2117 - Processing file: gs://wikipedia-graph/wikipedia/raw_html_dumps/enwiki_namespace_0/enwiki_namespace_0_enwiki_namespace_0_chunk_241.json.tar.gz
2025-11-22 18:09:01.005 | INFO     | __main__:process_wiki_task:2117 - Processing file: gs://wikipedia-graph/wikipedia/raw_html_dumps/enwiki_namespace_0/enwiki_namespace_0_enwiki_namespace_0_chunk_284.json.tar.gz
2025-11-22 18:09:01.006 | INFO     | __main__:process_wiki_task:2117 - Processing file: gs://wikipedia-graph/wikipedia/raw_html_dumps/enwiki_namespace_0/enwiki_namespace_0_enwiki_namespace_0_chunk_26.json.tar.gz
2025-11-22 18:09:01.006 | INFO     | __main__:process_wiki_task:2117 - Processing file: gs://wikipedia-graph/wikipedia/raw_html_dumps/enwiki_namespace_0/enwiki_namespace_0_enwiki_namespace_0_chunk_256.json.tar.gz
2025-11-22 18:09:01.007 | INFO     | __main__:process_wiki_task:2117 - Processing file: gs://wikipedia-graph/wikipedia/raw_html_dumps/enwiki_namespace_0/enwiki_namespace_0_enwiki_namespace_0_chunk_303.json.tar.gz
2025-11-22 18:09:01.008 | INFO     | __main__:process_wiki_task:2117 - Processing file: gs://wikipedia-graph/wikipedia/raw_html_dumps/enwiki_namespace_0/enwiki_namespace_0_enwiki_namespace_0_chunk_265.json.tar.gz
2025-11-22 18:09:01.008 | INFO     | __main__:process_wiki_task:2117 - Processing file: gs://wikipedia-graph/wikipedia/raw_html_dumps/enwiki_namespace_0/enwiki_namespace_0_enwiki_namespace_0_chunk_293.json.tar.gz
2025-11-22 18:09:01.008 | INFO     | __main__:process_wiki_task:2117 - Processing file: gs://wikipedia-graph/wikipedia/raw_html_dumps/enwiki_namespace_0/enwiki_namespace_0_enwiki_namespace_0_chunk_308.json.tar.gz
2025-11-22 18:09:01.009 | INFO     | __main__:process_wiki_task:2117 - Processing file: gs://wikipedia-graph/wikipedia/raw_html_dumps/enwiki_namespace_0/enwiki_namespace_0_enwiki_namespace_0_chunk_260.json.tar.gz
2025-11-22 18:09:01.010 | INFO     | __main__:process_wiki_task:2117 - Processing file: gs://wikipedia-graph/wikipedia/raw_html_dumps/enwiki_namespace_0/enwiki_namespace_0_enwiki_namespace_0_chunk_246.json.tar.gz
2025-11-22 18:09:01.011 | INFO     | __main__:process_wiki_task:2117 - Processing file: gs://wikipedia-graph/wikipedia/raw_html_dumps/enwiki_namespace_0/enwiki_namespace_0_enwiki_namespace_0_chunk_378.json.tar.gz
2025-11-22 18:09:01.011 | INFO     | __main__:process_wiki_task:2117 - Processing file: gs://wikipedia-graph/wikipedia/raw_html_dumps/enwiki_namespace_0/enwiki_namespace_0_enwiki_namespace_0_chunk_27.json.tar.gz
2025-11-22 18:09:01.012 | INFO     | __main__:process_wiki_task:2117 - Processing file: gs://wikipedia-graph/wikipedia/raw_html_dumps/enwiki_namespace_0/enwiki_namespace_0_enwiki_namespace_0_chunk_363.json.tar.gz
2025-11-22 18:09:01.013 | INFO     | __main__:process_wiki_task:2117 - Processing file: gs://wikipedia-graph/wikipedia/raw_html_dumps/enwiki_namespace_0/enwiki_namespace_0_enwiki_namespace_0_chunk_264.json.tar.gz
2025-11-22 18:09:01.013 | INFO     | __main__:process_wiki_task:2117 - Processing file: gs://wikipedia-graph/wikipedia/raw_html_dumps/enwiki_namespace_0/enwiki_namespace_0_enwiki_namespace_0_chunk_289.json.tar.gz
2025-11-22 18:09:01.014 | INFO     | __main__:process_wiki_task:2117 - Processing file: gs://wikipedia-graph/wikipedia/raw_html_dumps/enwiki_namespace_0/enwiki_namespace_0_enwiki_namespace_0_chunk_240.json.tar.gz
2025-11-22 18:09:01.014 | INFO     | __main__:process_wiki_task:2117 - Processing file: gs://wikipedia-graph/wikipedia/raw_html_dumps/enwiki_namespace_0/enwiki_namespace_0_enwiki_namespace_0_chunk_258.json.tar.gz
2025-11-22 18:09:01.014 | INFO     | __main__:process_wiki_task:2117 - Processing file: gs://wikipedia-graph/wikipedia/raw_html_dumps/enwiki_namespace_0/enwiki_namespace_0_enwiki_namespace_0_chunk_228.json.tar.gz
2025-11-22 18:09:01.015 | INFO     | __main__:process_wiki_task:2117 - Processing file: gs://wikipedia-graph/wikipedia/raw_html_dumps/enwiki_namespace_0/enwiki_namespace_0_enwiki_namespace_0_chunk_29.json.tar.gz
2025-11-22 18:09:01.015 | INFO     | __main__:process_wiki_task:2117 - Processing file: gs://wikipedia-graph/wikipedia/raw_html_dumps/enwiki_namespace_0/enwiki_namespace_0_enwiki_namespace_0_chunk_291.json.tar.gz
2025-11-22 18:09:01.015 | INFO     | __main__:process_wiki_task:2117 - Processing file: gs://wikipedia-graph/wikipedia/raw_html_dumps/enwiki_namespace_0/enwiki_namespace_0_enwiki_namespace_0_chunk_235.json.tar.gz
2025-11-22 18:09:01.016 | INFO     | __main__:process_wiki_task:2117 - Processing file: gs://wikipedia-graph/wikipedia/raw_html_dumps/enwiki_namespace_0/enwiki_namespace_0_enwiki_namespace_0_chunk_274.json.tar.gz
2025-11-22 18:09:01.016 | INFO     | __main__:process_wiki_task:2117 - Processing file: gs://wikipedia-graph/wikipedia/raw_html_dumps/enwiki_namespace_0/enwiki_namespace_0_enwiki_namespace_0_chunk_262.json.tar.gz
2025-11-22 18:09:01.016 | INFO     | __main__:process_wiki_task:2117 - Processing file: gs://wikipedia-graph/wikipedia/raw_html_dumps/enwiki_namespace_0/enwiki_namespace_0_enwiki_namespace_0_chunk_328.json.tar.gz
2025-11-22 18:09:01.016 | INFO     | __main__:process_wiki_task:2117 - Processing file: gs://wikipedia-graph/wikipedia/raw_html_dumps/enwiki_namespace_0/enwiki_namespace_0_enwiki_namespace_0_chunk_292.json.tar.gz
2025-11-22 18:09:01.016 | INFO     | __main__:process_wiki_task:2117 - Processing file: gs://wikipedia-graph/wikipedia/raw_html_dumps/enwiki_namespace_0/enwiki_namespace_0_enwiki_namespace_0_chunk_277.json.tar.gz
2025-11-22 18:09:01.016 | INFO     | __main__:process_wiki_task:2117 - Processing file: gs://wikipedia-graph/wikipedia/raw_html_dumps/enwiki_namespace_0/enwiki_namespace_0_enwiki_namespace_0_chunk_263.json.tar.gz
2025-11-22 18:09:01.017 | INFO     | __main__:process_wiki_task:2117 - Processing file: gs://wikipedia-graph/wikipedia/raw_html_dumps/enwiki_namespace_0/enwiki_namespace_0_enwiki_namespace_0_chunk_299.json.tar.gz
2025-11-22 18:09:01.017 | INFO     | __main__:process_wiki_task:2117 - Processing file: gs://wikipedia-graph/wikipedia/raw_html_dumps/enwiki_namespace_0/enwiki_namespace_0_enwiki_namespace_0_chunk_283.json.tar.gz
2025-11-22 18:09:01.018 | INFO     | __main__:process_wiki_task:2117 - Processing file: gs://wikipedia-graph/wikipedia/raw_html_dumps/enwiki_namespace_0/enwiki_namespace_0_enwiki_namespace_0_chunk_318.json.tar.gz
2025-11-22 18:09:01.019 | INFO     | __main__:process_wiki_task:2117 - Processing file: gs://wikipedia-graph/wikipedia/raw_html_dumps/enwiki_namespace_0/enwiki_namespace_0_enwiki_namespace_0_chunk_270.json.tar.gz
2025-11-22 18:09:01.019 | INFO     | __main__:process_wiki_task:2117 - Processing file: gs://wikipedia-graph/wikipedia/raw_html_dumps/enwiki_namespace_0/enwiki_namespace_0_enwiki_namespace_0_chunk_296.json.tar.gz
2025-11-22 18:09:01.020 | INFO     | __main__:process_wiki_task:2117 - Processing file: gs://wikipedia-graph/wikipedia/raw_html_dumps/enwiki_namespace_0/enwiki_namespace_0_enwiki_namespace_0_chunk_236.json.tar.gz
2025-11-22 18:09:01.020 | INFO     | __main__:process_wiki_task:2117 - Processing file: gs://wikipedia-graph/wikipedia/raw_html_dumps/enwiki_namespace_0/enwiki_namespace_0_enwiki_namespace_0_chunk_300.json.tar.gz
2025-11-22 18:09:01.021 | INFO     | __main__:process_wiki_task:2117 - Processing file: gs://wikipedia-graph/wikipedia/raw_html_dumps/enwiki_namespace_0/enwiki_namespace_0_enwiki_namespace_0_chunk_322.json.tar.gz
2025-11-22 18:09:01.021 | INFO     | __main__:process_wiki_task:2117 - Processing file: gs://wikipedia-graph/wikipedia/raw_html_dumps/enwiki_namespace_0/enwiki_namespace_0_enwiki_namespace_0_chunk_297.json.tar.gz
2025-11-22 18:09:01.022 | INFO     | __main__:process_wiki_task:2117 - Processing file: gs://wikipedia-graph/wikipedia/raw_html_dumps/enwiki_namespace_0/enwiki_namespace_0_enwiki_namespace_0_chunk_280.json.tar.gz
2025-11-22 18:09:01.023 | INFO     | __main__:process_wiki_task:2117 - Processing file: gs://wikipedia-graph/wikipedia/raw_html_dumps/enwiki_namespace_0/enwiki_namespace_0_enwiki_namespace_0_chunk_254.json.tar.gz
2025-11-22 18:09:01.023 | INFO     | __main__:process_wiki_task:2117 - Processing file: gs://wikipedia-graph/wikipedia/raw_html_dumps/enwiki_namespace_0/enwiki_namespace_0_enwiki_namespace_0_chunk_36.json.tar.gz
2025-11-22 18:09:01.025 | INFO     | __main__:process_wiki_task:2117 - Processing file: gs://wikipedia-graph/wikipedia/raw_html_dumps/enwiki_namespace_0/enwiki_namespace_0_enwiki_namespace_0_chunk_369.json.tar.gz
2025-11-22 18:09:01.026 | INFO     | __main__:process_wiki_task:2117 - Processing file: gs://wikipedia-graph/wikipedia/raw_html_dumps/enwiki_namespace_0/enwiki_namespace_0_enwiki_namespace_0_chunk_279.json.tar.gz
2025-11-22 18:09:01.026 | INFO     | __main__:process_wiki_task:2117 - Processing file: gs://wikipedia-graph/wikipedia/raw_html_dumps/enwiki_namespace_0/enwiki_namespace_0_enwiki_namespace_0_chunk_350.json.tar.gz
2025-11-22 18:09:01.028 | INFO     | __main__:process_wiki_task:2117 - Processing file: gs://wikipedia-graph/wikipedia/raw_html_dumps/enwiki_namespace_0/enwiki_namespace_0_enwiki_namespace_0_chunk_30.json.tar.gz
2025-11-22 18:09:01.028 | INFO     | __main__:process_wiki_task:2117 - Processing file: gs://wikipedia-graph/wikipedia/raw_html_dumps/enwiki_namespace_0/enwiki_namespace_0_enwiki_namespace_0_chunk_326.json.tar.gz
2025-11-22 18:09:01.029 | INFO     | __main__:process_wiki_task:2117 - Processing file: gs://wikipedia-graph/wikipedia/raw_html_dumps/enwiki_namespace_0/enwiki_namespace_0_enwiki_namespace_0_chunk_259.json.tar.gz
2025-11-22 18:09:01.029 | INFO     | __main__:process_wiki_task:2117 - Processing file: gs://wikipedia-graph/wikipedia/raw_html_dumps/enwiki_namespace_0/enwiki_namespace_0_enwiki_namespace_0_chunk_192.json.tar.gz
2025-11-22 18:09:01.030 | INFO     | __main__:process_wiki_task:2117 - Processing file: gs://wikipedia-graph/wikipedia/raw_html_dumps/enwiki_namespace_0/enwiki_namespace_0_enwiki_namespace_0_chunk_338.json.tar.gz
2025-11-22 18:09:01.031 | INFO     | __main__:process_wiki_task:2117 - Processing file: gs://wikipedia-graph/wikipedia/raw_html_dumps/enwiki_namespace_0/enwiki_namespace_0_enwiki_namespace_0_chunk_282.json.tar.gz
2025-11-22 18:09:01.031 | INFO     | __main__:process_wiki_task:2117 - Processing file: gs://wikipedia-graph/wikipedia/raw_html_dumps/enwiki_namespace_0/enwiki_namespace_0_enwiki_namespace_0_chunk_360.json.tar.gz
2025-11-22 18:09:01.032 | INFO     | __main__:process_wiki_task:2117 - Processing file: gs://wikipedia-graph/wikipedia/raw_html_dumps/enwiki_namespace_0/enwiki_namespace_0_enwiki_namespace_0_chunk_327.json.tar.gz
2025-11-22 18:09:01.032 | INFO     | __main__:process_wiki_task:2117 - Processing file: gs://wikipedia-graph/wikipedia/raw_html_dumps/enwiki_namespace_0/enwiki_namespace_0_enwiki_namespace_0_chunk_314.json.tar.gz
2025-11-22 18:09:01.034 | INFO     | __main__:process_wiki_task:2117 - Processing file: gs://wikipedia-graph/wikipedia/raw_html_dumps/enwiki_namespace_0/enwiki_namespace_0_enwiki_namespace_0_chunk_366.json.tar.gz
2025-11-22 18:09:01.034 | INFO     | __main__:process_wiki_task:2117 - Processing file: gs://wikipedia-graph/wikipedia/raw_html_dumps/enwiki_namespace_0/enwiki_namespace_0_enwiki_namespace_0_chunk_331.json.tar.gz
2025-11-22 18:09:01.035 | INFO     | __main__:process_wiki_task:2117 - Processing file: gs://wikipedia-graph/wikipedia/raw_html_dumps/enwiki_namespace_0/enwiki_namespace_0_enwiki_namespace_0_chunk_362.json.tar.gz
2025-11-22 18:09:01.035 | INFO     | __main__:process_wiki_task:2117 - Processing file: gs://wikipedia-graph/wikipedia/raw_html_dumps/enwiki_namespace_0/enwiki_namespace_0_enwiki_namespace_0_chunk_358.json.tar.gz
2025-11-22 18:09:01.035 | INFO     | __main__:process_wiki_task:2117 - Processing file: gs://wikipedia-graph/wikipedia/raw_html_dumps/enwiki_namespace_0/enwiki_namespace_0_enwiki_namespace_0_chunk_273.json.tar.gz
2025-11-22 18:09:01.035 | INFO     | __main__:process_wiki_task:2117 - Processing file: gs://wikipedia-graph/wikipedia/raw_html_dumps/enwiki_namespace_0/enwiki_namespace_0_enwiki_namespace_0_chunk_31.json.tar.gz
2025-11-22 18:09:01.036 | INFO     | __main__:process_wiki_task:2117 - Processing file: gs://wikipedia-graph/wikipedia/raw_html_dumps/enwiki_namespace_0/enwiki_namespace_0_enwiki_namespace_0_chunk_33.json.tar.gz
2025-11-22 18:09:01.036 | INFO     | __main__:process_wiki_task:2117 - Processing file: gs://wikipedia-graph/wikipedia/raw_html_dumps/enwiki_namespace_0/enwiki_namespace_0_enwiki_namespace_0_chunk_340.json.tar.gz
2025-11-22 18:09:01.037 | INFO     | __main__:process_wiki_task:2117 - Processing file: gs://wikipedia-graph/wikipedia/raw_html_dumps/enwiki_namespace_0/enwiki_namespace_0_enwiki_namespace_0_chunk_28.json.tar.gz
2025-11-22 18:09:01.039 | INFO     | __main__:process_wiki_task:2117 - Processing file: gs://wikipedia-graph/wikipedia/raw_html_dumps/enwiki_namespace_0/enwiki_namespace_0_enwiki_namespace_0_chunk_330.json.tar.gz
2025-11-22 18:09:01.039 | INFO     | __main__:process_wiki_task:2117 - Processing file: gs://wikipedia-graph/wikipedia/raw_html_dumps/enwiki_namespace_0/enwiki_namespace_0_enwiki_namespace_0_chunk_354.json.tar.gz
2025-11-22 18:09:01.039 | INFO     | __main__:process_wiki_task:2117 - Processing file: gs://wikipedia-graph/wikipedia/raw_html_dumps/enwiki_namespace_0/enwiki_namespace_0_enwiki_namespace_0_chunk_335.json.tar.gz
2025-11-22 18:09:01.039 | INFO     | __main__:process_wiki_task:2117 - Processing file: gs://wikipedia-graph/wikipedia/raw_html_dumps/enwiki_namespace_0/enwiki_namespace_0_enwiki_namespace_0_chunk_347.json.tar.gz
2025-11-22 18:09:01.039 | INFO     | __main__:process_wiki_task:2117 - Processing file: gs://wikipedia-graph/wikipedia/raw_html_dumps/enwiki_namespace_0/enwiki_namespace_0_enwiki_namespace_0_chunk_307.json.tar.gz
2025-11-22 18:09:01.040 | INFO     | __main__:process_wiki_task:2117 - Processing file: gs://wikipedia-graph/wikipedia/raw_html_dumps/enwiki_namespace_0/enwiki_namespace_0_enwiki_namespace_0_chunk_316.json.tar.gz
2025-11-22 18:09:01.040 | INFO     | __main__:process_wiki_task:2117 - Processing file: gs://wikipedia-graph/wikipedia/raw_html_dumps/enwiki_namespace_0/enwiki_namespace_0_enwiki_namespace_0_chunk_313.json.tar.gz
2025-11-22 18:09:01.040 | INFO     | __main__:process_wiki_task:2117 - Processing file: gs://wikipedia-graph/wikipedia/raw_html_dumps/enwiki_namespace_0/enwiki_namespace_0_enwiki_namespace_0_chunk_32.json.tar.gz
2025-11-22 18:09:01.041 | INFO     | __main__:process_wiki_task:2117 - Processing file: gs://wikipedia-graph/wikipedia/raw_html_dumps/enwiki_namespace_0/enwiki_namespace_0_enwiki_namespace_0_chunk_337.json.tar.gz
2025-11-22 18:09:01.041 | INFO     | __main__:process_wiki_task:2117 - Processing file: gs://wikipedia-graph/wikipedia/raw_html_dumps/enwiki_namespace_0/enwiki_namespace_0_enwiki_namespace_0_chunk_321.json.tar.gz
2025-11-22 18:09:01.041 | INFO     | __main__:process_wiki_task:2117 - Processing file: gs://wikipedia-graph/wikipedia/raw_html_dumps/enwiki_namespace_0/enwiki_namespace_0_enwiki_namespace_0_chunk_311.json.tar.gz
2025-11-22 18:09:01.042 | INFO     | __main__:process_wiki_task:2117 - Processing file: gs://wikipedia-graph/wikipedia/raw_html_dumps/enwiki_namespace_0/enwiki_namespace_0_enwiki_namespace_0_chunk_285.json.tar.gz
2025-11-22 18:09:01.042 | INFO     | __main__:process_wiki_task:2117 - Processing file: gs://wikipedia-graph/wikipedia/raw_html_dumps/enwiki_namespace_0/enwiki_namespace_0_enwiki_namespace_0_chunk_329.json.tar.gz
2025-11-22 18:09:01.042 | INFO     | __main__:process_wiki_task:2117 - Processing file: gs://wikipedia-graph/wikipedia/raw_html_dumps/enwiki_namespace_0/enwiki_namespace_0_enwiki_namespace_0_chunk_336.json.tar.gz
2025-11-22 18:09:01.042 | INFO     | __main__:process_wiki_task:2117 - Processing file: gs://wikipedia-graph/wikipedia/raw_html_dumps/enwiki_namespace_0/enwiki_namespace_0_enwiki_namespace_0_chunk_310.json.tar.gz
2025-11-22 18:09:01.043 | INFO     | __main__:process_wiki_task:2117 - Processing file: gs://wikipedia-graph/wikipedia/raw_html_dumps/enwiki_namespace_0/enwiki_namespace_0_enwiki_namespace_0_chunk_290.json.tar.gz
2025-11-22 18:09:01.044 | INFO     | __main__:process_wiki_task:2117 - Processing file: gs://wikipedia-graph/wikipedia/raw_html_dumps/enwiki_namespace_0/enwiki_namespace_0_enwiki_namespace_0_chunk_315.json.tar.gz
2025-11-22 18:09:01.044 | INFO     | __main__:process_wiki_task:2117 - Processing file: gs://wikipedia-graph/wikipedia/raw_html_dumps/enwiki_namespace_0/enwiki_namespace_0_enwiki_namespace_0_chunk_305.json.tar.gz
2025-11-22 18:09:01.044 | INFO     | __main__:process_wiki_task:2117 - Processing file: gs://wikipedia-graph/wikipedia/raw_html_dumps/enwiki_namespace_0/enwiki_namespace_0_enwiki_namespace_0_chunk_302.json.tar.gz
2025-11-22 18:09:01.045 | INFO     | __main__:process_wiki_task:2117 - Processing file: gs://wikipedia-graph/wikipedia/raw_html_dumps/enwiki_namespace_0/enwiki_namespace_0_enwiki_namespace_0_chunk_356.json.tar.gz
2025-11-22 18:09:01.046 | INFO     | __main__:process_wiki_task:2117 - Processing file: gs://wikipedia-graph/wikipedia/raw_html_dumps/enwiki_namespace_0/enwiki_namespace_0_enwiki_namespace_0_chunk_352.json.tar.gz
2025-11-22 18:09:01.046 | INFO     | __main__:process_wiki_task:2117 - Processing file: gs://wikipedia-graph/wikipedia/raw_html_dumps/enwiki_namespace_0/enwiki_namespace_0_enwiki_namespace_0_chunk_348.json.tar.gz
2025-11-22 18:09:01.046 | INFO     | __main__:process_wiki_task:2117 - Processing file: gs://wikipedia-graph/wikipedia/raw_html_dumps/enwiki_namespace_0/enwiki_namespace_0_enwiki_namespace_0_chunk_346.json.tar.gz
2025-11-22 18:09:01.047 | INFO     | __main__:process_wiki_task:2117 - Processing file: gs://wikipedia-graph/wikipedia/raw_html_dumps/enwiki_namespace_0/enwiki_namespace_0_enwiki_namespace_0_chunk_361.json.tar.gz
2025-11-22 18:09:01.047 | INFO     | __main__:process_wiki_task:2117 - Processing file: gs://wikipedia-graph/wikipedia/raw_html_dumps/enwiki_namespace_0/enwiki_namespace_0_enwiki_namespace_0_chunk_294.json.tar.gz
2025-11-22 18:09:01.047 | INFO     | __main__:process_wiki_task:2117 - Processing file: gs://wikipedia-graph/wikipedia/raw_html_dumps/enwiki_namespace_0/enwiki_namespace_0_enwiki_namespace_0_chunk_39.json.tar.gz
2025-11-22 18:09:01.048 | INFO     | __main__:process_wiki_task:2117 - Processing file: gs://wikipedia-graph/wikipedia/raw_html_dumps/enwiki_namespace_0/enwiki_namespace_0_enwiki_namespace_0_chunk_334.json.tar.gz
2025-11-22 18:09:01.048 | INFO     | __main__:process_wiki_task:2117 - Processing file: gs://wikipedia-graph/wikipedia/raw_html_dumps/enwiki_namespace_0/enwiki_namespace_0_enwiki_namespace_0_chunk_3.json.tar.gz
2025-11-22 18:09:01.049 | INFO     | __main__:process_wiki_task:2117 - Processing file: gs://wikipedia-graph/wikipedia/raw_html_dumps/enwiki_namespace_0/enwiki_namespace_0_enwiki_namespace_0_chunk_324.json.tar.gz
2025-11-22 18:09:01.049 | INFO     | __main__:process_wiki_task:2117 - Processing file: gs://wikipedia-graph/wikipedia/raw_html_dumps/enwiki_namespace_0/enwiki_namespace_0_enwiki_namespace_0_chunk_34.json.tar.gz
2025-11-22 18:09:01.050 | INFO     | __main__:process_wiki_task:2117 - Processing file: gs://wikipedia-graph/wikipedia/raw_html_dumps/enwiki_namespace_0/enwiki_namespace_0_enwiki_namespace_0_chunk_250.json.tar.gz
2025-11-22 18:09:01.050 | INFO     | __main__:process_wiki_task:2117 - Processing file: gs://wikipedia-graph/wikipedia/raw_html_dumps/enwiki_namespace_0/enwiki_namespace_0_enwiki_namespace_0_chunk_359.json.tar.gz
2025-11-22 18:09:01.050 | INFO     | __main__:process_wiki_task:2117 - Processing file: gs://wikipedia-graph/wikipedia/raw_html_dumps/enwiki_namespace_0/enwiki_namespace_0_enwiki_namespace_0_chunk_298.json.tar.gz
2025-11-22 18:09:01.051 | INFO     | __main__:process_wiki_task:2117 - Processing file: gs://wikipedia-graph/wikipedia/raw_html_dumps/enwiki_namespace_0/enwiki_namespace_0_enwiki_namespace_0_chunk_367.json.tar.gz
2025-11-22 18:09:01.051 | INFO     | __main__:process_wiki_task:2117 - Processing file: gs://wikipedia-graph/wikipedia/raw_html_dumps/enwiki_namespace_0/enwiki_namespace_0_enwiki_namespace_0_chunk_306.json.tar.gz
2025-11-22 18:09:01.051 | INFO     | __main__:process_wiki_task:2117 - Processing file: gs://wikipedia-graph/wikipedia/raw_html_dumps/enwiki_namespace_0/enwiki_namespace_0_enwiki_namespace_0_chunk_345.json.tar.gz
2025-11-22 18:09:01.051 | INFO     | __main__:process_wiki_task:2117 - Processing file: gs://wikipedia-graph/wikipedia/raw_html_dumps/enwiki_namespace_0/enwiki_namespace_0_enwiki_namespace_0_chunk_317.json.tar.gz
2025-11-22 18:09:01.051 | INFO     | __main__:process_wiki_task:2117 - Processing file: gs://wikipedia-graph/wikipedia/raw_html_dumps/enwiki_namespace_0/enwiki_namespace_0_enwiki_namespace_0_chunk_325.json.tar.gz
2025-11-22 18:09:01.052 | INFO     | __main__:process_wiki_task:2117 - Processing file: gs://wikipedia-graph/wikipedia/raw_html_dumps/enwiki_namespace_0/enwiki_namespace_0_enwiki_namespace_0_chunk_271.json.tar.gz
2025-11-22 18:09:01.053 | INFO     | __main__:process_wiki_task:2117 - Processing file: gs://wikipedia-graph/wikipedia/raw_html_dumps/enwiki_namespace_0/enwiki_namespace_0_enwiki_namespace_0_chunk_301.json.tar.gz
2025-11-22 18:09:01.053 | INFO     | __main__:process_wiki_task:2117 - Processing file: gs://wikipedia-graph/wikipedia/raw_html_dumps/enwiki_namespace_0/enwiki_namespace_0_enwiki_namespace_0_chunk_332.json.tar.gz
2025-11-22 18:09:01.054 | INFO     | __main__:process_wiki_task:2117 - Processing file: gs://wikipedia-graph/wikipedia/raw_html_dumps/enwiki_namespace_0/enwiki_namespace_0_enwiki_namespace_0_chunk_368.json.tar.gz
2025-11-22 18:09:01.055 | INFO     | __main__:process_wiki_task:2117 - Processing file: gs://wikipedia-graph/wikipedia/raw_html_dumps/enwiki_namespace_0/enwiki_namespace_0_enwiki_namespace_0_chunk_58.json.tar.gz
2025-11-22 18:09:01.055 | INFO     | __main__:process_wiki_task:2117 - Processing file: gs://wikipedia-graph/wikipedia/raw_html_dumps/enwiki_namespace_0/enwiki_namespace_0_enwiki_namespace_0_chunk_6.json.tar.gz
2025-11-22 18:09:01.055 | INFO     | __main__:process_wiki_task:2117 - Processing file: gs://wikipedia-graph/wikipedia/raw_html_dumps/enwiki_namespace_0/enwiki_namespace_0_enwiki_namespace_0_chunk_312.json.tar.gz
2025-11-22 18:09:01.055 | INFO     | __main__:process_wiki_task:2117 - Processing file: gs://wikipedia-graph/wikipedia/raw_html_dumps/enwiki_namespace_0/enwiki_namespace_0_enwiki_namespace_0_chunk_323.json.tar.gz
2025-11-22 18:09:01.056 | INFO     | __main__:process_wiki_task:2117 - Processing file: gs://wikipedia-graph/wikipedia/raw_html_dumps/enwiki_namespace_0/enwiki_namespace_0_enwiki_namespace_0_chunk_351.json.tar.gz
2025-11-22 18:09:01.056 | INFO     | __main__:process_wiki_task:2117 - Processing file: gs://wikipedia-graph/wikipedia/raw_html_dumps/enwiki_namespace_0/enwiki_namespace_0_enwiki_namespace_0_chunk_309.json.tar.gz
2025-11-22 18:09:01.056 | INFO     | __main__:process_wiki_task:2117 - Processing file: gs://wikipedia-graph/wikipedia/raw_html_dumps/enwiki_namespace_0/enwiki_namespace_0_enwiki_namespace_0_chunk_370.json.tar.gz
2025-11-22 18:09:01.057 | INFO     | __main__:process_wiki_task:2117 - Processing file: gs://wikipedia-graph/wikipedia/raw_html_dumps/enwiki_namespace_0/enwiki_namespace_0_enwiki_namespace_0_chunk_304.json.tar.gz
2025-11-22 18:09:01.057 | INFO     | __main__:process_wiki_task:2117 - Processing file: gs://wikipedia-graph/wikipedia/raw_html_dumps/enwiki_namespace_0/enwiki_namespace_0_enwiki_namespace_0_chunk_48.json.tar.gz
2025-11-22 18:09:01.057 | INFO     | __main__:process_wiki_task:2117 - Processing file: gs://wikipedia-graph/wikipedia/raw_html_dumps/enwiki_namespace_0/enwiki_namespace_0_enwiki_namespace_0_chunk_333.json.tar.gz
2025-11-22 18:09:01.058 | INFO     | __main__:process_wiki_task:2117 - Processing file: gs://wikipedia-graph/wikipedia/raw_html_dumps/enwiki_namespace_0/enwiki_namespace_0_enwiki_namespace_0_chunk_374.json.tar.gz
2025-11-22 18:09:01.058 | INFO     | __main__:process_wiki_task:2117 - Processing file: gs://wikipedia-graph/wikipedia/raw_html_dumps/enwiki_namespace_0/enwiki_namespace_0_enwiki_namespace_0_chunk_320.json.tar.gz
2025-11-22 18:09:01.059 | INFO     | __main__:process_wiki_task:2117 - Processing file: gs://wikipedia-graph/wikipedia/raw_html_dumps/enwiki_namespace_0/enwiki_namespace_0_enwiki_namespace_0_chunk_344.json.tar.gz
2025-11-22 18:09:01.059 | INFO     | __main__:process_wiki_task:2117 - Processing file: gs://wikipedia-graph/wikipedia/raw_html_dumps/enwiki_namespace_0/enwiki_namespace_0_enwiki_namespace_0_chunk_57.json.tar.gz
2025-11-22 18:09:01.059 | INFO     | __main__:process_wiki_task:2117 - Processing file: gs://wikipedia-graph/wikipedia/raw_html_dumps/enwiki_namespace_0/enwiki_namespace_0_enwiki_namespace_0_chunk_44.json.tar.gz
2025-11-22 18:09:01.059 | INFO     | __main__:process_wiki_task:2117 - Processing file: gs://wikipedia-graph/wikipedia/raw_html_dumps/enwiki_namespace_0/enwiki_namespace_0_enwiki_namespace_0_chunk_295.json.tar.gz
2025-11-22 18:09:01.060 | INFO     | __main__:process_wiki_task:2117 - Processing file: gs://wikipedia-graph/wikipedia/raw_html_dumps/enwiki_namespace_0/enwiki_namespace_0_enwiki_namespace_0_chunk_364.json.tar.gz
2025-11-22 18:09:01.060 | INFO     | __main__:process_wiki_task:2117 - Processing file: gs://wikipedia-graph/wikipedia/raw_html_dumps/enwiki_namespace_0/enwiki_namespace_0_enwiki_namespace_0_chunk_59.json.tar.gz
2025-11-22 18:09:01.060 | INFO     | __main__:process_wiki_task:2117 - Processing file: gs://wikipedia-graph/wikipedia/raw_html_dumps/enwiki_namespace_0/enwiki_namespace_0_enwiki_namespace_0_chunk_339.json.tar.gz
2025-11-22 18:09:01.062 | INFO     | __main__:process_wiki_task:2117 - Processing file: gs://wikipedia-graph/wikipedia/raw_html_dumps/enwiki_namespace_0/enwiki_namespace_0_enwiki_namespace_0_chunk_342.json.tar.gz
2025-11-22 18:09:01.062 | INFO     | __main__:process_wiki_task:2117 - Processing file: gs://wikipedia-graph/wikipedia/raw_html_dumps/enwiki_namespace_0/enwiki_namespace_0_enwiki_namespace_0_chunk_393.json.tar.gz
2025-11-22 18:09:01.062 | INFO     | __main__:process_wiki_task:2117 - Processing file: gs://wikipedia-graph/wikipedia/raw_html_dumps/enwiki_namespace_0/enwiki_namespace_0_enwiki_namespace_0_chunk_414.json.tar.gz
2025-11-22 18:09:01.062 | INFO     | __main__:process_wiki_task:2117 - Processing file: gs://wikipedia-graph/wikipedia/raw_html_dumps/enwiki_namespace_0/enwiki_namespace_0_enwiki_namespace_0_chunk_72.json.tar.gz
2025-11-22 18:09:01.062 | INFO     | __main__:process_wiki_task:2117 - Processing file: gs://wikipedia-graph/wikipedia/raw_html_dumps/enwiki_namespace_0/enwiki_namespace_0_enwiki_namespace_0_chunk_41.json.tar.gz
2025-11-22 18:09:01.063 | INFO     | __main__:process_wiki_task:2117 - Processing file: gs://wikipedia-graph/wikipedia/raw_html_dumps/enwiki_namespace_0/enwiki_namespace_0_enwiki_namespace_0_chunk_5.json.tar.gz
2025-11-22 18:09:01.063 | INFO     | __main__:process_wiki_task:2117 - Processing file: gs://wikipedia-graph/wikipedia/raw_html_dumps/enwiki_namespace_0/enwiki_namespace_0_enwiki_namespace_0_chunk_357.json.tar.gz
2025-11-22 18:09:01.063 | INFO     | __main__:process_wiki_task:2117 - Processing file: gs://wikipedia-graph/wikipedia/raw_html_dumps/enwiki_namespace_0/enwiki_namespace_0_enwiki_namespace_0_chunk_349.json.tar.gz
2025-11-22 18:09:01.065 | INFO     | __main__:process_wiki_task:2117 - Processing file: gs://wikipedia-graph/wikipedia/raw_html_dumps/enwiki_namespace_0/enwiki_namespace_0_enwiki_namespace_0_chunk_45.json.tar.gz
2025-11-22 18:09:01.066 | INFO     | __main__:process_wiki_task:2117 - Processing file: gs://wikipedia-graph/wikipedia/raw_html_dumps/enwiki_namespace_0/enwiki_namespace_0_enwiki_namespace_0_chunk_42.json.tar.gz
2025-11-22 18:09:01.066 | INFO     | __main__:process_wiki_task:2117 - Processing file: gs://wikipedia-graph/wikipedia/raw_html_dumps/enwiki_namespace_0/enwiki_namespace_0_enwiki_namespace_0_chunk_343.json.tar.gz
2025-11-22 18:09:01.066 | INFO     | __main__:process_wiki_task:2117 - Processing file: gs://wikipedia-graph/wikipedia/raw_html_dumps/enwiki_namespace_0/enwiki_namespace_0_enwiki_namespace_0_chunk_355.json.tar.gz
2025-11-22 18:09:01.066 | INFO     | __main__:process_wiki_task:2117 - Processing file: gs://wikipedia-graph/wikipedia/raw_html_dumps/enwiki_namespace_0/enwiki_namespace_0_enwiki_namespace_0_chunk_37.json.tar.gz
2025-11-22 18:09:01.067 | INFO     | __main__:process_wiki_task:2117 - Processing file: gs://wikipedia-graph/wikipedia/raw_html_dumps/enwiki_namespace_0/enwiki_namespace_0_enwiki_namespace_0_chunk_392.json.tar.gz
2025-11-22 18:09:01.067 | INFO     | __main__:process_wiki_task:2117 - Processing file: gs://wikipedia-graph/wikipedia/raw_html_dumps/enwiki_namespace_0/enwiki_namespace_0_enwiki_namespace_0_chunk_389.json.tar.gz
2025-11-22 18:09:01.067 | INFO     | __main__:process_wiki_task:2117 - Processing file: gs://wikipedia-graph/wikipedia/raw_html_dumps/enwiki_namespace_0/enwiki_namespace_0_enwiki_namespace_0_chunk_406.json.tar.gz
2025-11-22 18:09:01.067 | INFO     | __main__:process_wiki_task:2117 - Processing file: gs://wikipedia-graph/wikipedia/raw_html_dumps/enwiki_namespace_0/enwiki_namespace_0_enwiki_namespace_0_chunk_47.json.tar.gz
2025-11-22 18:09:01.068 | INFO     | __main__:process_wiki_task:2117 - Processing file: gs://wikipedia-graph/wikipedia/raw_html_dumps/enwiki_namespace_0/enwiki_namespace_0_enwiki_namespace_0_chunk_70.json.tar.gz
2025-11-22 18:09:01.068 | INFO     | __main__:process_wiki_task:2117 - Processing file: gs://wikipedia-graph/wikipedia/raw_html_dumps/enwiki_namespace_0/enwiki_namespace_0_enwiki_namespace_0_chunk_69.json.tar.gz
2025-11-22 18:09:01.069 | INFO     | __main__:process_wiki_task:2117 - Processing file: gs://wikipedia-graph/wikipedia/raw_html_dumps/enwiki_namespace_0/enwiki_namespace_0_enwiki_namespace_0_chunk_46.json.tar.gz
2025-11-22 18:09:01.069 | INFO     | __main__:process_wiki_task:2117 - Processing file: gs://wikipedia-graph/wikipedia/raw_html_dumps/enwiki_namespace_0/enwiki_namespace_0_enwiki_namespace_0_chunk_373.json.tar.gz
2025-11-22 18:09:01.070 | INFO     | __main__:process_wiki_task:2117 - Processing file: gs://wikipedia-graph/wikipedia/raw_html_dumps/enwiki_namespace_0/enwiki_namespace_0_enwiki_namespace_0_chunk_380.json.tar.gz
2025-11-22 18:09:01.069 | INFO     | __main__:process_wiki_task:2117 - Processing file: gs://wikipedia-graph/wikipedia/raw_html_dumps/enwiki_namespace_0/enwiki_namespace_0_enwiki_namespace_0_chunk_49.json.tar.gz
2025-11-22 18:09:01.070 | INFO     | __main__:process_wiki_task:2117 - Processing file: gs://wikipedia-graph/wikipedia/raw_html_dumps/enwiki_namespace_0/enwiki_namespace_0_enwiki_namespace_0_chunk_385.json.tar.gz
2025-11-22 18:09:01.070 | INFO     | __main__:process_wiki_task:2117 - Processing file: gs://wikipedia-graph/wikipedia/raw_html_dumps/enwiki_namespace_0/enwiki_namespace_0_enwiki_namespace_0_chunk_52.json.tar.gz
2025-11-22 18:09:01.071 | INFO     | __main__:process_wiki_task:2117 - Processing file: gs://wikipedia-graph/wikipedia/raw_html_dumps/enwiki_namespace_0/enwiki_namespace_0_enwiki_namespace_0_chunk_73.json.tar.gz
2025-11-22 18:09:01.072 | INFO     | __main__:process_wiki_task:2117 - Processing file: gs://wikipedia-graph/wikipedia/raw_html_dumps/enwiki_namespace_0/enwiki_namespace_0_enwiki_namespace_0_chunk_371.json.tar.gz
2025-11-22 18:09:01.072 | INFO     | __main__:process_wiki_task:2117 - Processing file: gs://wikipedia-graph/wikipedia/raw_html_dumps/enwiki_namespace_0/enwiki_namespace_0_enwiki_namespace_0_chunk_376.json.tar.gz
2025-11-22 18:09:01.073 | INFO     | __main__:process_wiki_task:2117 - Processing file: gs://wikipedia-graph/wikipedia/raw_html_dumps/enwiki_namespace_0/enwiki_namespace_0_enwiki_namespace_0_chunk_365.json.tar.gz
2025-11-22 18:09:01.073 | INFO     | __main__:process_wiki_task:2117 - Processing file: gs://wikipedia-graph/wikipedia/raw_html_dumps/enwiki_namespace_0/enwiki_namespace_0_enwiki_namespace_0_chunk_353.json.tar.gz
2025-11-22 18:09:01.073 | INFO     | __main__:process_wiki_task:2117 - Processing file: gs://wikipedia-graph/wikipedia/raw_html_dumps/enwiki_namespace_0/enwiki_namespace_0_enwiki_namespace_0_chunk_68.json.tar.gz
2025-11-22 18:09:01.074 | INFO     | __main__:process_wiki_task:2117 - Processing file: gs://wikipedia-graph/wikipedia/raw_html_dumps/enwiki_namespace_0/enwiki_namespace_0_enwiki_namespace_0_chunk_395.json.tar.gz
2025-11-22 18:09:01.074 | INFO     | __main__:process_wiki_task:2117 - Processing file: gs://wikipedia-graph/wikipedia/raw_html_dumps/enwiki_namespace_0/enwiki_namespace_0_enwiki_namespace_0_chunk_74.json.tar.gz
2025-11-22 18:09:01.075 | INFO     | __main__:process_wiki_task:2117 - Processing file: gs://wikipedia-graph/wikipedia/raw_html_dumps/enwiki_namespace_0/enwiki_namespace_0_enwiki_namespace_0_chunk_411.json.tar.gz
2025-11-22 18:09:01.075 | INFO     | __main__:process_wiki_task:2117 - Processing file: gs://wikipedia-graph/wikipedia/raw_html_dumps/enwiki_namespace_0/enwiki_namespace_0_enwiki_namespace_0_chunk_388.json.tar.gz
2025-11-22 18:09:01.075 | INFO     | __main__:process_wiki_task:2117 - Processing file: gs://wikipedia-graph/wikipedia/raw_html_dumps/enwiki_namespace_0/enwiki_namespace_0_enwiki_namespace_0_chunk_53.json.tar.gz
2025-11-22 18:09:01.075 | INFO     | __main__:process_wiki_task:2117 - Processing file: gs://wikipedia-graph/wikipedia/raw_html_dumps/enwiki_namespace_0/enwiki_namespace_0_enwiki_namespace_0_chunk_62.json.tar.gz
2025-11-22 18:09:01.076 | INFO     | __main__:process_wiki_task:2117 - Processing file: gs://wikipedia-graph/wikipedia/raw_html_dumps/enwiki_namespace_0/enwiki_namespace_0_enwiki_namespace_0_chunk_381.json.tar.gz
2025-11-22 18:09:01.076 | INFO     | __main__:process_wiki_task:2117 - Processing file: gs://wikipedia-graph/wikipedia/raw_html_dumps/enwiki_namespace_0/enwiki_namespace_0_enwiki_namespace_0_chunk_396.json.tar.gz
2025-11-22 18:09:01.076 | INFO     | __main__:process_wiki_task:2117 - Processing file: gs://wikipedia-graph/wikipedia/raw_html_dumps/enwiki_namespace_0/enwiki_namespace_0_enwiki_namespace_0_chunk_400.json.tar.gz
2025-11-22 18:09:01.076 | INFO     | __main__:process_wiki_task:2117 - Processing file: gs://wikipedia-graph/wikipedia/raw_html_dumps/enwiki_namespace_0/enwiki_namespace_0_enwiki_namespace_0_chunk_375.json.tar.gz
2025-11-22 18:09:01.076 | INFO     | __main__:process_wiki_task:2117 - Processing file: gs://wikipedia-graph/wikipedia/raw_html_dumps/enwiki_namespace_0/enwiki_namespace_0_enwiki_namespace_0_chunk_60.json.tar.gz
2025-11-22 18:09:01.077 | INFO     | __main__:process_wiki_task:2117 - Processing file: gs://wikipedia-graph/wikipedia/raw_html_dumps/enwiki_namespace_0/enwiki_namespace_0_enwiki_namespace_0_chunk_407.json.tar.gz
2025-11-22 18:09:01.077 | INFO     | __main__:process_wiki_task:2117 - Processing file: gs://wikipedia-graph/wikipedia/raw_html_dumps/enwiki_namespace_0/enwiki_namespace_0_enwiki_namespace_0_chunk_390.json.tar.gz
2025-11-22 18:09:01.077 | INFO     | __main__:process_wiki_task:2117 - Processing file: gs://wikipedia-graph/wikipedia/raw_html_dumps/enwiki_namespace_0/enwiki_namespace_0_enwiki_namespace_0_chunk_51.json.tar.gz
2025-11-22 18:09:01.078 | INFO     | __main__:process_wiki_task:2117 - Processing file: gs://wikipedia-graph/wikipedia/raw_html_dumps/enwiki_namespace_0/enwiki_namespace_0_enwiki_namespace_0_chunk_386.json.tar.gz
2025-11-22 18:09:01.078 | INFO     | __main__:process_wiki_task:2117 - Processing file: gs://wikipedia-graph/wikipedia/raw_html_dumps/enwiki_namespace_0/enwiki_namespace_0_enwiki_namespace_0_chunk_43.json.tar.gz
2025-11-22 18:09:01.079 | INFO     | __main__:process_wiki_task:2117 - Processing file: gs://wikipedia-graph/wikipedia/raw_html_dumps/enwiki_namespace_0/enwiki_namespace_0_enwiki_namespace_0_chunk_50.json.tar.gz
2025-11-22 18:09:01.079 | INFO     | __main__:process_wiki_task:2117 - Processing file: gs://wikipedia-graph/wikipedia/raw_html_dumps/enwiki_namespace_0/enwiki_namespace_0_enwiki_namespace_0_chunk_410.json.tar.gz
2025-11-22 18:09:01.079 | INFO     | __main__:process_wiki_task:2117 - Processing file: gs://wikipedia-graph/wikipedia/raw_html_dumps/enwiki_namespace_0/enwiki_namespace_0_enwiki_namespace_0_chunk_402.json.tar.gz
2025-11-22 18:09:01.080 | INFO     | __main__:process_wiki_task:2117 - Processing file: gs://wikipedia-graph/wikipedia/raw_html_dumps/enwiki_namespace_0/enwiki_namespace_0_enwiki_namespace_0_chunk_67.json.tar.gz
2025-11-22 18:09:01.080 | INFO     | __main__:process_wiki_task:2117 - Processing file: gs://wikipedia-graph/wikipedia/raw_html_dumps/enwiki_namespace_0/enwiki_namespace_0_enwiki_namespace_0_chunk_54.json.tar.gz
2025-11-22 18:09:01.080 | INFO     | __main__:process_wiki_task:2117 - Processing file: gs://wikipedia-graph/wikipedia/raw_html_dumps/enwiki_namespace_0/enwiki_namespace_0_enwiki_namespace_0_chunk_71.json.tar.gz
2025-11-22 18:09:01.081 | INFO     | __main__:process_wiki_task:2117 - Processing file: gs://wikipedia-graph/wikipedia/raw_html_dumps/enwiki_namespace_0/enwiki_namespace_0_enwiki_namespace_0_chunk_146.json.tar.gz
2025-11-22 18:09:01.081 | INFO     | __main__:process_wiki_task:2117 - Processing file: gs://wikipedia-graph/wikipedia/raw_html_dumps/enwiki_namespace_0/enwiki_namespace_0_enwiki_namespace_0_chunk_413.json.tar.gz
2025-11-22 18:09:01.081 | INFO     | __main__:process_wiki_task:2117 - Processing file: gs://wikipedia-graph/wikipedia/raw_html_dumps/enwiki_namespace_0/enwiki_namespace_0_enwiki_namespace_0_chunk_38.json.tar.gz
2025-11-22 18:09:01.081 | INFO     | __main__:process_wiki_task:2117 - Processing file: gs://wikipedia-graph/wikipedia/raw_html_dumps/enwiki_namespace_0/enwiki_namespace_0_enwiki_namespace_0_chunk_61.json.tar.gz
2025-11-22 18:09:01.081 | INFO     | __main__:process_wiki_task:2117 - Processing file: gs://wikipedia-graph/wikipedia/raw_html_dumps/enwiki_namespace_0/enwiki_namespace_0_enwiki_namespace_0_chunk_80.json.tar.gz
2025-11-22 18:09:01.082 | INFO     | __main__:process_wiki_task:2117 - Processing file: gs://wikipedia-graph/wikipedia/raw_html_dumps/enwiki_namespace_0/enwiki_namespace_0_enwiki_namespace_0_chunk_96.json.tar.gz
2025-11-22 18:09:01.082 | INFO     | __main__:process_wiki_task:2117 - Processing file: gs://wikipedia-graph/wikipedia/raw_html_dumps/enwiki_namespace_0/enwiki_namespace_0_enwiki_namespace_0_chunk_382.json.tar.gz
2025-11-22 18:09:01.082 | INFO     | __main__:process_wiki_task:2117 - Processing file: gs://wikipedia-graph/wikipedia/raw_html_dumps/enwiki_namespace_0/enwiki_namespace_0_enwiki_namespace_0_chunk_409.json.tar.gz
2025-11-22 18:09:01.082 | INFO     | __main__:process_wiki_task:2117 - Processing file: gs://wikipedia-graph/wikipedia/raw_html_dumps/enwiki_namespace_0/enwiki_namespace_0_enwiki_namespace_0_chunk_383.json.tar.gz
2025-11-22 18:09:01.082 | INFO     | __main__:process_wiki_task:2117 - Processing file: gs://wikipedia-graph/wikipedia/raw_html_dumps/enwiki_namespace_0/enwiki_namespace_0_enwiki_namespace_0_chunk_85.json.tar.gz
2025-11-22 18:09:01.082 | INFO     | __main__:process_wiki_task:2117 - Processing file: gs://wikipedia-graph/wikipedia/raw_html_dumps/enwiki_namespace_0/enwiki_namespace_0_enwiki_namespace_0_chunk_95.json.tar.gz
2025-11-22 18:09:01.083 | INFO     | __main__:process_wiki_task:2117 - Processing file: gs://wikipedia-graph/wikipedia/raw_html_dumps/enwiki_namespace_0/enwiki_namespace_0_enwiki_namespace_0_chunk_4.json.tar.gz
2025-11-22 18:09:01.083 | INFO     | __main__:process_wiki_task:2117 - Processing file: gs://wikipedia-graph/wikipedia/raw_html_dumps/enwiki_namespace_0/enwiki_namespace_0_enwiki_namespace_0_chunk_40.json.tar.gz
2025-11-22 18:09:01.083 | INFO     | __main__:process_wiki_task:2117 - Processing file: gs://wikipedia-graph/wikipedia/raw_html_dumps/enwiki_namespace_0/enwiki_namespace_0_enwiki_namespace_0_chunk_379.json.tar.gz
2025-11-22 18:09:01.083 | INFO     | __main__:process_wiki_task:2117 - Processing file: gs://wikipedia-graph/wikipedia/raw_html_dumps/enwiki_namespace_0/enwiki_namespace_0_enwiki_namespace_0_chunk_65.json.tar.gz
2025-11-22 18:09:01.084 | INFO     | __main__:process_wiki_task:2117 - Processing file: gs://wikipedia-graph/wikipedia/raw_html_dumps/enwiki_namespace_0/enwiki_namespace_0_enwiki_namespace_0_chunk_66.json.tar.gz
2025-11-22 18:09:01.084 | INFO     | __main__:process_wiki_task:2117 - Processing file: gs://wikipedia-graph/wikipedia/raw_html_dumps/enwiki_namespace_0/enwiki_namespace_0_enwiki_namespace_0_chunk_83.json.tar.gz
2025-11-22 18:09:01.084 | INFO     | __main__:process_wiki_task:2117 - Processing file: gs://wikipedia-graph/wikipedia/raw_html_dumps/enwiki_namespace_0/enwiki_namespace_0_enwiki_namespace_0_chunk_387.json.tar.gz
2025-11-22 18:09:01.084 | INFO     | __main__:process_wiki_task:2117 - Processing file: gs://wikipedia-graph/wikipedia/raw_html_dumps/enwiki_namespace_0/enwiki_namespace_0_enwiki_namespace_0_chunk_99.json.tar.gz
2025-11-22 18:09:01.084 | INFO     | __main__:process_wiki_task:2117 - Processing file: gs://wikipedia-graph/wikipedia/raw_html_dumps/enwiki_namespace_0/enwiki_namespace_0_enwiki_namespace_0_chunk_76.json.tar.gz
2025-11-22 18:09:01.084 | INFO     | __main__:process_wiki_task:2117 - Processing file: gs://wikipedia-graph/wikipedia/raw_html_dumps/enwiki_namespace_0/enwiki_namespace_0_enwiki_namespace_0_chunk_87.json.tar.gz
2025-11-22 18:09:01.084 | INFO     | __main__:process_wiki_task:2117 - Processing file: gs://wikipedia-graph/wikipedia/raw_html_dumps/enwiki_namespace_0/enwiki_namespace_0_enwiki_namespace_0_chunk_91.json.tar.gz
2025-11-22 18:09:01.085 | INFO     | __main__:process_wiki_task:2117 - Processing file: gs://wikipedia-graph/wikipedia/raw_html_dumps/enwiki_namespace_0/enwiki_namespace_0_enwiki_namespace_0_chunk_384.json.tar.gz
2025-11-22 18:09:01.085 | INFO     | __main__:process_wiki_task:2117 - Processing file: gs://wikipedia-graph/wikipedia/raw_html_dumps/enwiki_namespace_0/enwiki_namespace_0_enwiki_namespace_0_chunk_404.json.tar.gz
2025-11-22 18:09:01.086 | INFO     | __main__:process_wiki_task:2117 - Processing file: gs://wikipedia-graph/wikipedia/raw_html_dumps/enwiki_namespace_0/enwiki_namespace_0_enwiki_namespace_0_chunk_97.json.tar.gz
2025-11-22 18:09:01.086 | INFO     | __main__:process_wiki_task:2117 - Processing file: gs://wikipedia-graph/wikipedia/raw_html_dumps/enwiki_namespace_0/enwiki_namespace_0_enwiki_namespace_0_chunk_401.json.tar.gz
2025-11-22 18:09:01.086 | INFO     | __main__:process_wiki_task:2117 - Processing file: gs://wikipedia-graph/wikipedia/raw_html_dumps/enwiki_namespace_0/enwiki_namespace_0_enwiki_namespace_0_chunk_88.json.tar.gz
2025-11-22 18:09:01.086 | INFO     | __main__:process_wiki_task:2117 - Processing file: gs://wikipedia-graph/wikipedia/raw_html_dumps/enwiki_namespace_0/enwiki_namespace_0_enwiki_namespace_0_chunk_377.json.tar.gz
2025-11-22 18:09:01.086 | INFO     | __main__:process_wiki_task:2117 - Processing file: gs://wikipedia-graph/wikipedia/raw_html_dumps/enwiki_namespace_0/enwiki_namespace_0_enwiki_namespace_0_chunk_372.json.tar.gz
2025-11-22 18:09:01.087 | INFO     | __main__:process_wiki_task:2117 - Processing file: gs://wikipedia-graph/wikipedia/raw_html_dumps/enwiki_namespace_0/enwiki_namespace_0_enwiki_namespace_0_chunk_35.json.tar.gz
2025-11-22 18:09:01.087 | INFO     | __main__:process_wiki_task:2117 - Processing file: gs://wikipedia-graph/wikipedia/raw_html_dumps/enwiki_namespace_0/enwiki_namespace_0_enwiki_namespace_0_chunk_90.json.tar.gz
2025-11-22 18:09:01.087 | INFO     | __main__:process_wiki_task:2117 - Processing file: gs://wikipedia-graph/wikipedia/raw_html_dumps/enwiki_namespace_0/enwiki_namespace_0_enwiki_namespace_0_chunk_7.json.tar.gz
2025-11-22 18:09:01.087 | INFO     | __main__:process_wiki_task:2117 - Processing file: gs://wikipedia-graph/wikipedia/raw_html_dumps/enwiki_namespace_0/enwiki_namespace_0_enwiki_namespace_0_chunk_394.json.tar.gz
2025-11-22 18:09:01.087 | INFO     | __main__:process_wiki_task:2117 - Processing file: gs://wikipedia-graph/wikipedia/raw_html_dumps/enwiki_namespace_0/enwiki_namespace_0_enwiki_namespace_0_chunk_56.json.tar.gz
2025-11-22 18:09:01.087 | INFO     | __main__:process_wiki_task:2117 - Processing file: gs://wikipedia-graph/wikipedia/raw_html_dumps/enwiki_namespace_0/enwiki_namespace_0_enwiki_namespace_0_chunk_412.json.tar.gz
2025-11-22 18:09:01.087 | INFO     | __main__:process_wiki_task:2117 - Processing file: gs://wikipedia-graph/wikipedia/raw_html_dumps/enwiki_namespace_0/enwiki_namespace_0_enwiki_namespace_0_chunk_403.json.tar.gz
2025-11-22 18:09:01.088 | INFO     | __main__:process_wiki_task:2117 - Processing file: gs://wikipedia-graph/wikipedia/raw_html_dumps/enwiki_namespace_0/enwiki_namespace_0_enwiki_namespace_0_chunk_63.json.tar.gz
2025-11-22 18:09:01.088 | INFO     | __main__:process_wiki_task:2117 - Processing file: gs://wikipedia-graph/wikipedia/raw_html_dumps/enwiki_namespace_0/enwiki_namespace_0_enwiki_namespace_0_chunk_9.json.tar.gz
2025-11-22 18:09:01.088 | INFO     | __main__:process_wiki_task:2117 - Processing file: gs://wikipedia-graph/wikipedia/raw_html_dumps/enwiki_namespace_0/enwiki_namespace_0_enwiki_namespace_0_chunk_78.json.tar.gz
2025-11-22 18:09:01.089 | INFO     | __main__:process_wiki_task:2117 - Processing file: gs://wikipedia-graph/wikipedia/raw_html_dumps/enwiki_namespace_0/enwiki_namespace_0_enwiki_namespace_0_chunk_79.json.tar.gz
2025-11-22 18:09:01.089 | INFO     | __main__:process_wiki_task:2117 - Processing file: gs://wikipedia-graph/wikipedia/raw_html_dumps/enwiki_namespace_0/enwiki_namespace_0_enwiki_namespace_0_chunk_81.json.tar.gz
2025-11-22 18:09:01.090 | INFO     | __main__:process_wiki_task:2117 - Processing file: gs://wikipedia-graph/wikipedia/raw_html_dumps/enwiki_namespace_0/enwiki_namespace_0_enwiki_namespace_0_chunk_77.json.tar.gz
2025-11-22 18:09:01.090 | INFO     | __main__:process_wiki_task:2117 - Processing file: gs://wikipedia-graph/wikipedia/raw_html_dumps/enwiki_namespace_0/enwiki_namespace_0_enwiki_namespace_0_chunk_89.json.tar.gz
2025-11-22 18:09:01.092 | INFO     | __main__:process_wiki_task:2117 - Processing file: gs://wikipedia-graph/wikipedia/raw_html_dumps/enwiki_namespace_0/enwiki_namespace_0_enwiki_namespace_0_chunk_55.json.tar.gz
2025-11-22 18:09:01.092 | INFO     | __main__:process_wiki_task:2117 - Processing file: gs://wikipedia-graph/wikipedia/raw_html_dumps/enwiki_namespace_0/enwiki_namespace_0_enwiki_namespace_0_chunk_397.json.tar.gz
2025-11-22 18:09:01.092 | INFO     | __main__:process_wiki_task:2117 - Processing file: gs://wikipedia-graph/wikipedia/raw_html_dumps/enwiki_namespace_0/enwiki_namespace_0_enwiki_namespace_0_chunk_399.json.tar.gz
2025-11-22 18:09:01.093 | INFO     | __main__:process_wiki_task:2117 - Processing file: gs://wikipedia-graph/wikipedia/raw_html_dumps/enwiki_namespace_0/enwiki_namespace_0_enwiki_namespace_0_chunk_398.json.tar.gz
2025-11-22 18:09:01.094 | INFO     | __main__:process_wiki_task:2117 - Processing file: gs://wikipedia-graph/wikipedia/raw_html_dumps/enwiki_namespace_0/enwiki_namespace_0_enwiki_namespace_0_chunk_391.json.tar.gz
2025-11-22 18:09:01.094 | INFO     | __main__:process_wiki_task:2117 - Processing file: gs://wikipedia-graph/wikipedia/raw_html_dumps/enwiki_namespace_0/enwiki_namespace_0_enwiki_namespace_0_chunk_8.json.tar.gz
2025-11-22 18:09:01.094 | INFO     | __main__:process_wiki_task:2117 - Processing file: gs://wikipedia-graph/wikipedia/raw_html_dumps/enwiki_namespace_0/enwiki_namespace_0_enwiki_namespace_0_chunk_84.json.tar.gz
2025-11-22 18:09:01.095 | INFO     | __main__:process_wiki_task:2117 - Processing file: gs://wikipedia-graph/wikipedia/raw_html_dumps/enwiki_namespace_0/enwiki_namespace_0_enwiki_namespace_0_chunk_75.json.tar.gz
2025-11-22 18:09:01.095 | INFO     | __main__:process_wiki_task:2117 - Processing file: gs://wikipedia-graph/wikipedia/raw_html_dumps/enwiki_namespace_0/enwiki_namespace_0_enwiki_namespace_0_chunk_64.json.tar.gz
2025-11-22 18:09:01.095 | INFO     | __main__:process_wiki_task:2117 - Processing file: gs://wikipedia-graph/wikipedia/raw_html_dumps/enwiki_namespace_0/enwiki_namespace_0_enwiki_namespace_0_chunk_86.json.tar.gz
2025-11-22 18:09:01.096 | INFO     | __main__:process_wiki_task:2117 - Processing file: gs://wikipedia-graph/wikipedia/raw_html_dumps/enwiki_namespace_0/enwiki_namespace_0_enwiki_namespace_0_chunk_408.json.tar.gz
2025-11-22 18:09:01.099 | INFO     | __main__:process_wiki_task:2117 - Processing file: gs://wikipedia-graph/wikipedia/raw_html_dumps/enwiki_namespace_0/enwiki_namespace_0_enwiki_namespace_0_chunk_94.json.tar.gz
2025-11-22 18:09:01.099 | INFO     | __main__:process_wiki_task:2117 - Processing file: gs://wikipedia-graph/wikipedia/raw_html_dumps/enwiki_namespace_0/enwiki_namespace_0_enwiki_namespace_0_chunk_92.json.tar.gz
2025-11-22 18:09:01.099 | INFO     | __main__:process_wiki_task:2117 - Processing file: gs://wikipedia-graph/wikipedia/raw_html_dumps/enwiki_namespace_0/enwiki_namespace_0_enwiki_namespace_0_chunk_82.json.tar.gz
2025-11-22 18:09:01.102 | INFO     | __main__:process_wiki_task:2117 - Processing file: gs://wikipedia-graph/wikipedia/raw_html_dumps/enwiki_namespace_0/enwiki_namespace_0_enwiki_namespace_0_chunk_203.json.tar.gz
2025-11-22 18:09:01.103 | INFO     | __main__:process_wiki_task:2117 - Processing file: gs://wikipedia-graph/wikipedia/raw_html_dumps/enwiki_namespace_0/enwiki_namespace_0_enwiki_namespace_0_chunk_98.json.tar.gz
2025-11-22 18:09:01.104 | INFO     | __main__:process_wiki_task:2117 - Processing file: gs://wikipedia-graph/wikipedia/raw_html_dumps/enwiki_namespace_0/enwiki_namespace_0_enwiki_namespace_0_chunk_405.json.tar.gz
2025-11-22 18:09:01.113 | INFO     | __main__:process_wiki_task:2117 - Processing file: gs://wikipedia-graph/wikipedia/raw_html_dumps/enwiki_namespace_0/enwiki_namespace_0_enwiki_namespace_0_chunk_93.json.tar.gz
2025-11-22 18:09:01.115 | INFO     | __main__:process_wiki_task:2117 - Processing file: gs://wikipedia-graph/wikipedia/raw_html_dumps/enwiki_namespace_0/enwiki_namespace_0_enwiki_namespace_0_chunk_319.json.tar.gz
2025-11-22 18:16:46.987 | ERROR    | __main__:process_wiki_task:2154 - Task 86 failed with error: Compressed file ended before the end-of-stream marker was reached
2025-11-22 18:16:46.990 | ERROR    | __main__:process_wiki_task:2157 - Traceback (most recent call last):
  File "/workspace/wiki-kg/src/wiki_kg/processing/2_extraction/run_extraction.py", line 2132, in process_wiki_task
    for doc in reader.run([], rank=task_id, world_size=total_tasks):
  File "/workspace/wiki-kg/src/wiki_kg/processing/2_extraction/run_extraction.py", line 142, in run
    for doc in iter_docs(iter_jsonl(filepath)):
  File "/workspace/wiki-kg/src/wiki_kg/processing/2_extraction/run_extraction.py", line 91, in iter_docs
    for rec in jsonl_iter:
  File "/workspace/wiki-kg/src/wiki_kg/processing/2_extraction/run_extraction.py", line 85, in iter_jsonl
    for _i, line in enumerate(
  File "/.uv/python_install/cpython-3.11.13-linux-x86_64-gnu/lib/python3.11/tarfile.py", line 701, in readinto
    buf = self.read(len(b))
          ^^^^^^^^^^^^^^^^^
  File "/.uv/python_install/cpython-3.11.13-linux-x86_64-gnu/lib/python3.11/tarfile.py", line 690, in read
    b = self.fileobj.read(length)
        ^^^^^^^^^^^^^^^^^^^^^^^^^
  File "/.uv/python_install/cpython-3.11.13-linux-x86_64-gnu/lib/python3.11/gzip.py", line 301, in read
    return self._buffer.read(size)
           ^^^^^^^^^^^^^^^^^^^^^^^
  File "/.uv/python_install/cpython-3.11.13-linux-x86_64-gnu/lib/python3.11/_compression.py", line 68, in readinto
    data = self.read(len(byte_view))
           ^^^^^^^^^^^^^^^^^^^^^^^^^
  File "/.uv/python_install/cpython-3.11.13-linux-x86_64-gnu/lib/python3.11/gzip.py", line 518, in read
    raise EOFError("Compressed file ended before the "
EOFError: Compressed file ended before the end-of-stream marker was reached

2025-11-22 18:18:02.749 | ERROR    | __main__:process_wiki_task:2154 - Task 30 failed with error: Compressed file ended before the end-of-stream marker was reached
2025-11-22 18:18:02.752 | ERROR    | __main__:process_wiki_task:2157 - Traceback (most recent call last):
  File "/workspace/wiki-kg/src/wiki_kg/processing/2_extraction/run_extraction.py", line 2132, in process_wiki_task
    for doc in reader.run([], rank=task_id, world_size=total_tasks):
  File "/workspace/wiki-kg/src/wiki_kg/processing/2_extraction/run_extraction.py", line 142, in run
    for doc in iter_docs(iter_jsonl(filepath)):
  File "/workspace/wiki-kg/src/wiki_kg/processing/2_extraction/run_extraction.py", line 91, in iter_docs
    for rec in jsonl_iter:
  File "/workspace/wiki-kg/src/wiki_kg/processing/2_extraction/run_extraction.py", line 85, in iter_jsonl
    for _i, line in enumerate(
  File "/.uv/python_install/cpython-3.11.13-linux-x86_64-gnu/lib/python3.11/tarfile.py", line 701, in readinto
    buf = self.read(len(b))
          ^^^^^^^^^^^^^^^^^
  File "/.uv/python_install/cpython-3.11.13-linux-x86_64-gnu/lib/python3.11/tarfile.py", line 690, in read
    b = self.fileobj.read(length)
        ^^^^^^^^^^^^^^^^^^^^^^^^^
  File "/.uv/python_install/cpython-3.11.13-linux-x86_64-gnu/lib/python3.11/gzip.py", line 301, in read
    return self._buffer.read(size)
           ^^^^^^^^^^^^^^^^^^^^^^^
  File "/.uv/python_install/cpython-3.11.13-linux-x86_64-gnu/lib/python3.11/_compression.py", line 68, in readinto
    data = self.read(len(byte_view))
           ^^^^^^^^^^^^^^^^^^^^^^^^^
  File "/.uv/python_install/cpython-3.11.13-linux-x86_64-gnu/lib/python3.11/gzip.py", line 518, in read
    raise EOFError("Compressed file ended before the "
EOFError: Compressed file ended before the end-of-stream marker was reached

2025-11-22 18:19:02.309 | WARNING  | __main__:run:2047 - ⏰ Timeout while cleaning record text. Skipping record.
2025-11-22 18:20:57.377 | WARNING  | __main__:run:2047 - ⏰ Timeout while cleaning record text. Skipping record.
2025-11-22 18:24:49.035 | WARNING  | __main__:run:2047 - ⏰ Timeout while cleaning record text. Skipping record.
2025-11-22 18:24:49.829 | ERROR    | __main__:process_wiki_task:2154 - Task 357 failed with error: Compressed file ended before the end-of-stream marker was reached
2025-11-22 18:24:49.832 | ERROR    | __main__:process_wiki_task:2157 - Traceback (most recent call last):
  File "/workspace/wiki-kg/src/wiki_kg/processing/2_extraction/run_extraction.py", line 2132, in process_wiki_task
    for doc in reader.run([], rank=task_id, world_size=total_tasks):
  File "/workspace/wiki-kg/src/wiki_kg/processing/2_extraction/run_extraction.py", line 142, in run
    for doc in iter_docs(iter_jsonl(filepath)):
  File "/workspace/wiki-kg/src/wiki_kg/processing/2_extraction/run_extraction.py", line 91, in iter_docs
    for rec in jsonl_iter:
  File "/workspace/wiki-kg/src/wiki_kg/processing/2_extraction/run_extraction.py", line 85, in iter_jsonl
    for _i, line in enumerate(
  File "/.uv/python_install/cpython-3.11.13-linux-x86_64-gnu/lib/python3.11/tarfile.py", line 701, in readinto
    buf = self.read(len(b))
          ^^^^^^^^^^^^^^^^^
  File "/.uv/python_install/cpython-3.11.13-linux-x86_64-gnu/lib/python3.11/tarfile.py", line 690, in read
    b = self.fileobj.read(length)
        ^^^^^^^^^^^^^^^^^^^^^^^^^
  File "/.uv/python_install/cpython-3.11.13-linux-x86_64-gnu/lib/python3.11/gzip.py", line 301, in read
    return self._buffer.read(size)
           ^^^^^^^^^^^^^^^^^^^^^^^
  File "/.uv/python_install/cpython-3.11.13-linux-x86_64-gnu/lib/python3.11/_compression.py", line 68, in readinto
    data = self.read(len(byte_view))
           ^^^^^^^^^^^^^^^^^^^^^^^^^
  File "/.uv/python_install/cpython-3.11.13-linux-x86_64-gnu/lib/python3.11/gzip.py", line 518, in read
    raise EOFError("Compressed file ended before the "
EOFError: Compressed file ended before the end-of-stream marker was reached

2025-11-22 18:24:56.344 | INFO     | __main__:process_wiki_task:2148 - Task 351 completed. Processed 3994 documents, wrote 3994
2025-11-22 18:26:57.571 | INFO     | __main__:process_wiki_task:2148 - Task 379 completed. Processed 29958 documents, wrote 29958
2025-11-22 18:27:06.015 | INFO     | __main__:process_wiki_task:2148 - Task 323 completed. Processed 30355 documents, wrote 30355
2025-11-22 18:27:13.902 | INFO     | __main__:process_wiki_task:2148 - Task 358 completed. Processed 29817 documents, wrote 29817
2025-11-22 18:27:14.725 | INFO     | __main__:process_wiki_task:2148 - Task 346 completed. Processed 29794 documents, wrote 29794
2025-11-22 18:27:18.578 | INFO     | __main__:process_wiki_task:2148 - Task 352 completed. Processed 29722 documents, wrote 29722
2025-11-22 18:27:21.205 | INFO     | __main__:process_wiki_task:2148 - Task 375 completed. Processed 29930 documents, wrote 29930
2025-11-22 18:27:24.387 | INFO     | __main__:process_wiki_task:2148 - Task 312 completed. Processed 30153 documents, wrote 30153
2025-11-22 18:27:26.468 | INFO     | __main__:process_wiki_task:2148 - Task 355 completed. Processed 29530 documents, wrote 29530
2025-11-22 18:27:28.501 | INFO     | __main__:process_wiki_task:2148 - Task 363 completed. Processed 28684 documents, wrote 28684
2025-11-22 18:27:31.255 | INFO     | __main__:process_wiki_task:2148 - Task 369 completed. Processed 29888 documents, wrote 29888
2025-11-22 18:27:31.791 | INFO     | __main__:process_wiki_task:2148 - Task 157 completed. Processed 29234 documents, wrote 29234
2025-11-22 18:27:32.529 | INFO     | __main__:process_wiki_task:2148 - Task 201 completed. Processed 29901 documents, wrote 29901
2025-11-22 18:27:33.615 | INFO     | __main__:process_wiki_task:2148 - Task 378 completed. Processed 30086 documents, wrote 30086
2025-11-22 18:27:33.833 | INFO     | __main__:process_wiki_task:2148 - Task 384 completed. Processed 30103 documents, wrote 30103
2025-11-22 18:27:33.951 | INFO     | __main__:process_wiki_task:2148 - Task 268 completed. Processed 30120 documents, wrote 30120
2025-11-22 18:27:35.488 | INFO     | __main__:process_wiki_task:2148 - Task 359 completed. Processed 29651 documents, wrote 29651
2025-11-22 18:27:40.495 | INFO     | __main__:process_wiki_task:2148 - Task 168 completed. Processed 29607 documents, wrote 29607
2025-11-22 18:27:41.233 | INFO     | __main__:process_wiki_task:2148 - Task 377 completed. Processed 27839 documents, wrote 27839
2025-11-22 18:27:41.361 | INFO     | __main__:process_wiki_task:2148 - Task 370 completed. Processed 29846 documents, wrote 29846
2025-11-22 18:27:42.660 | INFO     | __main__:process_wiki_task:2148 - Task 361 completed. Processed 29498 documents, wrote 29498
2025-11-22 18:27:43.663 | INFO     | __main__:process_wiki_task:2148 - Task 381 completed. Processed 30047 documents, wrote 30047
2025-11-22 18:27:49.804 | INFO     | __main__:process_wiki_task:2148 - Task 366 completed. Processed 28698 documents, wrote 28698
2025-11-22 18:27:53.267 | INFO     | __main__:process_wiki_task:2148 - Task 135 completed. Processed 29270 documents, wrote 29270
2025-11-22 18:27:55.293 | INFO     | __main__:process_wiki_task:2148 - Task 356 completed. Processed 27222 documents, wrote 27222
2025-11-22 18:28:01.273 | INFO     | __main__:process_wiki_task:2148 - Task 385 completed. Processed 28094 documents, wrote 28094
2025-11-22 18:28:01.902 | INFO     | __main__:process_wiki_task:2148 - Task 398 completed. Processed 28681 documents, wrote 28681
2025-11-22 18:28:03.336 | INFO     | __main__:process_wiki_task:2148 - Task 235 completed. Processed 29834 documents, wrote 29834
2025-11-22 18:28:06.737 | INFO     | __main__:process_wiki_task:2148 - Task 391 completed. Processed 27791 documents, wrote 27791
2025-11-22 18:28:07.221 | INFO     | __main__:process_wiki_task:2148 - Task 212 completed. Processed 30078 documents, wrote 30078
2025-11-22 18:28:08.488 | INFO     | __main__:process_wiki_task:2148 - Task 354 completed. Processed 27542 documents, wrote 27542
2025-11-22 18:28:08.731 | INFO     | __main__:process_wiki_task:2148 - Task 179 completed. Processed 29681 documents, wrote 29681
2025-11-22 18:28:16.025 | INFO     | __main__:process_wiki_task:2148 - Task 395 completed. Processed 29378 documents, wrote 29378
2025-11-22 18:28:17.420 | WARNING  | __main__:run:2047 - ⏰ Timeout while cleaning record text. Skipping record.
2025-11-22 18:28:21.491 | INFO     | __main__:process_wiki_task:2148 - Task 257 completed. Processed 30776 documents, wrote 30776
2025-11-22 18:28:21.877 | INFO     | __main__:process_wiki_task:2148 - Task 90 completed. Processed 29644 documents, wrote 29644
2025-11-22 18:28:23.806 | INFO     | __main__:process_wiki_task:2148 - Task 113 completed. Processed 29745 documents, wrote 29745
2025-11-22 18:28:24.855 | INFO     | __main__:process_wiki_task:2148 - Task 59 completed. Processed 19009 documents, wrote 19009
2025-11-22 18:28:24.985 | INFO     | __main__:process_wiki_task:2148 - Task 364 completed. Processed 26142 documents, wrote 26142
2025-11-22 18:28:25.324 | INFO     | __main__:process_wiki_task:2148 - Task 376 completed. Processed 26467 documents, wrote 26467
2025-11-22 18:28:27.205 | INFO     | __main__:process_wiki_task:2148 - Task 301 completed. Processed 29654 documents, wrote 29654
2025-11-22 18:28:27.843 | INFO     | __main__:process_wiki_task:2148 - Task 392 completed. Processed 27303 documents, wrote 27303
2025-11-22 18:28:28.391 | INFO     | __main__:process_wiki_task:2148 - Task 373 completed. Processed 27674 documents, wrote 27674
2025-11-22 18:28:33.649 | INFO     | __main__:process_wiki_task:2148 - Task 335 completed. Processed 29416 documents, wrote 29416
2025-11-22 18:28:35.607 | INFO     | __main__:process_wiki_task:2148 - Task 246 completed. Processed 29358 documents, wrote 29358
2025-11-22 18:28:44.827 | INFO     | __main__:process_wiki_task:2148 - Task 394 completed. Processed 29076 documents, wrote 29076
2025-11-22 18:28:47.688 | INFO     | __main__:process_wiki_task:2148 - Task 390 completed. Processed 29151 documents, wrote 29151
2025-11-22 18:28:47.700 | INFO     | __main__:process_wiki_task:2148 - Task 124 completed. Processed 29150 documents, wrote 29150
2025-11-22 18:28:47.890 | INFO     | __main__:process_wiki_task:2148 - Task 372 completed. Processed 26207 documents, wrote 26207
2025-11-22 18:28:48.571 | INFO     | __main__:process_wiki_task:2148 - Task 374 completed. Processed 28286 documents, wrote 28286
2025-11-22 18:28:52.411 | INFO     | __main__:process_wiki_task:2148 - Task 279 completed. Processed 28215 documents, wrote 28215
2025-11-22 18:28:54.143 | INFO     | __main__:process_wiki_task:2148 - Task 383 completed. Processed 28838 documents, wrote 28838
2025-11-22 18:28:56.632 | INFO     | __main__:process_wiki_task:2148 - Task 146 completed. Processed 27482 documents, wrote 27482
2025-11-22 18:28:56.906 | INFO     | __main__:process_wiki_task:2148 - Task 55 completed. Processed 19129 documents, wrote 19129
2025-11-22 18:28:57.296 | INFO     | __main__:process_wiki_task:2148 - Task 50 completed. Processed 18743 documents, wrote 18743
2025-11-22 18:29:01.921 | INFO     | __main__:process_wiki_task:2148 - Task 365 completed. Processed 28064 documents, wrote 28064
2025-11-22 18:29:03.178 | INFO     | __main__:process_wiki_task:2148 - Task 410 completed. Processed 19388 documents, wrote 19388
2025-11-22 18:29:05.352 | INFO     | __main__:process_wiki_task:2148 - Task 48 completed. Processed 18604 documents, wrote 18604
2025-11-22 18:29:06.033 | INFO     | __main__:process_wiki_task:2148 - Task 367 completed. Processed 26678 documents, wrote 26678
2025-11-22 18:29:09.399 | INFO     | __main__:process_wiki_task:2148 - Task 58 completed. Processed 18653 documents, wrote 18653
2025-11-22 18:29:12.575 | INFO     | __main__:process_wiki_task:2148 - Task 412 completed. Processed 19758 documents, wrote 19758
2025-11-22 18:29:12.937 | INFO     | __main__:process_wiki_task:2148 - Task 5 completed. Processed 21438 documents, wrote 21438
2025-11-22 18:29:14.662 | INFO     | __main__:process_wiki_task:2148 - Task 56 completed. Processed 18885 documents, wrote 18885
2025-11-22 18:29:17.549 | INFO     | __main__:process_wiki_task:2148 - Task 25 completed. Processed 18862 documents, wrote 18862
2025-11-22 18:29:17.621 | INFO     | __main__:process_wiki_task:2148 - Task 388 completed. Processed 29449 documents, wrote 29449
2025-11-22 18:29:21.805 | INFO     | __main__:process_wiki_task:2148 - Task 405 completed. Processed 22613 documents, wrote 22613
2025-11-22 18:29:24.431 | INFO     | __main__:process_wiki_task:2148 - Task 189 completed. Processed 16135 documents, wrote 16135
2025-11-22 18:29:25.153 | INFO     | __main__:process_wiki_task:2148 - Task 97 completed. Processed 17522 documents, wrote 17522
2025-11-22 18:29:26.082 | INFO     | __main__:process_wiki_task:2148 - Task 362 completed. Processed 29878 documents, wrote 29878
2025-11-22 18:29:26.291 | INFO     | __main__:process_wiki_task:2148 - Task 60 completed. Processed 19643 documents, wrote 19643
2025-11-22 18:29:30.893 | INFO     | __main__:process_wiki_task:2148 - Task 225 completed. Processed 11307 documents, wrote 11307
2025-11-22 18:29:31.146 | INFO     | __main__:process_wiki_task:2148 - Task 83 completed. Processed 17412 documents, wrote 17412
2025-11-22 18:29:31.283 | INFO     | __main__:process_wiki_task:2148 - Task 28 completed. Processed 19310 documents, wrote 19310
2025-11-22 18:29:32.087 | INFO     | __main__:process_wiki_task:2148 - Task 250 completed. Processed 10877 documents, wrote 10877
2025-11-22 18:29:33.083 | INFO     | __main__:process_wiki_task:2148 - Task 49 completed. Processed 18299 documents, wrote 18299
2025-11-22 18:29:37.008 | INFO     | __main__:process_wiki_task:2148 - Task 122 completed. Processed 14330 documents, wrote 14330
2025-11-22 18:29:37.326 | INFO     | __main__:process_wiki_task:2148 - Task 224 completed. Processed 30025 documents, wrote 30025
2025-11-22 18:29:37.570 | INFO     | __main__:process_wiki_task:2148 - Task 99 completed. Processed 17151 documents, wrote 17151
2025-11-22 18:29:38.904 | INFO     | __main__:process_wiki_task:2148 - Task 167 completed. Processed 12735 documents, wrote 12735
2025-11-22 18:29:39.563 | INFO     | __main__:process_wiki_task:2148 - Task 413 completed. Processed 19870 documents, wrote 19870
2025-11-22 18:29:39.771 | INFO     | __main__:process_wiki_task:2148 - Task 409 completed. Processed 20770 documents, wrote 20770
2025-11-22 18:29:40.077 | INFO     | __main__:process_wiki_task:2148 - Task 33 completed. Processed 21188 documents, wrote 21188
2025-11-22 18:29:41.621 | INFO     | __main__:process_wiki_task:2148 - Task 7 completed. Processed 21511 documents, wrote 21511
2025-11-22 18:29:42.651 | INFO     | __main__:process_wiki_task:2148 - Task 408 completed. Processed 22287 documents, wrote 22287
2025-11-22 18:29:44.133 | INFO     | __main__:process_wiki_task:2148 - Task 387 completed. Processed 29943 documents, wrote 29943
2025-11-22 18:29:45.036 | INFO     | __main__:process_wiki_task:2148 - Task 20 completed. Processed 20437 documents, wrote 20437
2025-11-22 18:29:46.373 | INFO     | __main__:process_wiki_task:2148 - Task 322 completed. Processed 7155 documents, wrote 7155
2025-11-22 18:29:47.075 | INFO     | __main__:process_wiki_task:2148 - Task 36 completed. Processed 19755 documents, wrote 19755
2025-11-22 18:29:47.274 | INFO     | __main__:process_wiki_task:2148 - Task 71 completed. Processed 17861 documents, wrote 17861
2025-11-22 18:29:48.853 | INFO     | __main__:process_wiki_task:2148 - Task 102 completed. Processed 16190 documents, wrote 16190
2025-11-22 18:29:49.024 | INFO     | __main__:process_wiki_task:2148 - Task 72 completed. Processed 17965 documents, wrote 17965
2025-11-22 18:29:49.774 | INFO     | __main__:process_wiki_task:2148 - Task 123 completed. Processed 14310 documents, wrote 14310
2025-11-22 18:29:51.743 | INFO     | __main__:process_wiki_task:2148 - Task 76 completed. Processed 17968 documents, wrote 17968
2025-11-22 18:29:52.000 | INFO     | __main__:process_wiki_task:2148 - Task 184 completed. Processed 13353 documents, wrote 13353
2025-11-22 18:29:52.705 | INFO     | __main__:process_wiki_task:2148 - Task 92 completed. Processed 16238 documents, wrote 16238
2025-11-22 18:29:54.629 | INFO     | __main__:process_wiki_task:2148 - Task 39 completed. Processed 18812 documents, wrote 18812
2025-11-22 18:29:55.203 | INFO     | __main__:process_wiki_task:2148 - Task 191 completed. Processed 16218 documents, wrote 16218
2025-11-22 18:29:55.319 | INFO     | __main__:process_wiki_task:2148 - Task 23 completed. Processed 18094 documents, wrote 18094
2025-11-22 18:29:56.189 | INFO     | __main__:process_wiki_task:2148 - Task 411 completed. Processed 18669 documents, wrote 18669
2025-11-22 18:29:57.686 | INFO     | __main__:process_wiki_task:2148 - Task 121 completed. Processed 13657 documents, wrote 13657
2025-11-22 18:29:57.847 | INFO     | __main__:process_wiki_task:2148 - Task 311 completed. Processed 7758 documents, wrote 7758
2025-11-22 18:29:58.255 | INFO     | __main__:process_wiki_task:2148 - Task 192 completed. Processed 16188 documents, wrote 16188
2025-11-22 18:29:58.596 | INFO     | __main__:process_wiki_task:2148 - Task 188 completed. Processed 14472 documents, wrote 14472
2025-11-22 18:29:58.693 | INFO     | __main__:process_wiki_task:2148 - Task 291 completed. Processed 9824 documents, wrote 9824
2025-11-22 18:30:00.482 | INFO     | __main__:process_wiki_task:2148 - Task 42 completed. Processed 20418 documents, wrote 20418
2025-11-22 18:30:00.492 | INFO     | __main__:process_wiki_task:2148 - Task 403 completed. Processed 21298 documents, wrote 21298
2025-11-22 18:30:01.808 | INFO     | __main__:process_wiki_task:2148 - Task 386 completed. Processed 28848 documents, wrote 28848
2025-11-22 18:30:02.934 | INFO     | __main__:process_wiki_task:2148 - Task 295 completed. Processed 9603 documents, wrote 9603
2025-11-22 18:30:03.457 | INFO     | __main__:process_wiki_task:2148 - Task 119 completed. Processed 15214 documents, wrote 15214
2025-11-22 18:30:03.987 | INFO     | __main__:process_wiki_task:2148 - Task 40 completed. Processed 20492 documents, wrote 20492
2025-11-22 18:30:04.142 | INFO     | __main__:process_wiki_task:2148 - Task 127 completed. Processed 15381 documents, wrote 15381
2025-11-22 18:30:04.492 | INFO     | __main__:process_wiki_task:2148 - Task 93 completed. Processed 17025 documents, wrote 17025
2025-11-22 18:30:05.587 | INFO     | __main__:process_wiki_task:2148 - Task 96 completed. Processed 16790 documents, wrote 16790
2025-11-22 18:30:05.752 | INFO     | __main__:process_wiki_task:2148 - Task 41 completed. Processed 20329 documents, wrote 20329
2025-11-22 18:30:05.918 | INFO     | __main__:process_wiki_task:2148 - Task 54 completed. Processed 18733 documents, wrote 18733
2025-11-22 18:30:05.978 | INFO     | __main__:process_wiki_task:2148 - Task 342 completed. Processed 5630 documents, wrote 5630
2025-11-22 18:30:06.010 | INFO     | __main__:process_wiki_task:2148 - Task 285 completed. Processed 10133 documents, wrote 10133
2025-11-22 18:30:06.677 | INFO     | __main__:process_wiki_task:2148 - Task 82 completed. Processed 18465 documents, wrote 18465
2025-11-22 18:30:07.252 | INFO     | __main__:process_wiki_task:2148 - Task 78 completed. Processed 18084 documents, wrote 18084
2025-11-22 18:30:07.395 | INFO     | __main__:process_wiki_task:2148 - Task 319 completed. Processed 7013 documents, wrote 7013
2025-11-22 18:30:07.435 | INFO     | __main__:process_wiki_task:2148 - Task 100 completed. Processed 16585 documents, wrote 16585
2025-11-22 18:30:08.099 | INFO     | __main__:process_wiki_task:2148 - Task 389 completed. Processed 28085 documents, wrote 28085
2025-11-22 18:30:08.433 | INFO     | __main__:process_wiki_task:2148 - Task 289 completed. Processed 9718 documents, wrote 9718
2025-11-22 18:30:08.581 | INFO     | __main__:process_wiki_task:2148 - Task 120 completed. Processed 14044 documents, wrote 14044
2025-11-22 18:30:10.960 | INFO     | __main__:process_wiki_task:2148 - Task 171 completed. Processed 13614 documents, wrote 13614
2025-11-22 18:30:12.009 | INFO     | __main__:process_wiki_task:2148 - Task 47 completed. Processed 18323 documents, wrote 18323
2025-11-22 18:30:12.021 | INFO     | __main__:process_wiki_task:2148 - Task 128 completed. Processed 15186 documents, wrote 15185
2025-11-22 18:30:12.144 | INFO     | __main__:process_wiki_task:2148 - Task 94 completed. Processed 17248 documents, wrote 17248
2025-11-22 18:30:12.229 | INFO     | __main__:process_wiki_task:2148 - Task 4 completed. Processed 20881 documents, wrote 20881
2025-11-22 18:30:12.233 | INFO     | __main__:process_wiki_task:2148 - Task 3 completed. Processed 20048 documents, wrote 20048
2025-11-22 18:30:13.178 | INFO     | __main__:process_wiki_task:2148 - Task 125 completed. Processed 13943 documents, wrote 13943
2025-11-22 18:30:13.253 | INFO     | __main__:process_wiki_task:2148 - Task 131 completed. Processed 15193 documents, wrote 15193
2025-11-22 18:30:13.395 | INFO     | __main__:process_wiki_task:2148 - Task 258 completed. Processed 10962 documents, wrote 10962
2025-11-22 18:30:14.924 | INFO     | __main__:process_wiki_task:2148 - Task 81 completed. Processed 18274 documents, wrote 18274
2025-11-22 18:30:15.710 | INFO     | __main__:process_wiki_task:2148 - Task 64 completed. Processed 17651 documents, wrote 17651
2025-11-22 18:30:16.551 | INFO     | __main__:process_wiki_task:2148 - Task 166 completed. Processed 12997 documents, wrote 12997
2025-11-22 18:30:16.621 | INFO     | __main__:process_wiki_task:2148 - Task 84 completed. Processed 17243 documents, wrote 17243
2025-11-22 18:30:16.775 | INFO     | __main__:process_wiki_task:2148 - Task 336 completed. Processed 5281 documents, wrote 5281
2025-11-22 18:30:19.545 | INFO     | __main__:process_wiki_task:2148 - Task 316 completed. Processed 7480 documents, wrote 7480
2025-11-22 18:30:20.425 | INFO     | __main__:process_wiki_task:2148 - Task 53 completed. Processed 17945 documents, wrote 17945
2025-11-22 18:30:20.518 | INFO     | __main__:process_wiki_task:2148 - Task 118 completed. Processed 15421 documents, wrote 15421
2025-11-22 18:30:22.649 | INFO     | __main__:process_wiki_task:2148 - Task 256 completed. Processed 10870 documents, wrote 10870
2025-11-22 18:30:22.916 | INFO     | __main__:process_wiki_task:2148 - Task 294 completed. Processed 9509 documents, wrote 9509
2025-11-22 18:30:24.150 | INFO     | __main__:process_wiki_task:2148 - Task 117 completed. Processed 15377 documents, wrote 15377
2025-11-22 18:30:25.451 | INFO     | __main__:process_wiki_task:2148 - Task 67 completed. Processed 17767 documents, wrote 17767
2025-11-22 18:30:26.180 | INFO     | __main__:process_wiki_task:2148 - Task 182 completed. Processed 13878 documents, wrote 13878
2025-11-22 18:30:26.475 | INFO     | __main__:process_wiki_task:2148 - Task 269 completed. Processed 10044 documents, wrote 10044
2025-11-22 18:30:26.519 | INFO     | __main__:process_wiki_task:2148 - Task 273 completed. Processed 9733 documents, wrote 9733
2025-11-22 18:30:26.842 | INFO     | __main__:process_wiki_task:2148 - Task 88 completed. Processed 17219 documents, wrote 17219
2025-11-22 18:30:27.779 | INFO     | __main__:process_wiki_task:2148 - Task 324 completed. Processed 6660 documents, wrote 6660
2025-11-22 18:30:28.241 | INFO     | __main__:process_wiki_task:2148 - Task 61 completed. Processed 19519 documents, wrote 19519
2025-11-22 18:30:28.295 | INFO     | __main__:process_wiki_task:2148 - Task 0 completed. Processed 14712 documents, wrote 14712
2025-11-22 18:30:28.356 | INFO     | __main__:process_wiki_task:2148 - Task 87 completed. Processed 17322 documents, wrote 17322
2025-11-22 18:30:28.992 | INFO     | __main__:process_wiki_task:2148 - Task 230 completed. Processed 11641 documents, wrote 11641
2025-11-22 18:30:29.169 | INFO     | __main__:process_wiki_task:2148 - Task 232 completed. Processed 12034 documents, wrote 12034
2025-11-22 18:30:29.185 | INFO     | __main__:process_wiki_task:2148 - Task 292 completed. Processed 9689 documents, wrote 9689
2025-11-22 18:30:30.988 | INFO     | __main__:process_wiki_task:2148 - Task 238 completed. Processed 11102 documents, wrote 11102
2025-11-22 18:30:32.105 | INFO     | __main__:process_wiki_task:2148 - Task 339 completed. Processed 5655 documents, wrote 5655
2025-11-22 18:30:32.530 | INFO     | __main__:process_wiki_task:2148 - Task 104 completed. Processed 13880 documents, wrote 13880
2025-11-22 18:30:32.742 | INFO     | __main__:process_wiki_task:2148 - Task 85 completed. Processed 16940 documents, wrote 16940
2025-11-22 18:30:35.349 | INFO     | __main__:process_wiki_task:2148 - Task 199 completed. Processed 12119 documents, wrote 12119
2025-11-22 18:30:35.948 | INFO     | __main__:process_wiki_task:2148 - Task 209 completed. Processed 12236 documents, wrote 12236
2025-11-22 18:30:35.958 | INFO     | __main__:process_wiki_task:2148 - Task 227 completed. Processed 11650 documents, wrote 11650
2025-11-22 18:30:36.832 | INFO     | __main__:process_wiki_task:2148 - Task 287 completed. Processed 9468 documents, wrote 9468
2025-11-22 18:30:36.864 | INFO     | __main__:process_wiki_task:2148 - Task 91 completed. Processed 16017 documents, wrote 16017
2025-11-22 18:30:37.670 | INFO     | __main__:process_wiki_task:2148 - Task 308 completed. Processed 8408 documents, wrote 8408
2025-11-22 18:30:37.763 | INFO     | __main__:process_wiki_task:2148 - Task 259 completed. Processed 11246 documents, wrote 11246
2025-11-22 18:30:38.268 | INFO     | __main__:process_wiki_task:2148 - Task 1 completed. Processed 14779 documents, wrote 14779
2025-11-22 18:30:38.800 | INFO     | __main__:process_wiki_task:2148 - Task 17 completed. Processed 20332 documents, wrote 20332
2025-11-22 18:30:39.076 | INFO     | __main__:process_wiki_task:2148 - Task 15 completed. Processed 22195 documents, wrote 22195
2025-11-22 18:30:39.164 | INFO     | __main__:process_wiki_task:2148 - Task 109 completed. Processed 15093 documents, wrote 15093
2025-11-22 18:30:40.258 | INFO     | __main__:process_wiki_task:2148 - Task 266 completed. Processed 10141 documents, wrote 10141
2025-11-22 18:30:40.602 | INFO     | __main__:process_wiki_task:2148 - Task 297 completed. Processed 9034 documents, wrote 9034
2025-11-22 18:30:41.380 | INFO     | __main__:process_wiki_task:2148 - Task 275 completed. Processed 9658 documents, wrote 9658
2025-11-22 18:30:42.051 | INFO     | __main__:process_wiki_task:2148 - Task 194 completed. Processed 14422 documents, wrote 14422
2025-11-22 18:30:42.090 | INFO     | __main__:process_wiki_task:2148 - Task 347 completed. Processed 5965 documents, wrote 5965
2025-11-22 18:30:42.514 | INFO     | __main__:process_wiki_task:2148 - Task 77 completed. Processed 18186 documents, wrote 18186
2025-11-22 18:30:44.332 | INFO     | __main__:process_wiki_task:2148 - Task 296 completed. Processed 9367 documents, wrote 9367
2025-11-22 18:30:44.889 | INFO     | __main__:process_wiki_task:2148 - Task 303 completed. Processed 8489 documents, wrote 8489
2025-11-22 18:30:45.034 | INFO     | __main__:process_wiki_task:2148 - Task 126 completed. Processed 14700 documents, wrote 14700
2025-11-22 18:30:48.172 | INFO     | __main__:process_wiki_task:2148 - Task 31 completed. Processed 20317 documents, wrote 20317
2025-11-22 18:30:48.694 | INFO     | __main__:process_wiki_task:2148 - Task 111 completed. Processed 16112 documents, wrote 16112
2025-11-22 18:30:48.970 | INFO     | __main__:process_wiki_task:2148 - Task 103 completed. Processed 14685 documents, wrote 14685
2025-11-22 18:30:49.106 | INFO     | __main__:process_wiki_task:2148 - Task 326 completed. Processed 6504 documents, wrote 6504
2025-11-22 18:30:50.783 | INFO     | __main__:process_wiki_task:2148 - Task 348 completed. Processed 5827 documents, wrote 5827
2025-11-22 18:30:51.742 | INFO     | __main__:process_wiki_task:2148 - Task 6 completed. Processed 20267 documents, wrote 20267
2025-11-22 18:30:51.851 | INFO     | __main__:process_wiki_task:2148 - Task 200 completed. Processed 12399 documents, wrote 12399
2025-11-22 18:30:51.856 | INFO     | __main__:process_wiki_task:2148 - Task 260 completed. Processed 11614 documents, wrote 11614
2025-11-22 18:30:53.142 | INFO     | __main__:process_wiki_task:2148 - Task 332 completed. Processed 5645 documents, wrote 5645
2025-11-22 18:30:55.544 | INFO     | __main__:process_wiki_task:2148 - Task 239 completed. Processed 10951 documents, wrote 10951
2025-11-22 18:30:55.762 | INFO     | __main__:process_wiki_task:2148 - Task 10 completed. Processed 20413 documents, wrote 20413
2025-11-22 18:30:56.451 | INFO     | __main__:process_wiki_task:2148 - Task 75 completed. Processed 17410 documents, wrote 17410
2025-11-22 18:30:56.689 | INFO     | __main__:process_wiki_task:2148 - Task 68 completed. Processed 29843 documents, wrote 29843
2025-11-22 18:30:56.887 | INFO     | __main__:process_wiki_task:2148 - Task 236 completed. Processed 11551 documents, wrote 11551
2025-11-22 18:30:57.030 | INFO     | __main__:process_wiki_task:2148 - Task 221 completed. Processed 12294 documents, wrote 12294
2025-11-22 18:30:58.012 | INFO     | __main__:process_wiki_task:2148 - Task 349 completed. Processed 5701 documents, wrote 5701
2025-11-22 18:30:58.519 | INFO     | __main__:process_wiki_task:2148 - Task 65 completed. Processed 17282 documents, wrote 17282
2025-11-22 18:30:58.851 | INFO     | __main__:process_wiki_task:2148 - Task 216 completed. Processed 14051 documents, wrote 14051
2025-11-22 18:30:58.966 | INFO     | __main__:process_wiki_task:2148 - Task 162 completed. Processed 15256 documents, wrote 15256
2025-11-22 18:30:59.335 | INFO     | __main__:process_wiki_task:2148 - Task 254 completed. Processed 10860 documents, wrote 10860
2025-11-22 18:31:00.748 | INFO     | __main__:process_wiki_task:2148 - Task 274 completed. Processed 9457 documents, wrote 9457
2025-11-22 18:31:02.532 | INFO     | __main__:process_wiki_task:2148 - Task 248 completed. Processed 11146 documents, wrote 11146
2025-11-22 18:31:02.813 | INFO     | __main__:process_wiki_task:2148 - Task 234 completed. Processed 11971 documents, wrote 11971
2025-11-22 18:31:03.682 | INFO     | __main__:process_wiki_task:2148 - Task 57 completed. Processed 18586 documents, wrote 18586
2025-11-22 18:31:05.433 | INFO     | __main__:process_wiki_task:2148 - Task 129 completed. Processed 15450 documents, wrote 15450
2025-11-22 18:31:07.820 | INFO     | __main__:process_wiki_task:2148 - Task 252 completed. Processed 10872 documents, wrote 10872
2025-11-22 18:31:09.520 | INFO     | __main__:process_wiki_task:2148 - Task 237 completed. Processed 11475 documents, wrote 11475
2025-11-22 18:31:09.993 | INFO     | __main__:process_wiki_task:2148 - Task 329 completed. Processed 5816 documents, wrote 5816
2025-11-22 18:31:11.383 | INFO     | __main__:process_wiki_task:2148 - Task 222 completed. Processed 11830 documents, wrote 11830
2025-11-22 18:31:12.925 | INFO     | __main__:process_wiki_task:2148 - Task 32 completed. Processed 21237 documents, wrote 21237
2025-11-22 18:31:13.815 | INFO     | __main__:process_wiki_task:2148 - Task 165 completed. Processed 12980 documents, wrote 12980
2025-11-22 18:31:13.888 | INFO     | __main__:process_wiki_task:2148 - Task 229 completed. Processed 11570 documents, wrote 11570
2025-11-22 18:31:13.985 | INFO     | __main__:process_wiki_task:2148 - Task 13 completed. Processed 18276 documents, wrote 18276
2025-11-22 18:31:15.459 | INFO     | __main__:process_wiki_task:2148 - Task 247 completed. Processed 10867 documents, wrote 10867
2025-11-22 18:31:18.439 | INFO     | __main__:process_wiki_task:2148 - Task 211 completed. Processed 12020 documents, wrote 12020
2025-11-22 18:31:18.708 | INFO     | __main__:process_wiki_task:2148 - Task 214 completed. Processed 13077 documents, wrote 13077
2025-11-22 18:31:20.715 | INFO     | __main__:process_wiki_task:2148 - Task 29 completed. Processed 19101 documents, wrote 19101
2025-11-22 18:31:22.559 | INFO     | __main__:process_wiki_task:2148 - Task 202 completed. Processed 12586 documents, wrote 12586
2025-11-22 18:31:22.655 | INFO     | __main__:process_wiki_task:2148 - Task 298 completed. Processed 9315 documents, wrote 9315
2025-11-22 18:31:22.948 | INFO     | __main__:process_wiki_task:2148 - Task 101 completed. Processed 28923 documents, wrote 28923
2025-11-22 18:31:23.328 | INFO     | __main__:process_wiki_task:2148 - Task 243 completed. Processed 10514 documents, wrote 10514
2025-11-22 18:31:24.335 | INFO     | __main__:process_wiki_task:2148 - Task 318 completed. Processed 7439 documents, wrote 7439
2025-11-22 18:31:24.589 | INFO     | __main__:process_wiki_task:2148 - Task 110 completed. Processed 16506 documents, wrote 16506
2025-11-22 18:31:25.632 | INFO     | __main__:process_wiki_task:2148 - Task 353 completed. Processed 29323 documents, wrote 29323
2025-11-22 18:31:26.876 | INFO     | __main__:process_wiki_task:2148 - Task 181 completed. Processed 13292 documents, wrote 13292
2025-11-22 18:31:27.830 | INFO     | __main__:process_wiki_task:2148 - Task 114 completed. Processed 15228 documents, wrote 15228
2025-11-22 18:31:28.311 | INFO     | __main__:process_wiki_task:2148 - Task 142 completed. Processed 14911 documents, wrote 14911
2025-11-22 18:31:29.415 | INFO     | __main__:process_wiki_task:2148 - Task 241 completed. Processed 10439 documents, wrote 10439
2025-11-22 18:31:31.101 | INFO     | __main__:process_wiki_task:2148 - Task 95 completed. Processed 17097 documents, wrote 17097
2025-11-22 18:31:31.166 | INFO     | __main__:process_wiki_task:2148 - Task 276 completed. Processed 8760 documents, wrote 8760
2025-11-22 18:31:32.278 | INFO     | __main__:process_wiki_task:2148 - Task 278 completed. Processed 8898 documents, wrote 8898
2025-11-22 18:31:32.305 | INFO     | __main__:process_wiki_task:2148 - Task 283 completed. Processed 9483 documents, wrote 9483
2025-11-22 18:31:33.339 | INFO     | __main__:process_wiki_task:2148 - Task 218 completed. Processed 12465 documents, wrote 12465
2025-11-22 18:31:34.759 | INFO     | __main__:process_wiki_task:2148 - Task 130 completed. Processed 15116 documents, wrote 15116
2025-11-22 18:31:38.244 | INFO     | __main__:process_wiki_task:2148 - Task 210 completed. Processed 12326 documents, wrote 12326
2025-11-22 18:31:38.388 | INFO     | __main__:process_wiki_task:2148 - Task 187 completed. Processed 13934 documents, wrote 13934
2025-11-22 18:31:40.550 | INFO     | __main__:process_wiki_task:2148 - Task 345 completed. Processed 5746 documents, wrote 5746
2025-11-22 18:31:42.095 | INFO     | __main__:process_wiki_task:2148 - Task 288 completed. Processed 9627 documents, wrote 9627
2025-11-22 18:31:43.289 | INFO     | __main__:process_wiki_task:2148 - Task 267 completed. Processed 10413 documents, wrote 10413
2025-11-22 18:31:43.445 | INFO     | __main__:process_wiki_task:2148 - Task 340 completed. Processed 5714 documents, wrote 5714
2025-11-22 18:31:43.509 | INFO     | __main__:process_wiki_task:2148 - Task 350 completed. Processed 5641 documents, wrote 5641
2025-11-22 18:31:43.957 | INFO     | __main__:process_wiki_task:2148 - Task 18 completed. Processed 20276 documents, wrote 20276
2025-11-22 18:31:44.506 | INFO     | __main__:process_wiki_task:2148 - Task 272 completed. Processed 9804 documents, wrote 9804
2025-11-22 18:31:47.606 | INFO     | __main__:process_wiki_task:2148 - Task 190 completed. Processed 30112 documents, wrote 30112
2025-11-22 18:31:47.885 | INFO     | __main__:process_wiki_task:2148 - Task 208 completed. Processed 12671 documents, wrote 12671
2025-11-22 18:31:48.285 | INFO     | __main__:process_wiki_task:2148 - Task 174 completed. Processed 13376 documents, wrote 13376
2025-11-22 18:31:49.610 | INFO     | __main__:process_wiki_task:2148 - Task 282 completed. Processed 9612 documents, wrote 9612
2025-11-22 18:31:49.886 | INFO     | __main__:process_wiki_task:2148 - Task 26 completed. Processed 19586 documents, wrote 19586
2025-11-22 18:31:50.210 | INFO     | __main__:process_wiki_task:2148 - Task 134 completed. Processed 14808 documents, wrote 14808
2025-11-22 18:31:50.338 | INFO     | __main__:process_wiki_task:2148 - Task 330 completed. Processed 5742 documents, wrote 5742
2025-11-22 18:31:50.672 | INFO     | __main__:process_wiki_task:2148 - Task 73 completed. Processed 17373 documents, wrote 17373
2025-11-22 18:31:50.816 | INFO     | __main__:process_wiki_task:2148 - Task 320 completed. Processed 6655 documents, wrote 6655
2025-11-22 18:31:50.895 | INFO     | __main__:process_wiki_task:2148 - Task 406 completed. Processed 20322 documents, wrote 20322
2025-11-22 18:31:51.085 | INFO     | __main__:process_wiki_task:2148 - Task 300 completed. Processed 8830 documents, wrote 8830
2025-11-22 18:31:55.991 | INFO     | __main__:process_wiki_task:2148 - Task 310 completed. Processed 7801 documents, wrote 7801
2025-11-22 18:31:56.651 | INFO     | __main__:process_wiki_task:2148 - Task 24 completed. Processed 13495 documents, wrote 13495
2025-11-22 18:31:56.906 | INFO     | __main__:process_wiki_task:2148 - Task 172 completed. Processed 13966 documents, wrote 13966
2025-11-22 18:31:58.001 | INFO     | __main__:process_wiki_task:2148 - Task 206 completed. Processed 11167 documents, wrote 11167
2025-11-22 18:32:00.584 | INFO     | __main__:process_wiki_task:2148 - Task 305 completed. Processed 8153 documents, wrote 8153
2025-11-22 18:32:02.074 | INFO     | __main__:process_wiki_task:2148 - Task 240 completed. Processed 10593 documents, wrote 10593
2025-11-22 18:32:07.977 | INFO     | __main__:process_wiki_task:2148 - Task 302 completed. Processed 8408 documents, wrote 8408
2025-11-22 18:32:08.731 | INFO     | __main__:process_wiki_task:2148 - Task 52 completed. Processed 18467 documents, wrote 18467
2025-11-22 18:32:09.083 | INFO     | __main__:process_wiki_task:2148 - Task 133 completed. Processed 14608 documents, wrote 14608
2025-11-22 18:32:09.940 | INFO     | __main__:process_wiki_task:2148 - Task 281 completed. Processed 9656 documents, wrote 9656
2025-11-22 18:32:13.834 | INFO     | __main__:process_wiki_task:2148 - Task 80 completed. Processed 18000 documents, wrote 18000
2025-11-22 18:32:15.515 | INFO     | __main__:process_wiki_task:2148 - Task 139 completed. Processed 15282 documents, wrote 15282
2025-11-22 18:32:15.654 | INFO     | __main__:process_wiki_task:2148 - Task 108 completed. Processed 14902 documents, wrote 14902
2025-11-22 18:32:18.811 | INFO     | __main__:process_wiki_task:2148 - Task 317 completed. Processed 7369 documents, wrote 7369
2025-11-22 18:32:19.144 | INFO     | __main__:process_wiki_task:2148 - Task 334 completed. Processed 11060 documents, wrote 11060
2025-11-22 18:32:19.941 | INFO     | __main__:process_wiki_task:2148 - Task 46 completed. Processed 12915 documents, wrote 12915
2025-11-22 18:32:20.379 | INFO     | __main__:process_wiki_task:2148 - Task 38 completed. Processed 18036 documents, wrote 18036
2025-11-22 18:32:20.408 | INFO     | __main__:process_wiki_task:2148 - Task 164 completed. Processed 12582 documents, wrote 12582
2025-11-22 18:32:21.255 | INFO     | __main__:process_wiki_task:2148 - Task 228 completed. Processed 12022 documents, wrote 12022
2025-11-22 18:32:22.827 | INFO     | __main__:process_wiki_task:2148 - Task 116 completed. Processed 15606 documents, wrote 15606
2025-11-22 18:32:24.472 | INFO     | __main__:process_wiki_task:2148 - Task 11 completed. Processed 19898 documents, wrote 19898
2025-11-22 18:32:24.984 | INFO     | __main__:process_wiki_task:2148 - Task 360 completed. Processed 11778 documents, wrote 11778
2025-11-22 18:32:25.674 | INFO     | __main__:process_wiki_task:2148 - Task 293 completed. Processed 9676 documents, wrote 9676
2025-11-22 18:32:26.143 | INFO     | __main__:process_wiki_task:2148 - Task 393 completed. Processed 11012 documents, wrote 11012
2025-11-22 18:32:26.244 | INFO     | __main__:process_wiki_task:2148 - Task 183 completed. Processed 13337 documents, wrote 13337
2025-11-22 18:32:26.811 | INFO     | __main__:process_wiki_task:2148 - Task 19 completed. Processed 20439 documents, wrote 20439
2025-11-22 18:32:26.848 | INFO     | __main__:process_wiki_task:2148 - Task 328 completed. Processed 6164 documents, wrote 6164
2025-11-22 18:32:28.889 | INFO     | __main__:process_wiki_task:2148 - Task 371 completed. Processed 11401 documents, wrote 11401
2025-11-22 18:32:29.660 | INFO     | __main__:process_wiki_task:2148 - Task 245 completed. Processed 10691 documents, wrote 10691
2025-11-22 18:32:30.435 | INFO     | __main__:process_wiki_task:2148 - Task 325 completed. Processed 6866 documents, wrote 6866
2025-11-22 18:32:30.664 | INFO     | __main__:process_wiki_task:2148 - Task 382 completed. Processed 10431 documents, wrote 10431
2025-11-22 18:32:34.010 | INFO     | __main__:process_wiki_task:2148 - Task 400 completed. Processed 22717 documents, wrote 22717
2025-11-22 18:32:35.158 | INFO     | __main__:process_wiki_task:2148 - Task 244 completed. Processed 10896 documents, wrote 10896
2025-11-22 18:32:35.617 | INFO     | __main__:process_wiki_task:2148 - Task 112 completed. Processed 12472 documents, wrote 12472
2025-11-22 18:32:39.318 | INFO     | __main__:process_wiki_task:2148 - Task 404 completed. Processed 10635 documents, wrote 10635
2025-11-22 18:32:42.605 | INFO     | __main__:process_wiki_task:2148 - Task 299 completed. Processed 8720 documents, wrote 8720
2025-11-22 18:32:46.475 | INFO     | __main__:process_wiki_task:2148 - Task 261 completed. Processed 11386 documents, wrote 11386
2025-11-22 18:32:49.787 | INFO     | __main__:process_wiki_task:2148 - Task 35 completed. Processed 10903 documents, wrote 10903
2025-11-22 18:32:50.193 | INFO     | __main__:process_wiki_task:2148 - Task 2 completed. Processed 11979 documents, wrote 11979
2025-11-22 18:32:51.047 | INFO     | __main__:process_wiki_task:2148 - Task 51 completed. Processed 18734 documents, wrote 18734
2025-11-22 18:32:51.089 | INFO     | __main__:process_wiki_task:2148 - Task 271 completed. Processed 10123 documents, wrote 10123
2025-11-22 18:32:53.115 | INFO     | __main__:process_wiki_task:2148 - Task 204 completed. Processed 11551 documents, wrote 11551
2025-11-22 18:32:53.851 | INFO     | __main__:process_wiki_task:2148 - Task 186 completed. Processed 13338 documents, wrote 13338
2025-11-22 18:32:54.852 | INFO     | __main__:process_wiki_task:2148 - Task 231 completed. Processed 11290 documents, wrote 11290
2025-11-22 18:32:57.145 | INFO     | __main__:process_wiki_task:2148 - Task 263 completed. Processed 11198 documents, wrote 11198
2025-11-22 18:33:01.497 | INFO     | __main__:process_wiki_task:2148 - Task 338 completed. Processed 5578 documents, wrote 5577
2025-11-22 18:33:04.531 | INFO     | __main__:process_wiki_task:2148 - Task 198 completed. Processed 12088 documents, wrote 12088
2025-11-22 18:33:05.219 | INFO     | __main__:process_wiki_task:2148 - Task 309 completed. Processed 7937 documents, wrote 7937
2025-11-22 18:33:05.574 | INFO     | __main__:process_wiki_task:2148 - Task 205 completed. Processed 11302 documents, wrote 11302
2025-11-22 18:33:08.462 | INFO     | __main__:process_wiki_task:2148 - Task 343 completed. Processed 5755 documents, wrote 5755
2025-11-22 18:33:08.934 | INFO     | __main__:process_wiki_task:2148 - Task 22 completed. Processed 18908 documents, wrote 18908
2025-11-22 18:33:10.280 | INFO     | __main__:process_wiki_task:2148 - Task 9 completed. Processed 21642 documents, wrote 21642
2025-11-22 18:33:10.894 | INFO     | __main__:process_wiki_task:2148 - Task 223 completed. Processed 9828 documents, wrote 9828
2025-11-22 18:33:20.152 | INFO     | __main__:process_wiki_task:2148 - Task 226 completed. Processed 11726 documents, wrote 11726
2025-11-22 18:33:20.926 | INFO     | __main__:process_wiki_task:2148 - Task 402 completed. Processed 21755 documents, wrote 21755
2025-11-22 18:33:21.856 | INFO     | __main__:process_wiki_task:2148 - Task 277 completed. Processed 9489 documents, wrote 9489
2025-11-22 18:33:24.916 | INFO     | __main__:process_wiki_task:2148 - Task 284 completed. Processed 10057 documents, wrote 10057
2025-11-22 18:33:30.989 | INFO     | __main__:process_wiki_task:2148 - Task 397 completed. Processed 29120 documents, wrote 29120
2025-11-22 18:33:37.405 | INFO     | __main__:process_wiki_task:2148 - Task 45 completed. Processed 18971 documents, wrote 18971
2025-11-22 18:33:38.491 | INFO     | __main__:process_wiki_task:2148 - Task 193 completed. Processed 15805 documents, wrote 15805
2025-11-22 18:33:46.088 | INFO     | __main__:process_wiki_task:2148 - Task 173 completed. Processed 13350 documents, wrote 13350
2025-11-22 18:33:49.776 | INFO     | __main__:process_wiki_task:2148 - Task 62 completed. Processed 19049 documents, wrote 19049
2025-11-22 18:33:52.589 | INFO     | __main__:process_wiki_task:2148 - Task 265 completed. Processed 10932 documents, wrote 10932
2025-11-22 18:33:55.699 | INFO     | __main__:process_wiki_task:2148 - Task 34 completed. Processed 20388 documents, wrote 20388
2025-11-22 18:34:00.735 | INFO     | __main__:process_wiki_task:2148 - Task 341 completed. Processed 5745 documents, wrote 5745
2025-11-22 18:34:03.579 | INFO     | __main__:process_wiki_task:2148 - Task 175 completed. Processed 13758 documents, wrote 13758
2025-11-22 18:34:05.650 | INFO     | __main__:process_wiki_task:2148 - Task 219 completed. Processed 11964 documents, wrote 11964
2025-11-22 18:34:06.457 | INFO     | __main__:process_wiki_task:2148 - Task 169 completed. Processed 13244 documents, wrote 13244
2025-11-22 18:34:06.971 | INFO     | __main__:process_wiki_task:2148 - Task 220 completed. Processed 12447 documents, wrote 12447
2025-11-22 18:34:08.724 | INFO     | __main__:process_wiki_task:2148 - Task 249 completed. Processed 10519 documents, wrote 10519
2025-11-22 18:34:18.382 | INFO     | __main__:process_wiki_task:2148 - Task 399 completed. Processed 27564 documents, wrote 27564
2025-11-22 18:34:19.180 | INFO     | __main__:process_wiki_task:2148 - Task 280 completed. Processed 9577 documents, wrote 9577
2025-11-22 18:34:22.869 | INFO     | __main__:process_wiki_task:2148 - Task 141 completed. Processed 16995 documents, wrote 16995
2025-11-22 18:34:30.458 | INFO     | __main__:process_wiki_task:2148 - Task 215 completed. Processed 14153 documents, wrote 14153
2025-11-22 18:34:56.388 | INFO     | __main__:process_wiki_task:2148 - Task 105 completed. Processed 13547 documents, wrote 13547
2025-11-22 18:35:04.325 | INFO     | __main__:process_wiki_task:2148 - Task 331 completed. Processed 5703 documents, wrote 5703
2025-11-22 18:35:06.492 | INFO     | __main__:process_wiki_task:2148 - Task 70 completed. Processed 18226 documents, wrote 18226
2025-11-22 18:35:09.924 | INFO     | __main__:process_wiki_task:2148 - Task 63 completed. Processed 18303 documents, wrote 18303
2025-11-22 18:35:40.930 | INFO     | __main__:process_wiki_task:2148 - Task 44 completed. Processed 18952 documents, wrote 18952
2025-11-22 18:35:42.546 | INFO     | __main__:process_wiki_task:2148 - Task 132 completed. Processed 14193 documents, wrote 14193
2025-11-22 18:35:47.851 | INFO     | __main__:process_wiki_task:2148 - Task 368 completed. Processed 27796 documents, wrote 27796
2025-11-22 18:35:54.464 | INFO     | __main__:process_wiki_task:2148 - Task 43 completed. Processed 19392 documents, wrote 19392
2025-11-22 18:36:30.541 | INFO     | __main__:process_wiki_task:2148 - Task 315 completed. Processed 7642 documents, wrote 7642
2025-11-22 18:36:36.325 | INFO     | __main__:process_wiki_task:2148 - Task 197 completed. Processed 12722 documents, wrote 12722
2025-11-22 18:37:01.093 | INFO     | __main__:process_wiki_task:2148 - Task 307 completed. Processed 8290 documents, wrote 8290
2025-11-22 18:37:13.657 | INFO     | __main__:process_wiki_task:2148 - Task 8 completed. Processed 21410 documents, wrote 21410
2025-11-22 18:37:27.103 | INFO     | __main__:process_wiki_task:2148 - Task 180 completed. Processed 12239 documents, wrote 12239
2025-11-22 18:37:30.358 | INFO     | __main__:process_wiki_task:2148 - Task 89 completed. Processed 16269 documents, wrote 16269
2025-11-22 18:37:30.923 | INFO     | __main__:process_wiki_task:2148 - Task 251 completed. Processed 10715 documents, wrote 10715
2025-11-22 18:37:59.751 | INFO     | __main__:process_wiki_task:2148 - Task 161 completed. Processed 15673 documents, wrote 15673
2025-11-22 18:38:14.523 | INFO     | __main__:process_wiki_task:2148 - Task 396 completed. Processed 28042 documents, wrote 28042
2025-11-22 18:38:21.410 | INFO     | __main__:process_wiki_task:2148 - Task 195 completed. Processed 13848 documents, wrote 13848
2025-11-22 18:38:28.524 | INFO     | __main__:process_wiki_task:2148 - Task 217 completed. Processed 13168 documents, wrote 13168
2025-11-22 18:38:51.537 | INFO     | __main__:process_wiki_task:2148 - Task 207 completed. Processed 11527 documents, wrote 11527
2025-11-22 18:39:11.993 | INFO     | __main__:process_wiki_task:2148 - Task 155 completed. Processed 15075 documents, wrote 15075
2025-11-22 18:39:19.346 | INFO     | __main__:process_wiki_task:2148 - Task 170 completed. Processed 13098 documents, wrote 13098
2025-11-22 18:40:14.313 | INFO     | __main__:process_wiki_task:2148 - Task 401 completed. Processed 21980 documents, wrote 21980
2025-11-22 18:40:26.210 | INFO     | __main__:process_wiki_task:2148 - Task 213 completed. Processed 12070 documents, wrote 12070
2025-11-22 18:40:40.793 | INFO     | __main__:process_wiki_task:2148 - Task 98 completed. Processed 17386 documents, wrote 17386
2025-11-22 18:40:53.284 | INFO     | __main__:process_wiki_task:2148 - Task 255 completed. Processed 10782 documents, wrote 10782
2025-11-22 18:41:17.884 | INFO     | __main__:process_wiki_task:2148 - Task 178 completed. Processed 13541 documents, wrote 13541
2025-11-22 18:41:30.949 | INFO     | __main__:process_wiki_task:2148 - Task 145 completed. Processed 14812 documents, wrote 14812
2025-11-22 18:42:43.871 | INFO     | __main__:process_wiki_task:2148 - Task 290 completed. Processed 26746 documents, wrote 26746
2025-11-22 18:42:50.776 | INFO     | __main__:process_wiki_task:2148 - Task 37 completed. Processed 18278 documents, wrote 18278
2025-11-22 18:42:52.319 | INFO     | __main__:process_wiki_task:2148 - Task 262 completed. Processed 11463 documents, wrote 11463
2025-11-22 18:43:23.280 | INFO     | __main__:process_wiki_task:2148 - Task 156 completed. Processed 15740 documents, wrote 15740
2025-11-22 18:43:44.444 | INFO     | __main__:process_wiki_task:2148 - Task 115 completed. Processed 15721 documents, wrote 15721
2025-11-22 18:44:25.536 | INFO     | __main__:process_wiki_task:2148 - Task 158 completed. Processed 15894 documents, wrote 15894
2025-11-22 18:44:47.934 | INFO     | __main__:process_wiki_task:2148 - Task 203 completed. Processed 12168 documents, wrote 12168
2025-11-22 18:45:06.523 | INFO     | __main__:process_wiki_task:2148 - Task 264 completed. Processed 10893 documents, wrote 10893
2025-11-22 18:46:26.184 | INFO     | __main__:process_wiki_task:2148 - Task 233 completed. Processed 12207 documents, wrote 12207
2025-11-22 18:48:20.992 | INFO     | __main__:process_wiki_task:2148 - Task 333 completed. Processed 5419 documents, wrote 5419
2025-11-22 18:50:27.987 | INFO     | __main__:process_wiki_task:2148 - Task 270 completed. Processed 10326 documents, wrote 10326
2025-11-22 18:51:05.436 | INFO     | __main__:process_wiki_task:2148 - Task 304 completed. Processed 8593 documents, wrote 8593
2025-11-22 18:53:03.704 | INFO     | __main__:process_wiki_task:2148 - Task 152 completed. Processed 15417 documents, wrote 15417
2025-11-22 18:53:59.817 | INFO     | __main__:process_wiki_task:2148 - Task 306 completed. Processed 8400 documents, wrote 8400
2025-11-22 18:55:14.038 | INFO     | __main__:process_wiki_task:2148 - Task 74 completed. Processed 17821 documents, wrote 17821
2025-11-22 18:56:46.461 | INFO     | __main__:process_wiki_task:2148 - Task 380 completed. Processed 29274 documents, wrote 29274
2025-11-22 18:56:55.315 | INFO     | __main__:process_wiki_task:2148 - Task 143 completed. Processed 13853 documents, wrote 13852
2025-11-22 18:57:48.475 | INFO     | __main__:process_wiki_task:2148 - Task 154 completed. Processed 14728 documents, wrote 14728
2025-11-22 18:58:26.017 | INFO     | __main__:process_wiki_task:2148 - Task 147 completed. Processed 15015 documents, wrote 15015
2025-11-22 18:58:39.814 | INFO     | __main__:process_wiki_task:2148 - Task 314 completed. Processed 7435 documents, wrote 7435
2025-11-22 18:59:02.674 | INFO     | __main__:process_wiki_task:2148 - Task 69 completed. Processed 17789 documents, wrote 17789
2025-11-22 18:59:49.973 | INFO     | __main__:process_wiki_task:2148 - Task 344 completed. Processed 5758 documents, wrote 5758
2025-11-22 19:00:04.250 | INFO     | __main__:process_wiki_task:2148 - Task 66 completed. Processed 16907 documents, wrote 16907
2025-11-22 19:01:43.586 | INFO     | __main__:process_wiki_task:2148 - Task 163 completed. Processed 13795 documents, wrote 13795
2025-11-22 19:04:09.147 | INFO     | __main__:process_wiki_task:2148 - Task 14 completed. Processed 21283 documents, wrote 21283
2025-11-22 19:07:35.187 | INFO     | __main__:process_wiki_task:2148 - Task 136 completed. Processed 15192 documents, wrote 15192
2025-11-22 19:07:36.464 | INFO     | __main__:process_wiki_task:2148 - Task 159 completed. Processed 15425 documents, wrote 15425
2025-11-22 19:08:21.799 | INFO     | __main__:process_wiki_task:2148 - Task 16 completed. Processed 21526 documents, wrote 21526
2025-11-22 19:08:54.177 | INFO     | __main__:process_wiki_task:2148 - Task 12 completed. Processed 19867 documents, wrote 19867
2025-11-22 19:12:14.636 | INFO     | __main__:process_wiki_task:2148 - Task 177 completed. Processed 12961 documents, wrote 12961
2025-11-22 19:12:35.274 | INFO     | __main__:process_wiki_task:2148 - Task 150 completed. Processed 14918 documents, wrote 14918
2025-11-22 19:13:45.831 | INFO     | __main__:process_wiki_task:2148 - Task 176 completed. Processed 13844 documents, wrote 13844
2025-11-22 19:19:11.253 | INFO     | __main__:process_wiki_task:2148 - Task 153 completed. Processed 15395 documents, wrote 15395
2025-11-22 19:20:21.016 | INFO     | __main__:process_wiki_task:2148 - Task 79 completed. Processed 28748 documents, wrote 28748
2025-11-22 19:22:21.617 | INFO     | __main__:process_wiki_task:2148 - Task 407 completed. Processed 20139 documents, wrote 20139
2025-11-22 19:27:06.735 | INFO     | __main__:process_wiki_task:2148 - Task 160 completed. Processed 15442 documents, wrote 15442
2025-11-22 19:33:16.291 | INFO     | __main__:process_wiki_task:2148 - Task 321 completed. Processed 7065 documents, wrote 7065
2025-11-22 19:36:17.800 | INFO     | __main__:process_wiki_task:2148 - Task 327 completed. Processed 6125 documents, wrote 6125
2025-11-22 20:04:52.964 | INFO     | __main__:process_wiki_task:2148 - Task 414 completed. Processed 19936 documents, wrote 19936
2025-11-22 20:29:42.264 | INFO     | __main__:process_wiki_task:2148 - Task 148 completed. Processed 15432 documents, wrote 15432
2025-11-22 21:00:33.772 | INFO     | __main__:process_wiki_task:2148 - Task 149 completed. Processed 15283 documents, wrote 15283
# Not completed or failed: [21, 27, 30, 86, 106, 107, 137, 138, 140, 144, 151, 185, 196, 242, 253, 286, 313, 337, 357]

Targeting specific task IDs: [21, 27, 30, 86, 106, 107, 137, 138, 140, 144, 151, 185, 196, 242, 253, 286, 313, 337, 357]
Using 88 workers

================================================================================
Processing: gs://wikipedia-graph/wikipedia/raw_html_dumps/enwiki_namespace_0
Output: gs://wikipedia-graph/wikipedia/parsed_html/enwiki_namespace_0
Total files: 415
Processing 19 specific tasks: [21, 27, 30, 86, 106, 107, 137, 138, 140, 144, 151, 185, 196, 242, 253, 286, 313, 337, 357]
Starting parallel processing with 88 workers...
2025-11-22 23:57:05.992 | INFO     | __main__:process_wiki_task:2086 - Starting task 21/415 for enwiki_namespace_0
2025-11-22 23:57:05.992 | INFO     | __main__:process_wiki_task:2086 - Starting task 27/415 for enwiki_namespace_0
2025-11-22 23:57:05.993 | INFO     | __main__:process_wiki_task:2086 - Starting task 30/415 for enwiki_namespace_0
2025-11-22 23:57:05.993 | INFO     | __main__:process_wiki_task:2086 - Starting task 86/415 for enwiki_namespace_0
2025-11-22 23:57:05.993 | INFO     | __main__:process_wiki_task:2086 - Starting task 106/415 for enwiki_namespace_0
2025-11-22 23:57:05.993 | INFO     | __main__:process_wiki_task:2086 - Starting task 107/415 for enwiki_namespace_0
2025-11-22 23:57:05.993 | INFO     | __main__:process_wiki_task:2086 - Starting task 137/415 for enwiki_namespace_0
2025-11-22 23:57:05.993 | INFO     | __main__:process_wiki_task:2086 - Starting task 138/415 for enwiki_namespace_0
2025-11-22 23:57:05.993 | INFO     | __main__:process_wiki_task:2086 - Starting task 140/415 for enwiki_namespace_0
2025-11-22 23:57:05.993 | INFO     | __main__:process_wiki_task:2086 - Starting task 144/415 for enwiki_namespace_0
2025-11-22 23:57:05.993 | INFO     | __main__:process_wiki_task:2086 - Starting task 151/415 for enwiki_namespace_0
2025-11-22 23:57:05.993 | INFO     | __main__:process_wiki_task:2086 - Starting task 185/415 for enwiki_namespace_0
2025-11-22 23:57:05.994 | INFO     | __main__:process_wiki_task:2086 - Starting task 196/415 for enwiki_namespace_0
2025-11-22 23:57:05.994 | INFO     | __main__:process_wiki_task:2086 - Starting task 242/415 for enwiki_namespace_0
2025-11-22 23:57:05.994 | INFO     | __main__:process_wiki_task:2086 - Starting task 253/415 for enwiki_namespace_0
2025-11-22 23:57:05.994 | INFO     | __main__:process_wiki_task:2086 - Starting task 286/415 for enwiki_namespace_0
2025-11-22 23:57:05.994 | INFO     | __main__:process_wiki_task:2086 - Starting task 313/415 for enwiki_namespace_0
2025-11-22 23:57:05.994 | INFO     | __main__:process_wiki_task:2086 - Starting task 337/415 for enwiki_namespace_0
2025-11-22 23:57:05.994 | INFO     | __main__:process_wiki_task:2086 - Starting task 357/415 for enwiki_namespace_0
2025-11-22 23:57:06.086 | INFO     | __main__:process_wiki_task:2117 - Processing file: gs://wikipedia-graph/wikipedia/raw_html_dumps/enwiki_namespace_0/enwiki_namespace_0_enwiki_namespace_0_chunk_222.json.tar.gz
2025-11-22 23:57:06.086 | INFO     | __main__:process_wiki_task:2117 - Processing file: gs://wikipedia-graph/wikipedia/raw_html_dumps/enwiki_namespace_0/enwiki_namespace_0_enwiki_namespace_0_chunk_176.json.tar.gz
2025-11-22 23:57:06.087 | INFO     | __main__:process_wiki_task:2117 - Processing file: gs://wikipedia-graph/wikipedia/raw_html_dumps/enwiki_namespace_0/enwiki_namespace_0_enwiki_namespace_0_chunk_125.json.tar.gz
2025-11-22 23:57:06.087 | INFO     | __main__:process_wiki_task:2117 - Processing file: gs://wikipedia-graph/wikipedia/raw_html_dumps/enwiki_namespace_0/enwiki_namespace_0_enwiki_namespace_0_chunk_47.json.tar.gz
2025-11-22 23:57:06.089 | INFO     | __main__:process_wiki_task:2117 - Processing file: gs://wikipedia-graph/wikipedia/raw_html_dumps/enwiki_namespace_0/enwiki_namespace_0_enwiki_namespace_0_chunk_316.json.tar.gz
2025-11-22 23:57:06.089 | INFO     | __main__:process_wiki_task:2117 - Processing file: gs://wikipedia-graph/wikipedia/raw_html_dumps/enwiki_namespace_0/enwiki_namespace_0_enwiki_namespace_0_chunk_401.json.tar.gz
2025-11-22 23:57:06.090 | INFO     | __main__:process_wiki_task:2117 - Processing file: gs://wikipedia-graph/wikipedia/raw_html_dumps/enwiki_namespace_0/enwiki_namespace_0_enwiki_namespace_0_chunk_122.json.tar.gz
2025-11-22 23:57:06.091 | INFO     | __main__:process_wiki_task:2117 - Processing file: gs://wikipedia-graph/wikipedia/raw_html_dumps/enwiki_namespace_0/enwiki_namespace_0_enwiki_namespace_0_chunk_380.json.tar.gz
2025-11-22 23:57:06.092 | INFO     | __main__:process_wiki_task:2117 - Processing file: gs://wikipedia-graph/wikipedia/raw_html_dumps/enwiki_namespace_0/enwiki_namespace_0_enwiki_namespace_0_chunk_275.json.tar.gz
2025-11-22 23:57:06.092 | INFO     | __main__:process_wiki_task:2117 - Processing file: gs://wikipedia-graph/wikipedia/raw_html_dumps/enwiki_namespace_0/enwiki_namespace_0_enwiki_namespace_0_chunk_195.json.tar.gz
2025-11-22 23:57:06.093 | INFO     | __main__:process_wiki_task:2117 - Processing file: gs://wikipedia-graph/wikipedia/raw_html_dumps/enwiki_namespace_0/enwiki_namespace_0_enwiki_namespace_0_chunk_228.json.tar.gz
2025-11-22 23:57:06.093 | INFO     | __main__:process_wiki_task:2117 - Processing file: gs://wikipedia-graph/wikipedia/raw_html_dumps/enwiki_namespace_0/enwiki_namespace_0_enwiki_namespace_0_chunk_356.json.tar.gz
2025-11-22 23:57:06.094 | INFO     | __main__:process_wiki_task:2117 - Processing file: gs://wikipedia-graph/wikipedia/raw_html_dumps/enwiki_namespace_0/enwiki_namespace_0_enwiki_namespace_0_chunk_221.json.tar.gz
2025-11-22 23:57:06.095 | INFO     | __main__:process_wiki_task:2117 - Processing file: gs://wikipedia-graph/wikipedia/raw_html_dumps/enwiki_namespace_0/enwiki_namespace_0_enwiki_namespace_0_chunk_194.json.tar.gz
2025-11-22 23:57:06.096 | INFO     | __main__:process_wiki_task:2117 - Processing file: gs://wikipedia-graph/wikipedia/raw_html_dumps/enwiki_namespace_0/enwiki_namespace_0_enwiki_namespace_0_chunk_265.json.tar.gz
2025-11-22 23:57:06.096 | INFO     | __main__:process_wiki_task:2117 - Processing file: gs://wikipedia-graph/wikipedia/raw_html_dumps/enwiki_namespace_0/enwiki_namespace_0_enwiki_namespace_0_chunk_117.json.tar.gz
2025-11-22 23:57:06.096 | INFO     | __main__:process_wiki_task:2117 - Processing file: gs://wikipedia-graph/wikipedia/raw_html_dumps/enwiki_namespace_0/enwiki_namespace_0_enwiki_namespace_0_chunk_224.json.tar.gz
2025-11-22 23:57:06.097 | INFO     | __main__:process_wiki_task:2117 - Processing file: gs://wikipedia-graph/wikipedia/raw_html_dumps/enwiki_namespace_0/enwiki_namespace_0_enwiki_namespace_0_chunk_326.json.tar.gz
2025-11-22 23:57:06.097 | INFO     | __main__:process_wiki_task:2117 - Processing file: gs://wikipedia-graph/wikipedia/raw_html_dumps/enwiki_namespace_0/enwiki_namespace_0_enwiki_namespace_0_chunk_234.json.tar.gz
2025-11-23 00:02:18.439 | ERROR    | __main__:process_wiki_task:2154 - Task 86 failed with error: Compressed file ended before the end-of-stream marker was reached
2025-11-23 00:02:18.441 | ERROR    | __main__:process_wiki_task:2157 - Traceback (most recent call last):
  File "/home/joancabezas/wiki-kg/src/wiki_kg/processing/2_extraction/run_extraction.py", line 2132, in process_wiki_task
    for doc in reader.run([], rank=task_id, world_size=total_tasks):
  File "/home/joancabezas/wiki-kg/src/wiki_kg/processing/2_extraction/run_extraction.py", line 142, in run
    for doc in iter_docs(iter_jsonl(filepath)):
  File "/home/joancabezas/wiki-kg/src/wiki_kg/processing/2_extraction/run_extraction.py", line 91, in iter_docs
    for rec in jsonl_iter:
  File "/home/joancabezas/wiki-kg/src/wiki_kg/processing/2_extraction/run_extraction.py", line 85, in iter_jsonl
    for _i, line in enumerate(
  File "/home/joancabezas/.local/share/uv/python/cpython-3.11.14-linux-x86_64-gnu/lib/python3.11/tarfile.py", line 701, in readinto
    buf = self.read(len(b))
          ^^^^^^^^^^^^^^^^^
  File "/home/joancabezas/.local/share/uv/python/cpython-3.11.14-linux-x86_64-gnu/lib/python3.11/tarfile.py", line 690, in read
    b = self.fileobj.read(length)
        ^^^^^^^^^^^^^^^^^^^^^^^^^
  File "/home/joancabezas/.local/share/uv/python/cpython-3.11.14-linux-x86_64-gnu/lib/python3.11/gzip.py", line 301, in read
    return self._buffer.read(size)
           ^^^^^^^^^^^^^^^^^^^^^^^
  File "/home/joancabezas/.local/share/uv/python/cpython-3.11.14-linux-x86_64-gnu/lib/python3.11/_compression.py", line 68, in readinto
    data = self.read(len(byte_view))
           ^^^^^^^^^^^^^^^^^^^^^^^^^
  File "/home/joancabezas/.local/share/uv/python/cpython-3.11.14-linux-x86_64-gnu/lib/python3.11/gzip.py", line 518, in read
    raise EOFError("Compressed file ended before the "
EOFError: Compressed file ended before the end-of-stream marker was reached

2025-11-23 00:02:55.517 | ERROR    | __main__:process_wiki_task:2154 - Task 30 failed with error: Compressed file ended before the end-of-stream marker was reached
2025-11-23 00:02:55.519 | ERROR    | __main__:process_wiki_task:2157 - Traceback (most recent call last):
  File "/home/joancabezas/wiki-kg/src/wiki_kg/processing/2_extraction/run_extraction.py", line 2132, in process_wiki_task
    for doc in reader.run([], rank=task_id, world_size=total_tasks):
  File "/home/joancabezas/wiki-kg/src/wiki_kg/processing/2_extraction/run_extraction.py", line 142, in run
    for doc in iter_docs(iter_jsonl(filepath)):
  File "/home/joancabezas/wiki-kg/src/wiki_kg/processing/2_extraction/run_extraction.py", line 91, in iter_docs
    for rec in jsonl_iter:
  File "/home/joancabezas/wiki-kg/src/wiki_kg/processing/2_extraction/run_extraction.py", line 85, in iter_jsonl
    for _i, line in enumerate(
  File "/home/joancabezas/.local/share/uv/python/cpython-3.11.14-linux-x86_64-gnu/lib/python3.11/tarfile.py", line 701, in readinto
    buf = self.read(len(b))
          ^^^^^^^^^^^^^^^^^
  File "/home/joancabezas/.local/share/uv/python/cpython-3.11.14-linux-x86_64-gnu/lib/python3.11/tarfile.py", line 690, in read
    b = self.fileobj.read(length)
        ^^^^^^^^^^^^^^^^^^^^^^^^^
  File "/home/joancabezas/.local/share/uv/python/cpython-3.11.14-linux-x86_64-gnu/lib/python3.11/gzip.py", line 301, in read
    return self._buffer.read(size)
           ^^^^^^^^^^^^^^^^^^^^^^^
  File "/home/joancabezas/.local/share/uv/python/cpython-3.11.14-linux-x86_64-gnu/lib/python3.11/_compression.py", line 68, in readinto
    data = self.read(len(byte_view))
           ^^^^^^^^^^^^^^^^^^^^^^^^^
  File "/home/joancabezas/.local/share/uv/python/cpython-3.11.14-linux-x86_64-gnu/lib/python3.11/gzip.py", line 518, in read
    raise EOFError("Compressed file ended before the "
EOFError: Compressed file ended before the end-of-stream marker was reached

2025-11-23 00:04:10.413 | WARNING  | __main__:run:2047 - ⏰ Timeout while cleaning record text. Skipping record.
2025-11-23 00:07:25.215 | ERROR    | __main__:process_wiki_task:2154 - Task 357 failed with error: Compressed file ended before the end-of-stream marker was reached
2025-11-23 00:07:25.217 | ERROR    | __main__:process_wiki_task:2157 - Traceback (most recent call last):
  File "/home/joancabezas/wiki-kg/src/wiki_kg/processing/2_extraction/run_extraction.py", line 2132, in process_wiki_task
    for doc in reader.run([], rank=task_id, world_size=total_tasks):
  File "/home/joancabezas/wiki-kg/src/wiki_kg/processing/2_extraction/run_extraction.py", line 142, in run
    for doc in iter_docs(iter_jsonl(filepath)):
  File "/home/joancabezas/wiki-kg/src/wiki_kg/processing/2_extraction/run_extraction.py", line 91, in iter_docs
    for rec in jsonl_iter:
  File "/home/joancabezas/wiki-kg/src/wiki_kg/processing/2_extraction/run_extraction.py", line 85, in iter_jsonl
    for _i, line in enumerate(
  File "/home/joancabezas/.local/share/uv/python/cpython-3.11.14-linux-x86_64-gnu/lib/python3.11/tarfile.py", line 701, in readinto
    buf = self.read(len(b))
          ^^^^^^^^^^^^^^^^^
  File "/home/joancabezas/.local/share/uv/python/cpython-3.11.14-linux-x86_64-gnu/lib/python3.11/tarfile.py", line 690, in read
    b = self.fileobj.read(length)
        ^^^^^^^^^^^^^^^^^^^^^^^^^
  File "/home/joancabezas/.local/share/uv/python/cpython-3.11.14-linux-x86_64-gnu/lib/python3.11/gzip.py", line 301, in read
    return self._buffer.read(size)
           ^^^^^^^^^^^^^^^^^^^^^^^
  File "/home/joancabezas/.local/share/uv/python/cpython-3.11.14-linux-x86_64-gnu/lib/python3.11/_compression.py", line 68, in readinto
    data = self.read(len(byte_view))
           ^^^^^^^^^^^^^^^^^^^^^^^^^
  File "/home/joancabezas/.local/share/uv/python/cpython-3.11.14-linux-x86_64-gnu/lib/python3.11/gzip.py", line 518, in read
    raise EOFError("Compressed file ended before the "
EOFError: Compressed file ended before the end-of-stream marker was reached

2025-11-23 02:39:20.352 | INFO     | __main__:process_wiki_task:2148 - Task 21 completed. Processed 19261 documents, wrote 19261
2025-11-23 02:55:52.104 | INFO     | __main__:process_wiki_task:2148 - Task 313 completed. Processed 7495 documents, wrote 7495

/// Note: Joan, debug remaining ones that never completed at some point, they have the same size as others, but were let run for 6 hours and nothing.

/// Modified script slightly, to process 1 task at a time

/// Ohhh I see, so the ones delayed, task 21 doesn't mean snashot 21, means when ordered list of files, it takes the 21st file. which is snapshot 117! and it's huge indeed

2025-11-23 16:00:21.828 | INFO     | __main__:process_wiki_task:2107 - Starting task 21/415 for enwiki_namespace_0 (parallel=True)
2025-11-23 16:00:21.828 | INFO     | __main__:process_wiki_task:2139 - Processing file: gs://wikipedia-graph/wikipedia/raw_html_dumps/enwiki_namespace_0/enwiki_namespace_0_enwiki_namespace_0_chunk_117.json.tar.gz
2025-11-23 16:00:21.829 | INFO     | __main__:process_wiki_task:2152 - Collecting documents from file...
2025-11-23 16:00:24.923 | INFO     | __main__:process_wiki_task:2159 -    Collected 1000 documents
2025-11-23 16:00:26.764 | INFO     | __main__:process_wiki_task:2159 -    Collected 2000 documents
2025-11-23 16:00:28.600 | INFO     | __main__:process_wiki_task:2159 -    Collected 3000 documents
2025-11-23 16:00:31.112 | INFO     | __main__:process_wiki_task:2159 -    Collected 4000 documents
2025-11-23 16:00:33.174 | INFO     | __main__:process_wiki_task:2159 -    Collected 5000 documents
2025-11-23 16:00:35.672 | INFO     | __main__:process_wiki_task:2159 -    Collected 6000 documents
2025-11-23 16:00:37.794 | INFO     | __main__:process_wiki_task:2159 -    Collected 7000 documents
2025-11-23 16:00:39.630 | INFO     | __main__:process_wiki_task:2159 -    Collected 8000 documents
2025-11-23 16:00:42.021 | INFO     | __main__:process_wiki_task:2159 -    Collected 9000 documents
2025-11-23 16:00:43.857 | INFO     | __main__:process_wiki_task:2159 -    Collected 10000 documents
2025-11-23 16:00:45.725 | INFO     | __main__:process_wiki_task:2159 -    Collected 11000 documents
2025-11-23 16:00:48.305 | INFO     | __main__:process_wiki_task:2159 -    Collected 12000 documents
2025-11-23 16:00:50.416 | INFO     | __main__:process_wiki_task:2159 -    Collected 13000 documents
2025-11-23 16:00:52.896 | INFO     | __main__:process_wiki_task:2159 -    Collected 14000 documents
2025-11-23 16:00:54.964 | INFO     | __main__:process_wiki_task:2159 -    Collected 15000 documents
2025-11-23 16:00:56.842 | INFO     | __main__:process_wiki_task:2159 -    Collected 16000 documents
2025-11-23 16:00:59.332 | INFO     | __main__:process_wiki_task:2159 -    Collected 17000 documents
2025-11-23 16:01:01.309 | INFO     | __main__:process_wiki_task:2159 -    Collected 18000 documents
2025-11-23 16:01:03.246 | INFO     | __main__:process_wiki_task:2159 -    Collected 19000 documents
2025-11-23 16:01:03.759 | INFO     | __main__:process_wiki_task:2167 - Collected 19261 documents. Starting parallel parsing with 10 workers...
Targeting specific task IDs: [21]
Using 10 workers

================================================================================
Processing: gs://wikipedia-graph/wikipedia/raw_html_dumps/enwiki_namespace_0
Output: gs://wikipedia-graph/wikipedia/parsed_html/enwiki_namespace_0
Total files: 415
Processing 1 specific tasks sequentially: [21]
Each task will use all 10 workers to parallelize document parsing

>>> Processing task 21/414 with parallel document parsing...

Task 21:   0%|          | 0/19261 [00:00<?, ?doc/s]
Task 21:   0%|          | 1/19261 [00:10<57:57:41, 10.83s/doc]
Task 21:   2%|▏         | 405/19261 [00:11<06:18, 49.86doc/s] 
Task 21:   4%|▍         | 730/19261 [00:11<03:07, 99.01doc/s]
Task 21:   5%|▍         | 963/19261 [00:13<02:32, 119.97doc/s]
Task 21:   6%|▌         | 1109/19261 [00:13<02:05, 144.22doc/s]
Task 21:   8%|▊         | 1445/19261 [00:13<01:18, 227.14doc/s]
Task 21:   9%|▉         | 1806/19261 [00:14<00:53, 323.88doc/s]
Task 21:  11%|█▏        | 2171/19261 [00:14<00:39, 434.73doc/s]
Task 21:  13%|█▎        | 2540/19261 [00:14<00:30, 556.98doc/s]
Task 21:  15%|█▍        | 2887/19261 [00:15<00:26, 627.46doc/s]
Task 21:  17%|█▋        | 3202/19261 [00:15<00:23, 680.52doc/s]
Task 21:  18%|█▊        | 3529/19261 [00:15<00:21, 745.86doc/s]
Task 21:  20%|█▉        | 3848/19261 [00:16<00:19, 789.07doc/s]
Task 21:  22%|██▏       | 4213/19261 [00:16<00:17, 871.45doc/s]
Task 21:  22%|██▏       | 4330/19261 [00:17<00:30, 482.09doc/s]
Task 21:  23%|██▎       | 4511/19261 [00:18<00:31, 472.15doc/s]
Task 21:  25%|██▍       | 4811/19261 [00:21<01:24, 170.89doc/s]
Task 21:  25%|██▌       | 4858/19261 [00:22<01:25, 169.16doc/s]
Task 21:  27%|██▋       | 5215/19261 [00:22<00:52, 267.81doc/s]
Task 21:  27%|██▋       | 5292/19261 [00:25<01:43, 135.04doc/s]
Task 21:  29%|██▉       | 5588/19261 [00:25<01:08, 200.02doc/s]
Task 21:  31%|███       | 5996/19261 [00:26<00:43, 308.33doc/s]
Task 21:  33%|███▎      | 6421/19261 [00:26<00:29, 440.36doc/s]
Task 21:  35%|███▌      | 6744/19261 [00:26<00:24, 519.40doc/s]
Task 21:  37%|███▋      | 7156/19261 [00:27<00:19, 630.90doc/s]
Task 21:  39%|███▉      | 7510/19261 [00:27<00:17, 690.90doc/s]
Task 21:  41%|████      | 7859/19261 [00:27<00:15, 742.81doc/s]
Task 21:  42%|████▏     | 8154/19261 [00:28<00:14, 774.65doc/s]
Task 21:  44%|████▍     | 8457/19261 [00:28<00:13, 773.63doc/s]
Task 21:  46%|████▌     | 8819/19261 [00:29<00:12, 816.05doc/s]
Task 21:  47%|████▋     | 9129/19261 [00:29<00:12, 827.81doc/s]
Task 21:  48%|████▊     | 9217/19261 [00:31<00:41, 242.29doc/s]
Task 21:  49%|████▉     | 9501/19261 [00:32<00:31, 310.94doc/s]
Task 21:  50%|████▉     | 9621/19261 [00:32<00:27, 346.19doc/s]
Task 21:  51%|█████▏    | 9877/19261 [00:32<00:23, 406.65doc/s]
Task 21:  52%|█████▏    | 10102/19261 [00:36<00:57, 158.72doc/s]
Task 21:  53%|█████▎    | 10209/19261 [00:36<00:52, 171.82doc/s]
Task 21:  55%|█████▍    | 10583/19261 [00:38<00:43, 197.34doc/s]
Task 21:  55%|█████▌    | 10621/19261 [00:38<00:45, 189.29doc/s]
Task 21:  57%|█████▋    | 11021/19261 [00:39<00:26, 311.48doc/s]
Task 21:  59%|█████▉    | 11437/19261 [00:39<00:17, 445.73doc/s]
Task 21:  60%|█████▉    | 11545/19261 [00:40<00:22, 341.96doc/s]
Task 21:  61%|██████▏   | 11828/19261 [00:40<00:17, 418.19doc/s]
Task 21:  62%|██████▏   | 12026/19261 [00:41<00:21, 341.94doc/s]
Task 21:  63%|██████▎   | 12192/19261 [00:41<00:19, 365.43doc/s]
Task 21:  65%|██████▍   | 12507/19261 [00:42<00:15, 445.56doc/s]
Task 21:  65%|██████▌   | 12562/19261 [00:42<00:17, 389.43doc/s]
Task 21:  67%|██████▋   | 12843/19261 [00:43<00:13, 466.88doc/s]
Task 21:  67%|██████▋   | 12988/19261 [00:43<00:13, 481.26doc/s]
Task 21:  68%|██████▊   | 13160/19261 [00:43<00:12, 492.39doc/s]
Task 21:  70%|██████▉   | 13469/19261 [00:43<00:08, 715.00doc/s]
Task 21:  70%|███████   | 13566/19261 [00:44<00:10, 568.79doc/s]
Task 21:  72%|███████▏  | 13815/19261 [00:44<00:09, 596.96doc/s]
Task 21:  72%|███████▏  | 13950/19261 [00:48<00:38, 138.70doc/s]
Task 21:  73%|███████▎  | 14153/19261 [00:48<00:28, 181.60doc/s]
Task 21:  75%|███████▍  | 14428/19261 [00:48<00:19, 252.48doc/s]
Task 21:  75%|███████▌  | 14485/19261 [00:49<00:20, 229.06doc/s]
Task 21:  77%|███████▋  | 14805/19261 [00:49<00:12, 347.92doc/s]
Task 21:  77%|███████▋  | 14912/19261 [00:49<00:11, 393.04doc/s]
Task 21:  78%|███████▊  | 14984/19261 [00:50<00:17, 244.83doc/s]
Task 21:  79%|███████▊  | 15154/19261 [00:51<00:14, 286.55doc/s]
Task 21:  80%|████████  | 15414/19261 [00:51<00:11, 339.03doc/s]
Task 21:  81%|████████  | 15539/19261 [00:52<00:10, 353.49doc/s]
Task 21:  82%|████████▏ | 15874/19261 [00:52<00:06, 511.11doc/s]
Task 21:  84%|████████▍ | 16242/19261 [00:52<00:04, 642.38doc/s]
Task 21:  86%|████████▋ | 16632/19261 [00:53<00:03, 762.42doc/s]
Task 21:  88%|████████▊ | 16857/19261 [00:54<00:06, 368.18doc/s]
Task 21:  88%|████████▊ | 17038/19261 [00:55<00:05, 392.49doc/s]
Task 21:  90%|████████▉ | 17334/19261 [00:55<00:03, 482.73doc/s]
Task 21:  92%|█████████▏| 17733/19261 [00:55<00:02, 620.61doc/s]
Task 21:  93%|█████████▎| 17819/19261 [00:56<00:03, 392.72doc/s]
Task 21:  94%|█████████▍| 18102/19261 [00:56<00:02, 472.25doc/s]
Task 21:  94%|█████████▍| 18102/19261 [01:10<00:02, 472.25doc/s]


/// timeout was not working in multiprocesssss!!! that's why there was slurm, fuck me, so it get's stuck in docs, and never finishes
/// Fixed timeouts without signal as well
Downloading cpython-3.13.9-linux-x86_64-gnu (download) (32.7MiB)
 Downloaded cpython-3.13.9-linux-x86_64-gnu (download)
Using CPython 3.13.9
Removed virtual environment at: .venv
Creating virtual environment at: .venv
   Building fasttext==0.9.3
   Updating https://github.com/stair-lab/kg-gen.git (upgrade-dependencies-11-23)
Downloading fonttools (4.7MiB)
Downloading numpy (15.8MiB)
Downloading sqlalchemy (3.1MiB)
Downloading pydantic-core (2.0MiB)
Downloading pyarrow (45.5MiB)
Downloading kiwisolver (1.4MiB)
Downloading aiohttp (1.7MiB)
Downloading usearch (2.0MiB)
Downloading scipy (34.0MiB)
Downloading scikit-learn (9.0MiB)
Downloading matplotlib (8.3MiB)
Downloading pillow (6.3MiB)
Downloading torch (858.1MiB)
Downloading pandas (11.7MiB)
Downloading triton (162.6MiB)
Downloading litellm (10.2MiB)
Downloading black (1.6MiB)
Downloading tiktoken (1.1MiB)
Downloading simsimd (1.0MiB)
   Building fasttext-numpy2-wheel==0.9.2
 Downloaded simsimd
 Downloaded tiktoken
    Updated https://github.com/stair-lab/kg-gen.git (e45122bda276d5b54f4ddd9ae41fc70f4ead4b60)
   Building kg-gen @ git+https://github.com/stair-lab/kg-gen.git@e45122bda276d5b54f4ddd9ae41fc70f4ead4b60
 Downloaded kiwisolver
 Downloaded aiohttp
 Downloaded pydantic-core
 Downloaded usearch
 Downloaded black
 Downloaded sqlalchemy
 Downloaded fonttools
      Built kg-gen @ git+https://github.com/stair-lab/kg-gen.git@e45122bda276d5b54f4ddd9ae41fc70f4ead4b60
 Downloaded pillow
 Downloaded scikit-learn
 Downloaded matplotlib
 Downloaded litellm
 Downloaded pandas
 Downloaded numpy
 Downloaded scipy
 Downloaded pyarrow
 Downloaded triton
 Downloaded torch
      Built fasttext==0.9.3
      Built fasttext-numpy2-wheel==0.9.2
Installed 176 packages in 856ms
2025-11-24 00:33:08.974 | INFO     | __main__:process_wiki_task:2115 - Starting task 27/415 for enwiki_namespace_0 (parallel=True)
2025-11-24 00:33:08.976 | INFO     | __main__:process_wiki_task:2147 - Processing file: gs://wikipedia-graph/wikipedia/raw_html_dumps/enwiki_namespace_0/enwiki_namespace_0_enwiki_namespace_0_chunk_122.json.tar.gz
2025-11-24 00:33:08.976 | INFO     | __main__:process_wiki_task:2160 - Collecting documents from file...
2025-11-24 00:33:11.780 | INFO     | __main__:process_wiki_task:2167 -    Collected 1000 documents
2025-11-24 00:33:13.186 | INFO     | __main__:process_wiki_task:2167 -    Collected 2000 documents
2025-11-24 00:33:14.827 | INFO     | __main__:process_wiki_task:2167 -    Collected 3000 documents
2025-11-24 00:33:16.283 | INFO     | __main__:process_wiki_task:2167 -    Collected 4000 documents
2025-11-24 00:33:17.817 | INFO     | __main__:process_wiki_task:2167 -    Collected 5000 documents
2025-11-24 00:33:19.596 | INFO     | __main__:process_wiki_task:2167 -    Collected 6000 documents
2025-11-24 00:33:21.257 | INFO     | __main__:process_wiki_task:2167 -    Collected 7000 documents
2025-11-24 00:33:22.720 | INFO     | __main__:process_wiki_task:2167 -    Collected 8000 documents
2025-11-24 00:33:24.471 | INFO     | __main__:process_wiki_task:2167 -    Collected 9000 documents
2025-11-24 00:33:25.961 | INFO     | __main__:process_wiki_task:2167 -    Collected 10000 documents
2025-11-24 00:33:28.258 | INFO     | __main__:process_wiki_task:2167 -    Collected 11000 documents
2025-11-24 00:33:29.589 | INFO     | __main__:process_wiki_task:2167 -    Collected 12000 documents
2025-11-24 00:33:31.258 | INFO     | __main__:process_wiki_task:2167 -    Collected 13000 documents
2025-11-24 00:33:33.093 | INFO     | __main__:process_wiki_task:2167 -    Collected 14000 documents
2025-11-24 00:33:34.439 | INFO     | __main__:process_wiki_task:2167 -    Collected 15000 documents
2025-11-24 00:33:35.990 | INFO     | __main__:process_wiki_task:2167 -    Collected 16000 documents
2025-11-24 00:33:37.898 | INFO     | __main__:process_wiki_task:2167 -    Collected 17000 documents
2025-11-24 00:33:39.519 | INFO     | __main__:process_wiki_task:2167 -    Collected 18000 documents
2025-11-24 00:33:41.197 | INFO     | __main__:process_wiki_task:2167 -    Collected 19000 documents
2025-11-24 00:33:41.649 | INFO     | __main__:process_wiki_task:2175 - Collected 19277 documents. Starting parallel parsing with 88 workers...
Targeting specific task IDs: [27, 30, 86, 106, 107, 137, 138, 140, 144, 151, 185, 196, 242, 253, 286, 313, 337, 357]
Using 88 workers

================================================================================
Processing: gs://wikipedia-graph/wikipedia/raw_html_dumps/enwiki_namespace_0
Output: gs://wikipedia-graph/wikipedia/parsed_html/enwiki_namespace_0
Total files: 415
Processing 18 specific tasks sequentially: [27, 30, 86, 106, 107, 137, 138, 140, 144, 151, 185, 196, 242, 253, 286, 313, 337, 357]
Each task will use all 88 workers to parallelize document parsing

>>> Processing task 27/414 with parallel document parsing...
Task 27:   0%|          | 0/19277 [00:00<?, ?doc/s]Task 27:   0%|          | 1/19277 [00:01<8:04:01,  1.51s/doc]Task 27:   1%|          | 109/19277 [00:01<03:25, 93.10doc/s]Task 27:   1%|▏         | 244/19277 [00:01<01:25, 223.27doc/s]Task 27:   2%|▏         | 358/19277 [00:02<01:13, 256.23doc/s]Task 27:   3%|▎         | 559/19277 [00:02<00:40, 458.84doc/s]Task 27:   4%|▍         | 780/19277 [00:02<00:28, 655.24doc/s]Task 27:   6%|▋         | 1205/19277 [00:02<00:17, 1039.26doc/s]Task 27:   8%|▊         | 1580/19277 [00:02<00:12, 1453.95doc/s]Task 27:  10%|█         | 1974/19277 [00:02<00:09, 1792.33doc/s]Task 27:  12%|█▏        | 2298/19277 [00:02<00:08, 1959.46doc/s]Task 27:  13%|█▎        | 2534/19277 [00:03<00:13, 1237.77doc/s]Task 27:  14%|█▍        | 2715/19277 [00:03<00:13, 1264.82doc/s]Task 27:  15%|█▍        | 2883/19277 [00:03<00:13, 1195.62doc/s]Task 27:  16%|█▌        | 3031/19277 [00:03<00:13, 1218.85doc/s]Task 27:  16%|█▋        | 3174/19277 [00:04<00:15, 1051.13doc/s]Task 27:  17%|█▋        | 3296/19277 [00:04<00:16, 973.91doc/s] Task 27:  18%|█▊        | 3404/19277 [00:04<00:17, 919.42doc/s]Task 27:  18%|█▊        | 3503/19277 [00:04<00:20, 783.36doc/s]Task 27:  20%|█▉        | 3828/19277 [00:04<00:12, 1255.85doc/s]Task 27:  21%|██        | 4051/19277 [00:04<00:10, 1441.95doc/s]Task 27:  22%|██▏       | 4223/19277 [00:04<00:11, 1351.74doc/s]Task 27:  23%|██▎       | 4505/19277 [00:04<00:09, 1617.89doc/s]Task 27:  25%|██▍       | 4804/19277 [00:05<00:07, 1838.17doc/s]Task 27:  27%|██▋       | 5131/19277 [00:05<00:07, 2014.59doc/s]Task 27:  28%|██▊       | 5467/19277 [00:05<00:06, 2155.07doc/s]Task 27:  30%|██▉       | 5688/19277 [00:05<00:06, 2103.33doc/s]Task 27:  31%|███       | 5932/19277 [00:05<00:06, 1959.38doc/s]Task 27:  33%|███▎      | 6337/19277 [00:05<00:05, 2167.96doc/s]Task 27:  35%|███▍      | 6706/19277 [00:05<00:05, 2411.13doc/s]Task 27:  37%|███▋      | 7040/19277 [00:06<00:04, 2608.03doc/s]Task 27:  38%|███▊      | 7359/19277 [00:06<00:04, 2665.12doc/s]Task 27:  40%|███▉      | 7661/19277 [00:06<00:04, 2529.34doc/s]Task 27:  41%|████      | 7943/19277 [00:06<00:04, 2361.90doc/s]Task 27:  43%|████▎     | 8348/19277 [00:06<00:04, 2409.91doc/s]Task 27:  45%|████▌     | 8695/19277 [00:06<00:04, 2600.23doc/s]Task 27:  47%|████▋     | 9003/19277 [00:06<00:03, 2693.58doc/s]Task 27:  49%|████▊     | 9368/19277 [00:06<00:03, 2669.57doc/s]Task 27:  51%|█████     | 9746/19277 [00:07<00:03, 2731.06doc/s]Task 27:  52%|█████▏    | 10106/19277 [00:07<00:03, 2772.67doc/s]Task 27:  55%|█████▍    | 10515/19277 [00:07<00:03, 2456.73doc/s]Task 27:  57%|█████▋    | 10902/19277 [00:07<00:03, 2442.89doc/s]Task 27:  58%|█████▊    | 11156/19277 [00:07<00:03, 2209.57doc/s]Task 27:  60%|█████▉    | 11504/19277 [00:07<00:03, 2486.52doc/s]Task 27:  61%|██████▏   | 11847/19277 [00:07<00:02, 2517.46doc/s]Task 27:  63%|██████▎   | 12146/19277 [00:08<00:03, 2361.94doc/s]Task 27:  65%|██████▍   | 12493/19277 [00:08<00:02, 2565.41doc/s]Task 27:  66%|██████▌   | 12759/19277 [00:08<00:02, 2502.71doc/s]Task 27:  68%|██████▊   | 13016/19277 [00:08<00:02, 2519.04doc/s]Task 27:  69%|██████▉   | 13273/19277 [00:08<00:02, 2378.63doc/s]Task 27:  71%|███████   | 13674/19277 [00:08<00:02, 2681.03doc/s]Task 27:  73%|███████▎  | 14030/19277 [00:08<00:01, 2864.13doc/s]Task 27:  75%|███████▍  | 14367/19277 [00:08<00:01, 2582.26doc/s]Task 27:  76%|███████▋  | 14737/19277 [00:09<00:01, 2857.04doc/s]Task 27:  78%|███████▊  | 15034/19277 [00:09<00:01, 2861.76doc/s]Task 27:  80%|███████▉  | 15328/19277 [00:09<00:01, 2472.23doc/s]Task 27:  81%|████████▏ | 15702/19277 [00:09<00:01, 2788.16doc/s]Task 27:  83%|████████▎ | 15997/19277 [00:09<00:01, 2088.91doc/s]Task 27:  84%|████████▍ | 16241/19277 [00:09<00:01, 2132.36doc/s]Task 27:  86%|████████▋ | 16641/19277 [00:09<00:01, 2568.85doc/s]Task 27:  88%|████████▊ | 16929/19277 [00:09<00:00, 2631.89doc/s]Task 27:  89%|████████▉ | 17234/19277 [00:10<00:00, 2453.62doc/s]Task 27:  91%|█████████▏| 17593/19277 [00:10<00:00, 2658.35doc/s]Task 27:  93%|█████████▎| 17933/19277 [00:10<00:00, 2662.75doc/s]Task 27:  95%|█████████▍| 18251/19277 [00:10<00:00, 1309.72doc/s]Task 27:  96%|█████████▋| 18556/19277 [00:10<00:00, 1521.48doc/s]2025-11-24 00:33:54.067 | WARNING  | __main__:process_wiki_task:2222 - Parse errors so far: 1 timeouts, 0 other errors
Task 27:  98%|█████████▊| 18833/19277 [00:11<00:00, 1728.87doc/s]Task 27: 100%|█████████▉| 19196/19277 [00:11<00:00, 2097.80doc/s]Task 27: 100%|██████████| 19277/19277 [00:12<00:00, 1540.16doc/s]
2025-11-24 00:33:56.098 | INFO     | __main__:process_wiki_task:2275 - Task 27 completed. Processed 19277 documents, wrote 19275 (timeouts: 2, errors: 0)
2025-11-24 00:33:56.359 | INFO     | __main__:process_wiki_task:2115 - Starting task 30/415 for enwiki_namespace_0 (parallel=True)
2025-11-24 00:33:56.361 | INFO     | __main__:process_wiki_task:2147 - Processing file: gs://wikipedia-graph/wikipedia/raw_html_dumps/enwiki_namespace_0/enwiki_namespace_0_enwiki_namespace_0_chunk_125.json.tar.gz
2025-11-24 00:33:56.361 | INFO     | __main__:process_wiki_task:2160 - Collecting documents from file...
2025-11-24 00:33:59.332 | INFO     | __main__:process_wiki_task:2167 -    Collected 1000 documents
2025-11-24 00:34:01.006 | INFO     | __main__:process_wiki_task:2167 -    Collected 2000 documents
2025-11-24 00:34:02.729 | INFO     | __main__:process_wiki_task:2167 -    Collected 3000 documents
2025-11-24 00:34:04.233 | INFO     | __main__:process_wiki_task:2167 -    Collected 4000 documents
2025-11-24 00:34:05.886 | INFO     | __main__:process_wiki_task:2167 -    Collected 5000 documents
2025-11-24 00:34:07.317 | INFO     | __main__:process_wiki_task:2167 -    Collected 6000 documents
2025-11-24 00:34:08.997 | INFO     | __main__:process_wiki_task:2167 -    Collected 7000 documents
2025-11-24 00:34:10.373 | ERROR    | __main__:process_wiki_task:2170 - Corrupted gzip file detected for task 30: Compressed file ended before the end-of-stream marker was reached
2025-11-24 00:34:10.374 | ERROR    | __main__:process_wiki_task:2171 - File: gs://wikipedia-graph/wikipedia/raw_html_dumps/enwiki_namespace_0/enwiki_namespace_0_enwiki_namespace_0_chunk_125.json.tar.gz
2025-11-24 00:34:10.524 | INFO     | __main__:process_wiki_task:2115 - Starting task 86/415 for enwiki_namespace_0 (parallel=True)
2025-11-24 00:34:10.526 | INFO     | __main__:process_wiki_task:2147 - Processing file: gs://wikipedia-graph/wikipedia/raw_html_dumps/enwiki_namespace_0/enwiki_namespace_0_enwiki_namespace_0_chunk_176.json.tar.gz
2025-11-24 00:34:10.526 | INFO     | __main__:process_wiki_task:2160 - Collecting documents from file...
2025-11-24 00:34:13.187 | INFO     | __main__:process_wiki_task:2167 -    Collected 1000 documents
2025-11-24 00:34:15.263 | INFO     | __main__:process_wiki_task:2167 -    Collected 2000 documents
2025-11-24 00:34:17.251 | INFO     | __main__:process_wiki_task:2167 -    Collected 3000 documents
2025-11-24 00:34:18.856 | INFO     | __main__:process_wiki_task:2167 -    Collected 4000 documents
2025-11-24 00:34:20.458 | INFO     | __main__:process_wiki_task:2167 -    Collected 5000 documents
2025-11-24 00:34:22.472 | INFO     | __main__:process_wiki_task:2167 -    Collected 6000 documents
2025-11-24 00:34:22.812 | ERROR    | __main__:process_wiki_task:2170 - Corrupted gzip file detected for task 86: Compressed file ended before the end-of-stream marker was reached
2025-11-24 00:34:22.812 | ERROR    | __main__:process_wiki_task:2171 - File: gs://wikipedia-graph/wikipedia/raw_html_dumps/enwiki_namespace_0/enwiki_namespace_0_enwiki_namespace_0_chunk_176.json.tar.gz
2025-11-24 00:34:22.949 | INFO     | __main__:process_wiki_task:2115 - Starting task 106/415 for enwiki_namespace_0 (parallel=True)
2025-11-24 00:34:22.950 | INFO     | __main__:process_wiki_task:2147 - Processing file: gs://wikipedia-graph/wikipedia/raw_html_dumps/enwiki_namespace_0/enwiki_namespace_0_enwiki_namespace_0_chunk_194.json.tar.gz
2025-11-24 00:34:22.951 | INFO     | __main__:process_wiki_task:2160 - Collecting documents from file...
2025-11-24 00:34:26.361 | INFO     | __main__:process_wiki_task:2167 -    Collected 1000 documents
2025-11-24 00:34:28.482 | INFO     | __main__:process_wiki_task:2167 -    Collected 2000 documents
2025-11-24 00:34:30.438 | INFO     | __main__:process_wiki_task:2167 -    Collected 3000 documents
2025-11-24 00:34:32.804 | INFO     | __main__:process_wiki_task:2167 -    Collected 4000 documents
2025-11-24 00:34:34.947 | INFO     | __main__:process_wiki_task:2167 -    Collected 5000 documents
2025-11-24 00:34:37.426 | INFO     | __main__:process_wiki_task:2167 -    Collected 6000 documents
2025-11-24 00:34:39.467 | INFO     | __main__:process_wiki_task:2167 -    Collected 7000 documents
2025-11-24 00:34:41.672 | INFO     | __main__:process_wiki_task:2167 -    Collected 8000 documents
2025-11-24 00:34:43.980 | INFO     | __main__:process_wiki_task:2167 -    Collected 9000 documents
2025-11-24 00:34:46.512 | INFO     | __main__:process_wiki_task:2167 -    Collected 10000 documents
2025-11-24 00:34:48.387 | INFO     | __main__:process_wiki_task:2167 -    Collected 11000 documents
2025-11-24 00:34:50.269 | INFO     | __main__:process_wiki_task:2167 -    Collected 12000 documents
2025-11-24 00:34:52.092 | INFO     | __main__:process_wiki_task:2167 -    Collected 13000 documents
2025-11-24 00:34:53.282 | INFO     | __main__:process_wiki_task:2175 - Collected 13492 documents. Starting parallel parsing with 88 workers...
>>> Task 27 completed. Stats: {'total': 19277, 'extracted': 0, 'timeout': 0, 'clean_error': 0, 'forwarded': 19275, 'dropped': 2, 'timeout_docs': 2, 'error_docs': 0}

>>> Processing task 30/414 with parallel document parsing...
>>> Task 30 completed. Stats: {'total': 7945, 'extracted': 0, 'timeout': 0, 'clean_error': 0, 'forwarded': 0, 'dropped': 0, 'corrupted_file': True}

>>> Processing task 86/414 with parallel document parsing...
>>> Task 86 completed. Stats: {'total': 6209, 'extracted': 0, 'timeout': 0, 'clean_error': 0, 'forwarded': 0, 'dropped': 0, 'corrupted_file': True}

>>> Processing task 106/414 with parallel document parsing...
Task 106:   0%|          | 0/13492 [00:00<?, ?doc/s]Task 106:   0%|          | 1/13492 [00:01<5:17:21,  1.41s/doc]Task 106:   0%|          | 39/13492 [00:01<07:15, 30.92doc/s] Task 106:   1%|          | 153/13492 [00:01<01:37, 136.51doc/s]Task 106:   2%|▏         | 229/13492 [00:01<01:04, 205.77doc/s]Task 106:   2%|▏         | 324/13492 [00:02<00:46, 280.59doc/s]Task 106:   4%|▎         | 495/13492 [00:02<00:25, 502.59doc/s]Task 106:   4%|▍         | 605/13492 [00:02<00:22, 570.89doc/s]Task 106:   7%|▋         | 880/13492 [00:02<00:14, 848.54doc/s]Task 106:   8%|▊         | 1142/13492 [00:02<00:11, 1097.96doc/s]Task 106:  11%|█         | 1435/13492 [00:02<00:09, 1283.73doc/s]Task 106:  13%|█▎        | 1700/13492 [00:03<00:08, 1363.06doc/s]Task 106:  15%|█▍        | 1964/13492 [00:03<00:08, 1330.63doc/s]Task 106:  16%|█▋        | 2200/13492 [00:03<00:08, 1395.96doc/s]Task 106:  18%|█▊        | 2421/13492 [00:03<00:07, 1468.75doc/s]Task 106:  20%|█▉        | 2636/13492 [00:03<00:06, 1576.74doc/s]Task 106:  21%|██▏       | 2879/13492 [00:03<00:06, 1619.93doc/s]Task 106:  23%|██▎       | 3063/13492 [00:03<00:06, 1600.63doc/s]Task 106:  24%|██▍       | 3227/13492 [00:04<00:07, 1425.97doc/s]Task 106:  25%|██▌       | 3388/13492 [00:04<00:07, 1406.72doc/s]Task 106:  26%|██▌       | 3532/13492 [00:04<00:11, 843.18doc/s] Task 106:  27%|██▋       | 3644/13492 [00:04<00:11, 871.51doc/s]Task 106:  29%|██▉       | 3901/13492 [00:04<00:08, 1130.88doc/s]Task 106:  31%|███       | 4118/13492 [00:04<00:07, 1334.60doc/s]Task 106:  32%|███▏      | 4330/13492 [00:05<00:06, 1421.19doc/s]Task 106:  33%|███▎      | 4490/13492 [00:05<00:06, 1387.25doc/s]Task 106:  34%|███▍      | 4641/13492 [00:05<00:07, 1150.69doc/s]Task 106:  35%|███▌      | 4770/13492 [00:05<00:07, 1172.95doc/s]Task 106:  37%|███▋      | 5013/13492 [00:05<00:05, 1426.83doc/s]Task 106:  39%|███▉      | 5276/13492 [00:05<00:04, 1680.83doc/s]Task 106:  41%|████      | 5528/13492 [00:05<00:04, 1839.04doc/s]Task 106:  42%|████▏     | 5721/13492 [00:05<00:05, 1530.89doc/s]Task 106:  44%|████▍     | 5933/13492 [00:06<00:04, 1653.66doc/s]Task 106:  46%|████▌     | 6159/13492 [00:06<00:04, 1750.01doc/s]Task 106:  48%|████▊     | 6424/13492 [00:06<00:03, 1807.11doc/s]Task 106:  49%|████▉     | 6619/13492 [00:06<00:03, 1728.52doc/s]Task 106:  50%|█████     | 6797/13492 [00:08<00:19, 348.81doc/s] Task 106:  52%|█████▏    | 6950/13492 [00:08<00:15, 426.55doc/s]Task 106:  53%|█████▎    | 7189/13492 [00:08<00:10, 589.89doc/s]Task 106:  55%|█████▌    | 7441/13492 [00:08<00:07, 789.08doc/s]Task 106:  57%|█████▋    | 7711/13492 [00:08<00:05, 1007.82doc/s]Task 106:  59%|█████▊    | 7898/13492 [00:08<00:05, 1081.07doc/s]Task 106:  61%|██████    | 8198/13492 [00:08<00:03, 1377.67doc/s]Task 106:  63%|██████▎   | 8444/13492 [00:08<00:03, 1584.72doc/s]Task 106:  65%|██████▍   | 8728/13492 [00:09<00:02, 1801.93doc/s]Task 106:  67%|██████▋   | 9014/13492 [00:09<00:02, 2046.59doc/s]Task 106:  69%|██████▊   | 9256/13492 [00:09<00:02, 1979.02doc/s]Task 106:  70%|███████   | 9480/13492 [00:09<00:01, 2039.29doc/s]Task 106:  72%|███████▏  | 9704/13492 [00:09<00:01, 2090.60doc/s]2025-11-24 00:35:04.598 | WARNING  | __main__:process_wiki_task:2222 - Parse errors so far: 1 timeouts, 0 other errors
Task 106:  74%|███████▎  | 9928/13492 [00:09<00:01, 2121.63doc/s]Task 106:  75%|███████▌  | 10165/13492 [00:09<00:01, 2190.72doc/s]Task 106:  77%|███████▋  | 10448/13492 [00:09<00:01, 2371.67doc/s]Task 106:  81%|████████  | 10864/13492 [00:09<00:00, 2887.57doc/s]Task 106:  83%|████████▎ | 11160/13492 [00:10<00:00, 2786.86doc/s]Task 106:  85%|████████▍ | 11444/13492 [00:10<00:00, 2769.49doc/s]Task 106:  87%|████████▋ | 11725/13492 [00:10<00:00, 2461.68doc/s]Task 106:  89%|████████▉ | 12023/13492 [00:10<00:00, 2597.64doc/s]Task 106:  91%|█████████ | 12291/13492 [00:10<00:00, 2558.20doc/s]Task 106:  93%|█████████▎| 12552/13492 [00:10<00:00, 1903.95doc/s]Task 106:  95%|█████████▍| 12770/13492 [00:10<00:00, 1885.64doc/s]Task 106:  97%|█████████▋| 13037/13492 [00:10<00:00, 2070.87doc/s]Task 106:  99%|█████████▉| 13379/13492 [00:11<00:00, 1907.70doc/s]Task 106: 100%|██████████| 13492/13492 [00:14<00:00, 907.21doc/s] 
2025-11-24 00:35:10.332 | INFO     | __main__:process_wiki_task:2275 - Task 106 completed. Processed 13492 documents, wrote 13490 (timeouts: 2, errors: 0)
2025-11-24 00:35:10.511 | INFO     | __main__:process_wiki_task:2115 - Starting task 107/415 for enwiki_namespace_0 (parallel=True)
2025-11-24 00:35:10.513 | INFO     | __main__:process_wiki_task:2147 - Processing file: gs://wikipedia-graph/wikipedia/raw_html_dumps/enwiki_namespace_0/enwiki_namespace_0_enwiki_namespace_0_chunk_195.json.tar.gz
2025-11-24 00:35:10.514 | INFO     | __main__:process_wiki_task:2160 - Collecting documents from file...
2025-11-24 00:35:13.501 | INFO     | __main__:process_wiki_task:2167 -    Collected 1000 documents
2025-11-24 00:35:15.481 | INFO     | __main__:process_wiki_task:2167 -    Collected 2000 documents
2025-11-24 00:35:17.341 | INFO     | __main__:process_wiki_task:2167 -    Collected 3000 documents
2025-11-24 00:35:19.685 | INFO     | __main__:process_wiki_task:2167 -    Collected 4000 documents
2025-11-24 00:35:21.861 | INFO     | __main__:process_wiki_task:2167 -    Collected 5000 documents
2025-11-24 00:35:23.787 | INFO     | __main__:process_wiki_task:2167 -    Collected 6000 documents
2025-11-24 00:35:25.786 | INFO     | __main__:process_wiki_task:2167 -    Collected 7000 documents
2025-11-24 00:35:28.002 | INFO     | __main__:process_wiki_task:2167 -    Collected 8000 documents
2025-11-24 00:35:30.065 | INFO     | __main__:process_wiki_task:2167 -    Collected 9000 documents
2025-11-24 00:35:32.093 | INFO     | __main__:process_wiki_task:2167 -    Collected 10000 documents
2025-11-24 00:35:33.997 | INFO     | __main__:process_wiki_task:2167 -    Collected 11000 documents
2025-11-24 00:35:35.656 | INFO     | __main__:process_wiki_task:2167 -    Collected 12000 documents
2025-11-24 00:35:37.540 | INFO     | __main__:process_wiki_task:2167 -    Collected 13000 documents
2025-11-24 00:35:39.502 | INFO     | __main__:process_wiki_task:2167 -    Collected 14000 documents
2025-11-24 00:35:41.389 | INFO     | __main__:process_wiki_task:2175 - Collected 14959 documents. Starting parallel parsing with 88 workers...
>>> Task 106 completed. Stats: {'total': 13492, 'extracted': 0, 'timeout': 0, 'clean_error': 0, 'forwarded': 13490, 'dropped': 2, 'timeout_docs': 2, 'error_docs': 0}

>>> Processing task 107/414 with parallel document parsing...
Task 107:   0%|          | 0/14959 [00:00<?, ?doc/s]Task 107:   0%|          | 1/14959 [00:01<4:55:08,  1.18s/doc]Task 107:   1%|          | 85/14959 [00:01<03:00, 82.42doc/s] Task 107:   2%|▏         | 279/14959 [00:01<00:48, 302.07doc/s]Task 107:   2%|▏         | 367/14959 [00:01<00:48, 303.78doc/s]Task 107:   4%|▍         | 631/14959 [00:01<00:22, 623.10doc/s]Task 107:   5%|▌         | 759/14959 [00:02<00:21, 663.66doc/s]Task 107:   6%|▋         | 967/14959 [00:02<00:15, 892.31doc/s]Task 107:   7%|▋         | 1102/14959 [00:02<00:19, 728.36doc/s]Task 107:   8%|▊         | 1261/14959 [00:02<00:21, 640.00doc/s]Task 107:   9%|▉         | 1351/14959 [00:03<00:24, 560.36doc/s]Task 107:  10%|█         | 1550/14959 [00:03<00:18, 739.80doc/s]Task 107:  11%|█         | 1681/14959 [00:03<00:19, 674.16doc/s]Task 107:  12%|█▏        | 1765/14959 [00:03<00:19, 673.74doc/s]Task 107:  12%|█▏        | 1844/14959 [00:03<00:21, 611.20doc/s]Task 107:  14%|█▍        | 2086/14959 [00:03<00:15, 831.18doc/s]Task 107:  15%|█▍        | 2185/14959 [00:03<00:14, 858.84doc/s]Task 107:  16%|█▌        | 2352/14959 [00:04<00:13, 926.52doc/s]Task 107:  16%|█▋        | 2449/14959 [00:04<00:13, 898.99doc/s]Task 107:  17%|█▋        | 2605/14959 [00:04<00:13, 910.25doc/s]Task 107:  18%|█▊        | 2698/14959 [00:04<00:13, 895.86doc/s]Task 107:  19%|█▉        | 2887/14959 [00:04<00:11, 1016.79doc/s]Task 107:  21%|██        | 3099/14959 [00:04<00:10, 1176.05doc/s]Task 107:  22%|██▏       | 3218/14959 [00:04<00:09, 1174.81doc/s]Task 107:  22%|██▏       | 3336/14959 [00:05<00:15, 774.81doc/s] Task 107:  23%|██▎       | 3487/14959 [00:05<00:13, 841.79doc/s]Task 107:  24%|██▍       | 3609/14959 [00:05<00:13, 859.98doc/s]Task 107:  26%|██▌       | 3867/14959 [00:05<00:10, 1042.12doc/s]Task 107:  27%|██▋       | 4033/14959 [00:05<00:09, 1127.57doc/s]Task 107:  28%|██▊       | 4152/14959 [00:06<00:12, 838.48doc/s] Task 107:  29%|██▉       | 4357/14959 [00:06<00:11, 915.50doc/s]Task 107:  31%|███       | 4649/14959 [00:06<00:09, 1071.63doc/s]Task 107:  32%|███▏      | 4834/14959 [00:06<00:08, 1188.93doc/s]Task 107:  33%|███▎      | 4963/14959 [00:06<00:10, 944.69doc/s] Task 107:  34%|███▍      | 5070/14959 [00:06<00:10, 942.80doc/s]Task 107:  35%|███▍      | 5173/14959 [00:07<00:12, 812.75doc/s]Task 107:  36%|███▌      | 5377/14959 [00:07<00:09, 1006.76doc/s]Task 107:  37%|███▋      | 5607/14959 [00:07<00:08, 1087.03doc/s]Task 107:  39%|███▉      | 5860/14959 [00:07<00:08, 1131.93doc/s]Task 107:  41%|████      | 6093/14959 [00:07<00:06, 1348.02doc/s]Task 107:  42%|████▏     | 6318/14959 [00:07<00:06, 1377.19doc/s]Task 107:  44%|████▎     | 6512/14959 [00:07<00:05, 1491.21doc/s]Task 107:  45%|████▍     | 6672/14959 [00:08<00:06, 1219.15doc/s]Task 107:  46%|████▌     | 6808/14959 [00:08<00:07, 1061.41doc/s]Task 107:  47%|████▋     | 7028/14959 [00:08<00:06, 1233.65doc/s]Task 107:  48%|████▊     | 7174/14959 [00:08<00:06, 1220.33doc/s]Task 107:  49%|████▉     | 7323/14959 [00:08<00:06, 1127.43doc/s]Task 107:  50%|█████     | 7507/14959 [00:08<00:06, 1227.97doc/s]Task 107:  52%|█████▏    | 7775/14959 [00:09<00:04, 1473.52doc/s]Task 107:  53%|█████▎    | 7982/14959 [00:09<00:04, 1604.03doc/s]Task 107:  55%|█████▍    | 8172/14959 [00:09<00:04, 1446.84doc/s]Task 107:  56%|█████▌    | 8365/14959 [00:09<00:04, 1372.08doc/s]Task 107:  57%|█████▋    | 8581/14959 [00:09<00:05, 1244.19doc/s]Task 107:  59%|█████▉    | 8857/14959 [00:09<00:04, 1367.57doc/s]Task 107:  61%|██████    | 9116/14959 [00:09<00:03, 1472.72doc/s]Task 107:  63%|██████▎   | 9390/14959 [00:10<00:03, 1690.03doc/s]Task 107:  64%|██████▍   | 9642/14959 [00:10<00:02, 1839.96doc/s]Task 107:  66%|██████▌   | 9910/14959 [00:10<00:02, 1874.13doc/s]Task 107:  68%|██████▊   | 10209/14959 [00:10<00:02, 2047.76doc/s]Task 107:  70%|██████▉   | 10433/14959 [00:10<00:02, 2045.64doc/s]Task 107:  72%|███████▏  | 10741/14959 [00:10<00:01, 2203.60doc/s]Task 107:  74%|███████▍  | 11081/14959 [00:10<00:02, 1647.49doc/s]Task 107:  76%|███████▌  | 11386/14959 [00:11<00:01, 1908.57doc/s]Task 107:  78%|███████▊  | 11663/14959 [00:11<00:01, 2062.94doc/s]Task 107:  80%|███████▉  | 11896/14959 [00:11<00:01, 1994.35doc/s]Task 107:  81%|████████▏ | 12161/14959 [00:11<00:01, 2065.81doc/s]2025-11-24 00:35:54.769 | WARNING  | __main__:process_wiki_task:2222 - Parse errors so far: 1 timeouts, 0 other errors
Task 107:  83%|████████▎ | 12382/14959 [00:11<00:01, 2032.21doc/s]Task 107:  85%|████████▌ | 12745/14959 [00:11<00:00, 2437.75doc/s]Task 107:  88%|████████▊ | 13115/14959 [00:11<00:00, 2773.07doc/s]Task 107:  90%|████████▉ | 13407/14959 [00:11<00:00, 2292.87doc/s]Task 107:  91%|█████████▏| 13659/14959 [00:12<00:00, 1721.42doc/s]Task 107:  93%|█████████▎| 13932/14959 [00:12<00:00, 1738.60doc/s]Task 107:  95%|█████████▍| 14191/14959 [00:12<00:00, 1754.21doc/s]Task 107:  97%|█████████▋| 14456/14959 [00:12<00:00, 1799.53doc/s]Task 107:  98%|█████████▊| 14649/14959 [00:12<00:00, 1488.07doc/s]Task 107:  99%|█████████▉| 14813/14959 [00:13<00:00, 796.20doc/s] Task 107: 100%|█████████▉| 14937/14959 [00:13<00:00, 618.27doc/s]Task 107: 100%|██████████| 14959/14959 [00:13<00:00, 1087.52doc/s]
2025-11-24 00:35:57.534 | INFO     | __main__:process_wiki_task:2275 - Task 107 completed. Processed 14959 documents, wrote 14956 (timeouts: 3, errors: 0)
2025-11-24 00:35:57.628 | INFO     | __main__:process_wiki_task:2115 - Starting task 137/415 for enwiki_namespace_0 (parallel=True)
2025-11-24 00:35:57.632 | INFO     | __main__:process_wiki_task:2147 - Processing file: gs://wikipedia-graph/wikipedia/raw_html_dumps/enwiki_namespace_0/enwiki_namespace_0_enwiki_namespace_0_chunk_221.json.tar.gz
2025-11-24 00:35:57.637 | INFO     | __main__:process_wiki_task:2160 - Collecting documents from file...
2025-11-24 00:36:00.804 | INFO     | __main__:process_wiki_task:2167 -    Collected 1000 documents
2025-11-24 00:36:03.473 | INFO     | __main__:process_wiki_task:2167 -    Collected 2000 documents
2025-11-24 00:36:05.397 | INFO     | __main__:process_wiki_task:2167 -    Collected 3000 documents
2025-11-24 00:36:07.509 | INFO     | __main__:process_wiki_task:2167 -    Collected 4000 documents
2025-11-24 00:36:10.230 | INFO     | __main__:process_wiki_task:2167 -    Collected 5000 documents
2025-11-24 00:36:12.723 | INFO     | __main__:process_wiki_task:2167 -    Collected 6000 documents
2025-11-24 00:36:15.136 | INFO     | __main__:process_wiki_task:2167 -    Collected 7000 documents
2025-11-24 00:36:17.328 | INFO     | __main__:process_wiki_task:2167 -    Collected 8000 documents
2025-11-24 00:36:19.478 | INFO     | __main__:process_wiki_task:2167 -    Collected 9000 documents
2025-11-24 00:36:21.732 | INFO     | __main__:process_wiki_task:2167 -    Collected 10000 documents
2025-11-24 00:36:24.074 | INFO     | __main__:process_wiki_task:2167 -    Collected 11000 documents
2025-11-24 00:36:26.267 | INFO     | __main__:process_wiki_task:2167 -    Collected 12000 documents
2025-11-24 00:36:28.610 | INFO     | __main__:process_wiki_task:2167 -    Collected 13000 documents
2025-11-24 00:36:30.967 | INFO     | __main__:process_wiki_task:2167 -    Collected 14000 documents
2025-11-24 00:36:31.350 | INFO     | __main__:process_wiki_task:2175 - Collected 14126 documents. Starting parallel parsing with 88 workers...
>>> Task 107 completed. Stats: {'total': 14959, 'extracted': 0, 'timeout': 0, 'clean_error': 0, 'forwarded': 14956, 'dropped': 3, 'timeout_docs': 3, 'error_docs': 0}

>>> Processing task 137/414 with parallel document parsing...
Task 137:   0%|          | 0/14126 [00:00<?, ?doc/s]Task 137:   0%|          | 1/14126 [00:01<6:09:56,  1.57s/doc]Task 137:   1%|          | 81/14126 [00:01<03:29, 67.10doc/s] Task 137:   1%|          | 161/14126 [00:01<01:39, 139.97doc/s]Task 137:   2%|▏         | 241/14126 [00:01<01:03, 220.12doc/s]Task 137:   2%|▏         | 301/14126 [00:02<01:04, 215.47doc/s]Task 137:   3%|▎         | 481/14126 [00:02<00:34, 394.46doc/s]Task 137:   4%|▍         | 544/14126 [00:02<00:36, 367.94doc/s]Task 137:   5%|▌         | 721/14126 [00:02<00:22, 586.77doc/s]Task 137:   6%|▌         | 811/14126 [00:02<00:25, 516.85doc/s]Task 137:   6%|▋         | 885/14126 [00:03<00:40, 326.00doc/s]Task 137:   7%|▋         | 970/14126 [00:03<00:33, 390.05doc/s]Task 137:   8%|▊         | 1086/14126 [00:03<00:26, 490.75doc/s]Task 137:   9%|▉         | 1304/14126 [00:03<00:18, 708.84doc/s]Task 137:  10%|█         | 1419/14126 [00:03<00:16, 755.70doc/s]Task 137:  11%|█         | 1518/14126 [00:04<00:19, 638.47doc/s]Task 137:  12%|█▏        | 1685/14126 [00:04<00:15, 813.75doc/s]Task 137:  13%|█▎        | 1785/14126 [00:04<00:16, 771.03doc/s]Task 137:  14%|█▍        | 1970/14126 [00:04<00:13, 911.46doc/s]Task 137:  16%|█▌        | 2241/14126 [00:04<00:10, 1087.03doc/s]Task 137:  17%|█▋        | 2401/14126 [00:04<00:10, 1163.73doc/s]Task 137:  18%|█▊        | 2524/14126 [00:05<00:15, 756.53doc/s] Task 137:  19%|█▊        | 2621/14126 [00:05<00:14, 783.82doc/s]Task 137:  19%|█▉        | 2716/14126 [00:05<00:17, 661.57doc/s]Task 137:  20%|█▉        | 2796/14126 [00:05<00:17, 657.75doc/s]Task 137:  21%|██        | 2921/14126 [00:05<00:14, 759.41doc/s]Task 137:  21%|██▏       | 3008/14126 [00:05<00:16, 677.99doc/s]Task 137:  22%|██▏       | 3149/14126 [00:06<00:17, 611.88doc/s]Task 137:  24%|██▎       | 3321/14126 [00:06<00:13, 803.66doc/s]Task 137:  24%|██▍       | 3418/14126 [00:06<00:14, 758.83doc/s]Task 137:  25%|██▌       | 3555/14126 [00:06<00:15, 672.09doc/s]Task 137:  27%|██▋       | 3754/14126 [00:06<00:13, 753.02doc/s]Task 137:  28%|██▊       | 3921/14126 [00:07<00:11, 883.07doc/s]Task 137:  28%|██▊       | 4020/14126 [00:07<00:13, 722.64doc/s]Task 137:  29%|██▉       | 4106/14126 [00:07<00:13, 725.55doc/s]Task 137:  30%|██▉       | 4186/14126 [00:07<00:16, 585.41doc/s]Task 137:  30%|███       | 4281/14126 [00:07<00:15, 651.33doc/s]Task 137:  31%|███       | 4361/14126 [00:07<00:15, 626.32doc/s]Task 137:  31%|███▏      | 4430/14126 [00:08<00:18, 525.92doc/s]Task 137:  32%|███▏      | 4558/14126 [00:08<00:14, 669.67doc/s]Task 137:  33%|███▎      | 4636/14126 [00:08<00:17, 527.62doc/s]Task 137:  34%|███▍      | 4834/14126 [00:08<00:13, 668.44doc/s]Task 137:  35%|███▌      | 4984/14126 [00:08<00:13, 701.08doc/s]Task 137:  37%|███▋      | 5199/14126 [00:08<00:09, 940.50doc/s]Task 137:  38%|███▊      | 5307/14126 [00:09<00:10, 809.04doc/s]Task 137:  38%|███▊      | 5413/14126 [00:09<00:11, 763.56doc/s]Task 137:  40%|████      | 5681/14126 [00:09<00:07, 1067.29doc/s]Task 137:  41%|████      | 5799/14126 [00:09<00:09, 912.97doc/s] Task 137:  42%|████▏     | 5900/14126 [00:09<00:09, 822.82doc/s]Task 137:  42%|████▏     | 5989/14126 [00:10<00:11, 736.71doc/s]Task 137:  43%|████▎     | 6081/14126 [00:10<00:11, 716.83doc/s]Task 137:  44%|████▎     | 6156/14126 [00:10<00:11, 703.85doc/s]Task 137:  45%|████▌     | 6385/14126 [00:10<00:07, 980.68doc/s]Task 137:  46%|████▋     | 6561/14126 [00:10<00:06, 1129.53doc/s]Task 137:  47%|████▋     | 6679/14126 [00:10<00:07, 972.54doc/s] Task 137:  48%|████▊     | 6782/14126 [00:10<00:07, 945.28doc/s]Task 137:  49%|████▊     | 6881/14126 [00:11<00:10, 699.60doc/s]Task 137:  50%|████▉     | 7004/14126 [00:11<00:09, 720.12doc/s]Task 137:  51%|█████     | 7220/14126 [00:11<00:07, 932.37doc/s]Task 137:  53%|█████▎    | 7472/14126 [00:11<00:05, 1142.79doc/s]Task 137:  54%|█████▍    | 7601/14126 [00:11<00:05, 1128.65doc/s]Task 137:  55%|█████▍    | 7721/14126 [00:11<00:06, 1046.11doc/s]Task 137:  55%|█████▌    | 7829/14126 [00:11<00:06, 989.51doc/s] Task 137:  56%|█████▋    | 7949/14126 [00:12<00:06, 929.20doc/s]Task 137:  58%|█████▊    | 8197/14126 [00:12<00:05, 1040.42doc/s]Task 137:  59%|█████▉    | 8361/14126 [00:12<00:04, 1165.07doc/s]Task 137:  60%|██████    | 8482/14126 [00:12<00:04, 1153.83doc/s]Task 137:  61%|██████▏   | 8685/14126 [00:12<00:04, 1229.27doc/s]Task 137:  63%|██████▎   | 8934/14126 [00:12<00:03, 1443.67doc/s]Task 137:  65%|██████▌   | 9201/14126 [00:12<00:02, 1682.93doc/s]Task 137:  66%|██████▋   | 9374/14126 [00:12<00:02, 1594.86doc/s]Task 137:  68%|██████▊   | 9537/14126 [00:13<00:03, 1390.28doc/s]Task 137:  69%|██████▉   | 9719/14126 [00:13<00:03, 1412.48doc/s]Task 137:  71%|███████   | 9961/14126 [00:13<00:02, 1552.29doc/s]Task 137:  72%|███████▏  | 10121/14126 [00:13<00:02, 1534.03doc/s]Task 137:  73%|███████▎  | 10277/14126 [00:13<00:03, 1208.58doc/s]Task 137:  74%|███████▍  | 10432/14126 [00:13<00:02, 1272.49doc/s]Task 137:  75%|███████▌  | 10641/14126 [00:13<00:02, 1431.75doc/s]Task 137:  76%|███████▋  | 10794/14126 [00:14<00:02, 1416.63doc/s]Task 137:  77%|███████▋  | 10942/14126 [00:14<00:02, 1429.10doc/s]Task 137:  79%|███████▉  | 11170/14126 [00:14<00:01, 1657.89doc/s]Task 137:  81%|████████  | 11397/14126 [00:14<00:01, 1826.49doc/s]2025-11-24 00:36:47.775 | WARNING  | __main__:process_wiki_task:2222 - Parse errors so far: 1 timeouts, 0 other errors
Task 137:  82%|████████▏ | 11586/14126 [00:14<00:01, 1809.61doc/s]Task 137:  84%|████████▍ | 11871/14126 [00:14<00:01, 2105.46doc/s]Task 137:  86%|████████▌ | 12086/14126 [00:14<00:00, 2113.22doc/s]Task 137:  87%|████████▋ | 12301/14126 [00:14<00:00, 2033.18doc/s]Task 137:  89%|████████▊ | 12507/14126 [00:14<00:01, 1551.01doc/s]Task 137:  90%|█████████ | 12755/14126 [00:15<00:00, 1702.03doc/s]Task 137:  92%|█████████▏| 12951/14126 [00:15<00:00, 1704.64doc/s]Task 137:  93%|█████████▎| 13192/14126 [00:15<00:00, 1882.66doc/s]Task 137:  95%|█████████▌| 13465/14126 [00:15<00:00, 2107.35doc/s]Task 137:  97%|█████████▋| 13687/14126 [00:15<00:00, 1027.10doc/s]Task 137:  98%|█████████▊| 13856/14126 [00:16<00:00, 687.64doc/s] Task 137:  99%|█████████▉| 13984/14126 [00:17<00:00, 311.68doc/s]Task 137: 100%|█████████▉| 14077/14126 [00:18<00:00, 233.70doc/s]Task 137: 100%|██████████| 14126/14126 [00:19<00:00, 710.61doc/s]
2025-11-24 00:36:53.720 | INFO     | __main__:process_wiki_task:2275 - Task 137 completed. Processed 14126 documents, wrote 14122 (timeouts: 4, errors: 0)
2025-11-24 00:36:53.991 | INFO     | __main__:process_wiki_task:2115 - Starting task 138/415 for enwiki_namespace_0 (parallel=True)
2025-11-24 00:36:53.993 | INFO     | __main__:process_wiki_task:2147 - Processing file: gs://wikipedia-graph/wikipedia/raw_html_dumps/enwiki_namespace_0/enwiki_namespace_0_enwiki_namespace_0_chunk_222.json.tar.gz
2025-11-24 00:36:53.994 | INFO     | __main__:process_wiki_task:2160 - Collecting documents from file...
2025-11-24 00:36:57.522 | INFO     | __main__:process_wiki_task:2167 -    Collected 1000 documents
2025-11-24 00:36:59.743 | INFO     | __main__:process_wiki_task:2167 -    Collected 2000 documents
2025-11-24 00:37:02.136 | INFO     | __main__:process_wiki_task:2167 -    Collected 3000 documents
2025-11-24 00:37:04.514 | INFO     | __main__:process_wiki_task:2167 -    Collected 4000 documents
2025-11-24 00:37:06.603 | INFO     | __main__:process_wiki_task:2167 -    Collected 5000 documents
2025-11-24 00:37:08.735 | INFO     | __main__:process_wiki_task:2167 -    Collected 6000 documents
2025-11-24 00:37:10.989 | INFO     | __main__:process_wiki_task:2167 -    Collected 7000 documents
2025-11-24 00:37:12.893 | INFO     | __main__:process_wiki_task:2167 -    Collected 8000 documents
2025-11-24 00:37:14.972 | INFO     | __main__:process_wiki_task:2167 -    Collected 9000 documents
2025-11-24 00:37:16.911 | INFO     | __main__:process_wiki_task:2167 -    Collected 10000 documents
2025-11-24 00:37:18.751 | INFO     | __main__:process_wiki_task:2167 -    Collected 11000 documents
2025-11-24 00:37:20.822 | INFO     | __main__:process_wiki_task:2167 -    Collected 12000 documents
2025-11-24 00:37:22.882 | INFO     | __main__:process_wiki_task:2167 -    Collected 13000 documents
2025-11-24 00:37:24.965 | INFO     | __main__:process_wiki_task:2167 -    Collected 14000 documents
2025-11-24 00:37:26.035 | INFO     | __main__:process_wiki_task:2175 - Collected 14450 documents. Starting parallel parsing with 88 workers...
>>> Task 137 completed. Stats: {'total': 14126, 'extracted': 0, 'timeout': 0, 'clean_error': 0, 'forwarded': 14122, 'dropped': 4, 'timeout_docs': 4, 'error_docs': 0}

>>> Processing task 138/414 with parallel document parsing...
Task 138:   0%|          | 0/14450 [00:00<?, ?doc/s]Task 138:   0%|          | 1/14450 [00:01<6:49:39,  1.70s/doc]Task 138:   1%|          | 83/14450 [00:02<04:24, 54.42doc/s] Task 138:   2%|▏         | 247/14450 [00:02<01:20, 176.32doc/s]Task 138:   2%|▏         | 294/14450 [00:02<01:16, 186.25doc/s]Task 138:   4%|▎         | 527/14450 [00:02<00:34, 407.90doc/s]Task 138:   5%|▌         | 745/14450 [00:02<00:24, 567.59doc/s]Task 138:   7%|▋         | 944/14450 [00:02<00:18, 740.61doc/s]Task 138:   7%|▋         | 1053/14450 [00:03<00:18, 719.47doc/s]Task 138:   8%|▊         | 1149/14450 [00:03<00:22, 586.21doc/s]Task 138:   8%|▊         | 1226/14450 [00:03<00:21, 602.09doc/s]Task 138:  10%|▉         | 1401/14450 [00:03<00:16, 779.96doc/s]Task 138:  11%|█         | 1518/14450 [00:03<00:15, 828.22doc/s]Task 138:  11%|█         | 1614/14450 [00:03<00:15, 805.83doc/s]Task 138:  12%|█▏        | 1704/14450 [00:04<00:17, 733.50doc/s]Task 138:  13%|█▎        | 1829/14450 [00:04<00:16, 760.27doc/s]Task 138:  14%|█▎        | 1969/14450 [00:04<00:13, 897.74doc/s]Task 138:  14%|█▍        | 2067/14450 [00:04<00:22, 548.29doc/s]Task 138:  15%|█▌        | 2238/14450 [00:04<00:18, 655.96doc/s]Task 138:  17%|█▋        | 2458/14450 [00:04<00:14, 815.41doc/s]Task 138:  19%|█▊        | 2678/14450 [00:05<00:12, 965.89doc/s]Task 138:  20%|█▉        | 2843/14450 [00:05<00:10, 1065.84doc/s]Task 138:  21%|██▏       | 3076/14450 [00:05<00:08, 1296.66doc/s]Task 138:  22%|██▏       | 3222/14450 [00:05<00:09, 1203.41doc/s]Task 138:  23%|██▎       | 3354/14450 [00:05<00:10, 1067.25doc/s]Task 138:  24%|██▍       | 3472/14450 [00:05<00:11, 976.97doc/s] Task 138:  26%|██▌       | 3703/14450 [00:06<00:09, 1101.76doc/s]Task 138:  27%|██▋       | 3910/14450 [00:06<00:10, 1043.10doc/s]Task 138:  29%|██▊       | 4139/14450 [00:06<00:09, 1113.52doc/s]Task 138:  29%|██▉       | 4257/14450 [00:06<00:09, 1081.62doc/s]Task 138:  30%|███       | 4366/14450 [00:06<00:11, 872.96doc/s] Task 138:  31%|███▏      | 4546/14450 [00:06<00:10, 918.20doc/s]Task 138:  33%|███▎      | 4756/14450 [00:07<00:10, 948.26doc/s]Task 138:  34%|███▍      | 4939/14450 [00:07<00:09, 1005.88doc/s]Task 138:  36%|███▌      | 5186/14450 [00:07<00:07, 1182.66doc/s]Task 138:  37%|███▋      | 5383/14450 [00:07<00:06, 1324.22doc/s]Task 138:  39%|███▉      | 5636/14450 [00:07<00:05, 1486.90doc/s]Task 138:  40%|████      | 5820/14450 [00:07<00:05, 1547.91doc/s]Task 138:  42%|████▏     | 6074/14450 [00:07<00:04, 1697.22doc/s]Task 138:  44%|████▎     | 6293/14450 [00:08<00:06, 1338.25doc/s]Task 138:  45%|████▍     | 6497/14450 [00:08<00:05, 1348.17doc/s]Task 138:  46%|████▋     | 6713/14450 [00:08<00:05, 1464.93doc/s]Task 138:  48%|████▊     | 6904/14450 [00:08<00:04, 1523.60doc/s]Task 138:  50%|████▉     | 7159/14450 [00:08<00:04, 1768.67doc/s]Task 138:  51%|█████     | 7388/14450 [00:08<00:03, 1880.46doc/s]Task 138:  53%|█████▎    | 7648/14450 [00:08<00:03, 1934.72doc/s]2025-11-24 00:37:36.891 | WARNING  | __main__:process_wiki_task:2222 - Parse errors so far: 1 timeouts, 0 other errors
Task 138:  55%|█████▍    | 7930/14450 [00:08<00:03, 2016.78doc/s]Task 138:  57%|█████▋    | 8183/14450 [00:09<00:03, 1984.35doc/s]Task 138:  59%|█████▊    | 8459/14450 [00:09<00:02, 2053.19doc/s]Task 138:  61%|██████    | 8746/14450 [00:09<00:02, 2155.82doc/s]Task 138:  62%|██████▏   | 9004/14450 [00:09<00:02, 2197.76doc/s]Task 138:  64%|██████▍   | 9226/14450 [00:09<00:02, 2093.16doc/s]Task 138:  65%|██████▌   | 9437/14450 [00:09<00:02, 1978.36doc/s]Task 138:  67%|██████▋   | 9698/14450 [00:09<00:02, 2032.55doc/s]Task 138:  69%|██████▉   | 9989/14450 [00:09<00:02, 2147.60doc/s]Task 138:  71%|███████   | 10209/14450 [00:10<00:02, 2037.28doc/s]Task 138:  72%|███████▏  | 10414/14450 [00:10<00:02, 1966.09doc/s]Task 138:  73%|███████▎  | 10611/14450 [00:10<00:02, 1842.27doc/s]Task 138:  75%|███████▍  | 10796/14450 [00:10<00:02, 1771.65doc/s]Task 138:  76%|███████▋  | 11053/14450 [00:10<00:01, 1981.95doc/s]Task 138:  78%|███████▊  | 11316/14450 [00:10<00:01, 2159.27doc/s]Task 138:  80%|████████  | 11621/14450 [00:10<00:01, 2409.36doc/s]Task 138:  82%|████████▏ | 11899/14450 [00:10<00:01, 2515.38doc/s]Task 138:  84%|████████▍ | 12155/14450 [00:10<00:00, 2510.63doc/s]Task 138:  86%|████████▌ | 12409/14450 [00:11<00:00, 2464.59doc/s]Task 138:  88%|████████▊ | 12658/14450 [00:11<00:00, 2429.98doc/s]Task 138:  89%|████████▉ | 12903/14450 [00:11<00:00, 2347.63doc/s]Task 138:  91%|█████████ | 13140/14450 [00:11<00:00, 2321.49doc/s]Task 138:  93%|█████████▎| 13374/14450 [00:11<00:00, 2238.52doc/s]Task 138:  94%|█████████▍| 13599/14450 [00:11<00:00, 2222.39doc/s]Task 138:  96%|█████████▌| 13822/14450 [00:11<00:00, 1993.37doc/s]Task 138:  97%|█████████▋| 14031/14450 [00:11<00:00, 1632.46doc/s]Task 138:  98%|█████████▊| 14207/14450 [00:12<00:00, 1559.29doc/s]Task 138:  99%|█████████▉| 14372/14450 [00:13<00:00, 428.42doc/s] Task 138: 100%|██████████| 14450/14450 [00:14<00:00, 979.86doc/s]
2025-11-24 00:37:43.254 | INFO     | __main__:process_wiki_task:2275 - Task 138 completed. Processed 14450 documents, wrote 14447 (timeouts: 3, errors: 0)
2025-11-24 00:37:43.362 | INFO     | __main__:process_wiki_task:2115 - Starting task 140/415 for enwiki_namespace_0 (parallel=True)
2025-11-24 00:37:43.364 | INFO     | __main__:process_wiki_task:2147 - Processing file: gs://wikipedia-graph/wikipedia/raw_html_dumps/enwiki_namespace_0/enwiki_namespace_0_enwiki_namespace_0_chunk_224.json.tar.gz
2025-11-24 00:37:43.364 | INFO     | __main__:process_wiki_task:2160 - Collecting documents from file...
2025-11-24 00:37:46.487 | INFO     | __main__:process_wiki_task:2167 -    Collected 1000 documents
2025-11-24 00:37:48.406 | INFO     | __main__:process_wiki_task:2167 -    Collected 2000 documents
2025-11-24 00:37:50.352 | INFO     | __main__:process_wiki_task:2167 -    Collected 3000 documents
2025-11-24 00:37:51.982 | INFO     | __main__:process_wiki_task:2167 -    Collected 4000 documents
2025-11-24 00:37:53.895 | INFO     | __main__:process_wiki_task:2167 -    Collected 5000 documents
2025-11-24 00:37:55.761 | INFO     | __main__:process_wiki_task:2167 -    Collected 6000 documents
2025-11-24 00:37:58.203 | INFO     | __main__:process_wiki_task:2167 -    Collected 7000 documents
2025-11-24 00:38:00.029 | INFO     | __main__:process_wiki_task:2167 -    Collected 8000 documents
2025-11-24 00:38:01.720 | INFO     | __main__:process_wiki_task:2167 -    Collected 9000 documents
2025-11-24 00:38:03.941 | INFO     | __main__:process_wiki_task:2167 -    Collected 10000 documents
2025-11-24 00:38:06.026 | INFO     | __main__:process_wiki_task:2167 -    Collected 11000 documents
2025-11-24 00:38:08.060 | INFO     | __main__:process_wiki_task:2167 -    Collected 12000 documents
2025-11-24 00:38:09.931 | INFO     | __main__:process_wiki_task:2167 -    Collected 13000 documents
2025-11-24 00:38:12.011 | INFO     | __main__:process_wiki_task:2167 -    Collected 14000 documents
2025-11-24 00:38:13.889 | INFO     | __main__:process_wiki_task:2167 -    Collected 15000 documents
2025-11-24 00:38:15.940 | INFO     | __main__:process_wiki_task:2167 -    Collected 16000 documents
2025-11-24 00:38:16.632 | INFO     | __main__:process_wiki_task:2175 - Collected 16454 documents. Starting parallel parsing with 88 workers...
>>> Task 138 completed. Stats: {'total': 14450, 'extracted': 0, 'timeout': 0, 'clean_error': 0, 'forwarded': 14447, 'dropped': 3, 'timeout_docs': 3, 'error_docs': 0}

>>> Processing task 140/414 with parallel document parsing...
Task 140:   0%|          | 0/16454 [00:00<?, ?doc/s]Task 140:   0%|          | 1/16454 [00:01<6:07:50,  1.34s/doc]Task 140:   1%|          | 93/16454 [00:01<03:20, 81.65doc/s] Task 140:   1%|          | 185/16454 [00:01<01:33, 173.37doc/s]Task 140:   2%|▏         | 323/16454 [00:01<00:48, 329.52doc/s]Task 140:   2%|▏         | 402/16454 [00:01<00:47, 338.25doc/s]Task 140:   3%|▎         | 507/16454 [00:02<00:36, 441.75doc/s]Task 140:   4%|▍         | 627/16454 [00:02<00:32, 488.53doc/s]Task 140:   5%|▌         | 875/16454 [00:02<00:20, 759.67doc/s]Task 140:   6%|▌         | 970/16454 [00:02<00:20, 745.44doc/s]Task 140:   7%|▋         | 1087/16454 [00:02<00:23, 654.71doc/s]Task 140:   8%|▊         | 1326/16454 [00:02<00:16, 929.42doc/s]Task 140:  10%|▉         | 1565/16454 [00:03<00:12, 1146.24doc/s]Task 140:  10%|█         | 1697/16454 [00:03<00:14, 988.21doc/s] Task 140:  11%|█         | 1810/16454 [00:03<00:15, 916.94doc/s]Task 140:  12%|█▏        | 1987/16454 [00:03<00:15, 959.99doc/s]Task 140:  13%|█▎        | 2163/16454 [00:03<00:13, 1091.47doc/s]Task 140:  14%|█▍        | 2281/16454 [00:03<00:15, 911.72doc/s] Task 140:  15%|█▍        | 2393/16454 [00:04<00:15, 918.03doc/s]Task 140:  16%|█▋        | 2676/16454 [00:04<00:10, 1308.37doc/s]Task 140:  18%|█▊        | 2970/16454 [00:04<00:08, 1525.76doc/s]Task 140:  19%|█▉        | 3132/16454 [00:04<00:08, 1490.56doc/s]Task 140:  20%|█▉        | 3288/16454 [00:04<00:09, 1384.24doc/s]Task 140:  21%|██        | 3431/16454 [00:04<00:09, 1394.82doc/s]Task 140:  22%|██▏       | 3701/16454 [00:04<00:07, 1673.94doc/s]Task 140:  24%|██▍       | 4011/16454 [00:04<00:06, 1998.04doc/s]Task 140:  26%|██▌       | 4233/16454 [00:04<00:06, 1955.37doc/s]Task 140:  27%|██▋       | 4433/16454 [00:05<00:06, 1799.14doc/s]Task 140:  28%|██▊       | 4617/16454 [00:05<00:06, 1745.86doc/s]Task 140:  29%|██▉       | 4795/16454 [00:05<00:06, 1706.43doc/s]Task 140:  30%|███       | 4968/16454 [00:05<00:07, 1606.72doc/s]Task 140:  31%|███       | 5131/16454 [00:05<00:07, 1420.14doc/s]Task 140:  33%|███▎      | 5354/16454 [00:05<00:08, 1358.43doc/s]Task 140:  34%|███▍      | 5665/16454 [00:05<00:06, 1555.19doc/s]Task 140:  36%|███▌      | 5950/16454 [00:06<00:05, 1759.21doc/s]Task 140:  38%|███▊      | 6198/16454 [00:06<00:06, 1702.19doc/s]Task 140:  39%|███▊      | 6372/16454 [00:06<00:14, 689.18doc/s] Task 140:  40%|███▉      | 6501/16454 [00:07<00:17, 571.58doc/s]Task 140:  41%|████      | 6670/16454 [00:07<00:15, 629.19doc/s]Task 140:  42%|████▏     | 6922/16454 [00:07<00:11, 809.56doc/s]Task 140:  44%|████▍     | 7249/16454 [00:07<00:09, 987.55doc/s]Task 140:  46%|████▌     | 7515/16454 [00:08<00:07, 1205.80doc/s]Task 140:  47%|████▋     | 7724/16454 [00:08<00:06, 1353.07doc/s]Task 140:  49%|████▊     | 8001/16454 [00:08<00:05, 1521.34doc/s]Task 140:  51%|█████     | 8319/16454 [00:08<00:04, 1814.27doc/s]Task 140:  52%|█████▏    | 8610/16454 [00:08<00:04, 1931.42doc/s]Task 140:  54%|█████▍    | 8851/16454 [00:08<00:03, 1942.94doc/s]2025-11-24 00:38:27.390 | WARNING  | __main__:process_wiki_task:2222 - Parse errors so far: 1 timeouts, 0 other errors
Task 140:  55%|█████▌    | 9097/16454 [00:08<00:03, 1951.65doc/s]Task 140:  57%|█████▋    | 9346/16454 [00:08<00:03, 1842.90doc/s]Task 140:  59%|█████▊    | 9647/16454 [00:09<00:03, 1899.43doc/s]Task 140:  60%|█████▉    | 9855/16454 [00:09<00:03, 1940.81doc/s]Task 140:  62%|██████▏   | 10131/16454 [00:09<00:03, 1884.98doc/s]Task 140:  63%|██████▎   | 10366/16454 [00:09<00:03, 1722.10doc/s]Task 140:  65%|██████▍   | 10615/16454 [00:09<00:03, 1780.98doc/s]Task 140:  66%|██████▌   | 10842/16454 [00:09<00:03, 1755.60doc/s]Task 140:  67%|██████▋   | 11087/16454 [00:09<00:02, 1919.13doc/s]Task 140:  69%|██████▉   | 11367/16454 [00:09<00:02, 2118.26doc/s]Task 140:  71%|███████   | 11687/16454 [00:10<00:01, 2402.08doc/s]Task 140:  73%|███████▎  | 11986/16454 [00:10<00:01, 2482.99doc/s]Task 140:  75%|███████▍  | 12332/16454 [00:10<00:01, 2749.68doc/s]Task 140:  77%|███████▋  | 12668/16454 [00:10<00:01, 2767.06doc/s]Task 140:  79%|███████▊  | 12950/16454 [00:10<00:01, 2717.13doc/s]Task 140:  80%|████████  | 13226/16454 [00:10<00:01, 2676.07doc/s]Task 140:  83%|████████▎ | 13580/16454 [00:10<00:00, 2917.41doc/s]Task 140:  84%|████████▍ | 13875/16454 [00:10<00:00, 2857.52doc/s]Task 140:  86%|████████▌ | 14164/16454 [00:11<00:00, 2304.30doc/s]Task 140:  88%|████████▊ | 14448/16454 [00:11<00:00, 2365.93doc/s]Task 140:  89%|████████▉ | 14698/16454 [00:11<00:00, 2392.89doc/s]Task 140:  91%|█████████ | 14948/16454 [00:11<00:00, 2370.39doc/s]Task 140:  93%|█████████▎| 15382/16454 [00:11<00:00, 2418.83doc/s]Task 140:  95%|█████████▌| 15661/16454 [00:11<00:00, 2475.22doc/s]Task 140:  97%|█████████▋| 16035/16454 [00:11<00:00, 2798.60doc/s]Task 140:  99%|█████████▉| 16323/16454 [00:11<00:00, 2544.78doc/s]Task 140: 100%|██████████| 16454/16454 [00:16<00:00, 1028.28doc/s]
2025-11-24 00:38:35.185 | INFO     | __main__:process_wiki_task:2275 - Task 140 completed. Processed 16454 documents, wrote 16452 (timeouts: 2, errors: 0)
2025-11-24 00:38:35.318 | INFO     | __main__:process_wiki_task:2115 - Starting task 144/415 for enwiki_namespace_0 (parallel=True)
2025-11-24 00:38:35.320 | INFO     | __main__:process_wiki_task:2147 - Processing file: gs://wikipedia-graph/wikipedia/raw_html_dumps/enwiki_namespace_0/enwiki_namespace_0_enwiki_namespace_0_chunk_228.json.tar.gz
2025-11-24 00:38:35.320 | INFO     | __main__:process_wiki_task:2160 - Collecting documents from file...
2025-11-24 00:38:38.722 | INFO     | __main__:process_wiki_task:2167 -    Collected 1000 documents
2025-11-24 00:38:40.879 | INFO     | __main__:process_wiki_task:2167 -    Collected 2000 documents
2025-11-24 00:38:42.926 | INFO     | __main__:process_wiki_task:2167 -    Collected 3000 documents
2025-11-24 00:38:45.017 | INFO     | __main__:process_wiki_task:2167 -    Collected 4000 documents
2025-11-24 00:38:47.226 | INFO     | __main__:process_wiki_task:2167 -    Collected 5000 documents
2025-11-24 00:38:49.571 | INFO     | __main__:process_wiki_task:2167 -    Collected 6000 documents
2025-11-24 00:38:51.387 | INFO     | __main__:process_wiki_task:2167 -    Collected 7000 documents
2025-11-24 00:38:53.764 | INFO     | __main__:process_wiki_task:2167 -    Collected 8000 documents
2025-11-24 00:38:55.877 | INFO     | __main__:process_wiki_task:2167 -    Collected 9000 documents
2025-11-24 00:38:57.929 | INFO     | __main__:process_wiki_task:2167 -    Collected 10000 documents
2025-11-24 00:38:59.897 | INFO     | __main__:process_wiki_task:2167 -    Collected 11000 documents
2025-11-24 00:39:02.056 | INFO     | __main__:process_wiki_task:2167 -    Collected 12000 documents
2025-11-24 00:39:03.917 | INFO     | __main__:process_wiki_task:2167 -    Collected 13000 documents
2025-11-24 00:39:05.773 | INFO     | __main__:process_wiki_task:2167 -    Collected 14000 documents
2025-11-24 00:39:07.491 | INFO     | __main__:process_wiki_task:2175 - Collected 14713 documents. Starting parallel parsing with 88 workers...
>>> Task 140 completed. Stats: {'total': 16454, 'extracted': 0, 'timeout': 0, 'clean_error': 0, 'forwarded': 16452, 'dropped': 2, 'timeout_docs': 2, 'error_docs': 0}

>>> Processing task 144/414 with parallel document parsing...
Task 144:   0%|          | 0/14713 [00:00<?, ?doc/s]Task 144:   0%|          | 1/14713 [00:01<5:40:53,  1.39s/doc]Task 144:   0%|          | 42/14713 [00:01<07:04, 34.58doc/s] Task 144:   1%|          | 165/14713 [00:01<01:30, 160.57doc/s]Task 144:   2%|▏         | 225/14713 [00:01<01:07, 215.03doc/s]Task 144:   2%|▏         | 283/14713 [00:02<01:07, 212.79doc/s]Task 144:   3%|▎         | 466/14713 [00:02<00:32, 438.82doc/s]Task 144:   4%|▎         | 547/14713 [00:02<00:28, 493.47doc/s]Task 144:   5%|▌         | 797/14713 [00:02<00:16, 869.44doc/s]Task 144:   7%|▋         | 1021/14713 [00:02<00:12, 1122.10doc/s]Task 144:   8%|▊         | 1235/14713 [00:02<00:10, 1278.01doc/s]Task 144:  10%|█         | 1489/14713 [00:02<00:09, 1463.29doc/s]Task 144:  11%|█         | 1655/14713 [00:03<00:10, 1271.46doc/s]Task 144:  12%|█▏        | 1799/14713 [00:03<00:10, 1210.41doc/s]Task 144:  13%|█▎        | 1932/14713 [00:03<00:11, 1150.70doc/s]Task 144:  14%|█▍        | 2055/14713 [00:03<00:12, 985.51doc/s] Task 144:  15%|█▍        | 2162/14713 [00:03<00:15, 831.78doc/s]Task 144:  15%|█▌        | 2253/14713 [00:03<00:15, 797.97doc/s]Task 144:  16%|█▌        | 2338/14713 [00:03<00:15, 775.77doc/s]Task 144:  17%|█▋        | 2497/14713 [00:04<00:15, 809.95doc/s]Task 144:  18%|█▊        | 2719/14713 [00:04<00:11, 1017.76doc/s]Task 144:  20%|██        | 2966/14713 [00:04<00:09, 1277.13doc/s]Task 144:  22%|██▏       | 3247/14713 [00:04<00:07, 1457.32doc/s]Task 144:  23%|██▎       | 3446/14713 [00:04<00:07, 1577.94doc/s]Task 144:  25%|██▍       | 3611/14713 [00:04<00:07, 1576.23doc/s]Task 144:  26%|██▌       | 3774/14713 [00:04<00:07, 1496.02doc/s]Task 144:  27%|██▋       | 3927/14713 [00:04<00:07, 1474.49doc/s]Task 144:  28%|██▊       | 4077/14713 [00:05<00:07, 1462.95doc/s]Task 144:  29%|██▉       | 4306/14713 [00:05<00:06, 1670.52doc/s]Task 144:  30%|███       | 4476/14713 [00:05<00:06, 1545.28doc/s]Task 144:  31%|███▏      | 4634/14713 [00:05<00:06, 1538.38doc/s]Task 144:  33%|███▎      | 4796/14713 [00:05<00:06, 1483.25doc/s]Task 144:  34%|███▍      | 5014/14713 [00:05<00:06, 1550.16doc/s]Task 144:  35%|███▌      | 5205/14713 [00:05<00:06, 1559.58doc/s]Task 144:  37%|███▋      | 5379/14713 [00:05<00:05, 1577.85doc/s]Task 144:  38%|███▊      | 5614/14713 [00:05<00:05, 1782.93doc/s]Task 144:  40%|███▉      | 5865/14713 [00:06<00:04, 1844.85doc/s]Task 144:  42%|████▏     | 6124/14713 [00:06<00:04, 1970.47doc/s]Task 144:  43%|████▎     | 6323/14713 [00:06<00:04, 1902.89doc/s]Task 144:  44%|████▍     | 6514/14713 [00:06<00:04, 1848.16doc/s]Task 144:  46%|████▌     | 6740/14713 [00:06<00:04, 1850.37doc/s]Task 144:  48%|████▊     | 7050/14713 [00:06<00:03, 2102.74doc/s]Task 144:  50%|████▉     | 7299/14713 [00:06<00:03, 2186.97doc/s]Task 144:  51%|█████     | 7519/14713 [00:06<00:03, 1930.47doc/s]Task 144:  52%|█████▏    | 7718/14713 [00:07<00:04, 1415.22doc/s]Task 144:  54%|█████▎    | 7882/14713 [00:07<00:06, 1090.72doc/s]Task 144:  55%|█████▌    | 8163/14713 [00:07<00:04, 1329.44doc/s]Task 144:  57%|█████▋    | 8384/14713 [00:07<00:04, 1498.94doc/s]2025-11-24 00:39:17.217 | WARNING  | __main__:process_wiki_task:2222 - Parse errors so far: 1 timeouts, 0 other errors
Task 144:  59%|█████▊    | 8624/14713 [00:07<00:03, 1650.66doc/s]Task 144:  60%|█████▉    | 8822/14713 [00:07<00:03, 1671.17doc/s]Task 144:  61%|██████▏   | 9024/14713 [00:07<00:03, 1718.18doc/s]Task 144:  63%|██████▎   | 9285/14713 [00:08<00:03, 1806.65doc/s]Task 144:  65%|██████▍   | 9546/14713 [00:08<00:02, 1961.74doc/s]Task 144:  66%|██████▋   | 9770/14713 [00:08<00:02, 1958.29doc/s]Task 144:  68%|██████▊   | 9981/14713 [00:08<00:02, 1978.28doc/s]Task 144:  69%|██████▉   | 10199/14713 [00:08<00:02, 1917.24doc/s]Task 144:  71%|███████   | 10402/14713 [00:08<00:02, 1699.22doc/s]Task 144:  72%|███████▏  | 10592/14713 [00:08<00:02, 1520.21doc/s]Task 144:  73%|███████▎  | 10795/14713 [00:09<00:02, 1388.90doc/s]Task 144:  75%|███████▌  | 11045/14713 [00:09<00:02, 1634.02doc/s]Task 144:  77%|███████▋  | 11311/14713 [00:09<00:01, 1756.87doc/s]Task 144:  78%|███████▊  | 11521/14713 [00:09<00:01, 1662.10doc/s]Task 144:  80%|████████  | 11797/14713 [00:09<00:01, 1766.00doc/s]Task 144:  82%|████████▏ | 12057/14713 [00:09<00:01, 1962.99doc/s]Task 144:  84%|████████▎ | 12317/14713 [00:09<00:01, 2124.70doc/s]Task 144:  85%|████████▌ | 12539/14713 [00:09<00:01, 1803.95doc/s]Task 144:  87%|████████▋ | 12733/14713 [00:10<00:01, 1509.04doc/s]Task 144:  88%|████████▊ | 12916/14713 [00:10<00:01, 1409.14doc/s]Task 144:  89%|████████▉ | 13068/14713 [00:10<00:01, 1193.28doc/s]Task 144:  90%|█████████ | 13275/14713 [00:10<00:01, 1337.70doc/s]Task 144:  91%|█████████▏| 13449/14713 [00:10<00:00, 1395.62doc/s]Task 144:  92%|█████████▏| 13599/14713 [00:10<00:00, 1212.23doc/s]Task 144:  93%|█████████▎| 13730/14713 [00:11<00:01, 951.57doc/s] Task 144:  94%|█████████▍| 13839/14713 [00:11<00:02, 431.01doc/s]Task 144:  95%|█████████▍| 13920/14713 [00:12<00:02, 347.87doc/s]Task 144:  95%|█████████▌| 13982/14713 [00:12<00:01, 374.96doc/s]Task 144:  95%|█████████▌| 14044/14713 [00:12<00:01, 368.99doc/s]Task 144:  96%|█████████▌| 14098/14713 [00:13<00:02, 225.45doc/s]Task 144:  96%|█████████▌| 14138/14713 [00:13<00:02, 194.61doc/s]Task 144:  96%|█████████▋| 14181/14713 [00:13<00:02, 206.37doc/s]Task 144:  97%|█████████▋| 14222/14713 [00:14<00:02, 178.77doc/s]Task 144:  97%|█████████▋| 14290/14713 [00:14<00:01, 237.83doc/s]Task 144:  97%|█████████▋| 14327/14713 [00:14<00:01, 249.78doc/s]Task 144:  98%|█████████▊| 14362/14713 [00:14<00:01, 247.92doc/s]Task 144:  98%|█████████▊| 14394/14713 [00:15<00:02, 117.40doc/s]Task 144:  98%|█████████▊| 14427/14713 [00:15<00:02, 116.97doc/s]Task 144:  98%|█████████▊| 14468/14713 [00:15<00:01, 133.66doc/s]Task 144:  99%|█████████▊| 14509/14713 [00:15<00:01, 160.08doc/s]Task 144:  99%|█████████▉| 14550/14713 [00:16<00:01, 131.94doc/s]Task 144:  99%|█████████▉| 14593/14713 [00:16<00:00, 160.44doc/s]Task 144:  99%|█████████▉| 14632/14713 [00:18<00:01, 57.08doc/s] Task 144: 100%|█████████▉| 14673/14713 [00:25<00:02, 15.52doc/s]Task 144: 100%|██████████| 14713/14713 [00:25<00:00, 583.18doc/s]
2025-11-24 00:39:35.367 | INFO     | __main__:process_wiki_task:2275 - Task 144 completed. Processed 14713 documents, wrote 14689 (timeouts: 24, errors: 0)
2025-11-24 00:39:35.601 | INFO     | __main__:process_wiki_task:2115 - Starting task 151/415 for enwiki_namespace_0 (parallel=True)
2025-11-24 00:39:35.603 | INFO     | __main__:process_wiki_task:2147 - Processing file: gs://wikipedia-graph/wikipedia/raw_html_dumps/enwiki_namespace_0/enwiki_namespace_0_enwiki_namespace_0_chunk_234.json.tar.gz
2025-11-24 00:39:35.604 | INFO     | __main__:process_wiki_task:2160 - Collecting documents from file...
2025-11-24 00:39:38.773 | INFO     | __main__:process_wiki_task:2167 -    Collected 1000 documents
2025-11-24 00:39:40.883 | INFO     | __main__:process_wiki_task:2167 -    Collected 2000 documents
2025-11-24 00:39:42.974 | INFO     | __main__:process_wiki_task:2167 -    Collected 3000 documents
2025-11-24 00:39:45.447 | INFO     | __main__:process_wiki_task:2167 -    Collected 4000 documents
2025-11-24 00:39:47.542 | INFO     | __main__:process_wiki_task:2167 -    Collected 5000 documents
2025-11-24 00:39:49.341 | INFO     | __main__:process_wiki_task:2167 -    Collected 6000 documents
2025-11-24 00:39:51.238 | INFO     | __main__:process_wiki_task:2167 -    Collected 7000 documents
2025-11-24 00:39:53.126 | INFO     | __main__:process_wiki_task:2167 -    Collected 8000 documents
2025-11-24 00:39:55.118 | INFO     | __main__:process_wiki_task:2167 -    Collected 9000 documents
2025-11-24 00:39:57.089 | INFO     | __main__:process_wiki_task:2167 -    Collected 10000 documents
2025-11-24 00:39:58.741 | INFO     | __main__:process_wiki_task:2167 -    Collected 11000 documents
2025-11-24 00:40:01.074 | INFO     | __main__:process_wiki_task:2167 -    Collected 12000 documents
2025-11-24 00:40:02.915 | INFO     | __main__:process_wiki_task:2167 -    Collected 13000 documents
2025-11-24 00:40:04.743 | INFO     | __main__:process_wiki_task:2167 -    Collected 14000 documents
2025-11-24 00:40:06.564 | INFO     | __main__:process_wiki_task:2167 -    Collected 15000 documents
2025-11-24 00:40:07.781 | INFO     | __main__:process_wiki_task:2175 - Collected 15514 documents. Starting parallel parsing with 88 workers...
>>> Task 144 completed. Stats: {'total': 14713, 'extracted': 0, 'timeout': 0, 'clean_error': 0, 'forwarded': 14689, 'dropped': 24, 'timeout_docs': 24, 'error_docs': 0}

>>> Processing task 151/414 with parallel document parsing...
Task 151:   0%|          | 0/15514 [00:00<?, ?doc/s]Task 151:   0%|          | 1/15514 [00:01<6:06:06,  1.42s/doc]Task 151:   0%|          | 45/15514 [00:01<07:13, 35.67doc/s] Task 151:   1%|          | 89/15514 [00:01<03:25, 74.94doc/s]Task 151:   2%|▏         | 265/15514 [00:01<00:55, 274.32doc/s]Task 151:   2%|▏         | 332/15514 [00:02<00:54, 280.67doc/s]Task 151:   4%|▍         | 631/15514 [00:02<00:22, 657.12doc/s]Task 151:   6%|▌         | 920/15514 [00:02<00:15, 969.14doc/s]Task 151:   8%|▊         | 1198/15514 [00:02<00:13, 1068.43doc/s]Task 151:   9%|▉         | 1443/15514 [00:02<00:12, 1111.69doc/s]Task 151:  10%|█         | 1576/15514 [00:02<00:13, 1068.51doc/s]Task 151:  11%|█         | 1697/15514 [00:03<00:17, 778.00doc/s] Task 151:  12%|█▏        | 1819/15514 [00:03<00:16, 849.50doc/s]Task 151:  12%|█▏        | 1923/15514 [00:03<00:17, 790.58doc/s]Task 151:  13%|█▎        | 2025/15514 [00:03<00:16, 820.00doc/s]Task 151:  14%|█▎        | 2117/15514 [00:03<00:16, 827.40doc/s]Task 151:  15%|█▍        | 2289/15514 [00:03<00:13, 1001.56doc/s]Task 151:  16%|█▌        | 2421/15514 [00:04<00:12, 1069.05doc/s]Task 151:  16%|█▋        | 2553/15514 [00:04<00:11, 1122.16doc/s]Task 151:  17%|█▋        | 2671/15514 [00:04<00:15, 848.14doc/s] Task 151:  19%|█▊        | 2884/15514 [00:04<00:12, 1000.38doc/s]Task 151:  20%|██        | 3143/15514 [00:04<00:11, 1113.46doc/s]Task 151:  22%|██▏       | 3407/15514 [00:04<00:09, 1272.63doc/s]Task 151:  23%|██▎       | 3631/15514 [00:04<00:08, 1371.73doc/s]Task 151:  25%|██▌       | 3909/15514 [00:05<00:07, 1581.33doc/s]Task 151:  27%|██▋       | 4195/15514 [00:05<00:06, 1782.90doc/s]Task 151:  29%|██▉       | 4486/15514 [00:05<00:05, 1847.99doc/s]Task 151:  31%|███       | 4762/15514 [00:05<00:06, 1784.40doc/s]Task 151:  32%|███▏      | 5032/15514 [00:05<00:05, 1961.62doc/s]Task 151:  34%|███▍      | 5236/15514 [00:05<00:05, 1870.68doc/s]Task 151:  35%|███▌      | 5500/15514 [00:05<00:05, 1957.29doc/s]Task 151:  37%|███▋      | 5739/15514 [00:06<00:05, 1878.11doc/s]Task 151:  39%|███▊      | 6000/15514 [00:06<00:04, 1974.53doc/s]Task 151:  40%|████      | 6231/15514 [00:06<00:04, 2007.74doc/s]Task 151:  41%|████▏     | 6435/15514 [00:06<00:05, 1758.85doc/s]Task 151:  43%|████▎     | 6617/15514 [00:06<00:05, 1726.39doc/s]Task 151:  44%|████▍     | 6794/15514 [00:06<00:05, 1708.83doc/s]Task 151:  45%|████▍     | 6968/15514 [00:06<00:05, 1612.91doc/s]Task 151:  46%|████▌     | 7132/15514 [00:07<00:07, 1171.48doc/s]Task 151:  48%|████▊     | 7383/15514 [00:07<00:05, 1375.32doc/s]Task 151:  49%|████▉     | 7648/15514 [00:07<00:04, 1594.23doc/s]Task 151:  51%|█████     | 7909/15514 [00:07<00:04, 1732.42doc/s]Task 151:  53%|█████▎    | 8166/15514 [00:07<00:03, 1914.17doc/s]Task 151:  55%|█████▍    | 8457/15514 [00:07<00:03, 2093.89doc/s]Task 151:  57%|█████▋    | 8819/15514 [00:07<00:02, 2489.12doc/s]Task 151:  59%|█████▊    | 9081/15514 [00:07<00:02, 2450.80doc/s]Task 151:  61%|██████    | 9455/15514 [00:07<00:02, 2802.04doc/s]Task 151:  63%|██████▎   | 9746/15514 [00:08<00:02, 2416.67doc/s]Task 151:  64%|██████▍   | 10004/15514 [00:08<00:02, 2131.28doc/s]Task 151:  66%|██████▌   | 10233/15514 [00:08<00:02, 1925.22doc/s]Task 151:  67%|██████▋   | 10438/15514 [00:08<00:02, 1909.88doc/s]Task 151:  69%|██████▊   | 10638/15514 [00:08<00:03, 1536.23doc/s]Task 151:  70%|██████▉   | 10807/15514 [00:08<00:03, 1537.78doc/s]Task 151:  71%|███████   | 10972/15514 [00:08<00:03, 1404.55doc/s]Task 151:  72%|███████▏  | 11121/15514 [00:09<00:03, 1407.90doc/s]Task 151:  73%|███████▎  | 11330/15514 [00:09<00:02, 1575.45doc/s]Task 151:  74%|███████▍  | 11538/15514 [00:09<00:02, 1466.53doc/s]Task 151:  77%|███████▋  | 11921/15514 [00:09<00:01, 2036.80doc/s]Task 151:  79%|███████▉  | 12259/15514 [00:09<00:01, 1971.49doc/s]2025-11-24 00:40:19.512 | WARNING  | __main__:process_wiki_task:2222 - Parse errors so far: 1 timeouts, 0 other errors
Task 151:  81%|████████  | 12527/15514 [00:09<00:01, 2117.81doc/s]Task 151:  83%|████████▎ | 12835/15514 [00:09<00:01, 2356.06doc/s]Task 151:  84%|████████▍ | 13086/15514 [00:09<00:01, 2353.13doc/s]Task 151:  86%|████████▌ | 13332/15514 [00:10<00:00, 2363.53doc/s]Task 151:  88%|████████▊ | 13576/15514 [00:10<00:00, 2339.87doc/s]Task 151:  89%|████████▉ | 13815/15514 [00:10<00:00, 2261.23doc/s]Task 151:  91%|█████████ | 14045/15514 [00:10<00:00, 1797.59doc/s]Task 151:  92%|█████████▏| 14242/15514 [00:10<00:00, 1802.49doc/s]Task 151:  93%|█████████▎| 14434/15514 [00:10<00:00, 1737.30doc/s]Task 151:  94%|█████████▍| 14616/15514 [00:10<00:00, 1650.32doc/s]Task 151:  95%|█████████▌| 14787/15514 [00:11<00:00, 1015.85doc/s]Task 151:  96%|█████████▌| 14921/15514 [00:11<00:00, 796.78doc/s] Task 151:  97%|█████████▋| 15029/15514 [00:11<00:00, 811.70doc/s]Task 151:  98%|█████████▊| 15131/15514 [00:12<00:01, 362.87doc/s]Task 151:  98%|█████████▊| 15206/15514 [00:12<00:00, 318.98doc/s]Task 151:  98%|█████████▊| 15265/15514 [00:13<00:01, 206.12doc/s]Task 151:  99%|█████████▊| 15309/15514 [00:13<00:00, 205.12doc/s]Task 151:  99%|█████████▉| 15346/15514 [00:14<00:01, 112.01doc/s]Task 151:  99%|█████████▉| 15383/15514 [00:15<00:01, 105.14doc/s]Task 151:  99%|█████████▉| 15427/15514 [00:15<00:00, 95.34doc/s] Task 151: 100%|█████████▉| 15471/15514 [00:16<00:00, 107.81doc/s]Task 151: 100%|██████████| 15514/15514 [00:16<00:00, 957.92doc/s]
2025-11-24 00:40:26.748 | INFO     | __main__:process_wiki_task:2275 - Task 151 completed. Processed 15514 documents, wrote 15501 (timeouts: 13, errors: 0)
2025-11-24 00:40:26.872 | INFO     | __main__:process_wiki_task:2115 - Starting task 185/415 for enwiki_namespace_0 (parallel=True)
2025-11-24 00:40:26.874 | INFO     | __main__:process_wiki_task:2147 - Processing file: gs://wikipedia-graph/wikipedia/raw_html_dumps/enwiki_namespace_0/enwiki_namespace_0_enwiki_namespace_0_chunk_265.json.tar.gz
2025-11-24 00:40:26.874 | INFO     | __main__:process_wiki_task:2160 - Collecting documents from file...
2025-11-24 00:40:30.514 | INFO     | __main__:process_wiki_task:2167 -    Collected 1000 documents
2025-11-24 00:40:32.996 | INFO     | __main__:process_wiki_task:2167 -    Collected 2000 documents
2025-11-24 00:40:35.247 | INFO     | __main__:process_wiki_task:2167 -    Collected 3000 documents
2025-11-24 00:40:37.483 | INFO     | __main__:process_wiki_task:2167 -    Collected 4000 documents
2025-11-24 00:40:39.512 | INFO     | __main__:process_wiki_task:2167 -    Collected 5000 documents
2025-11-24 00:40:41.988 | INFO     | __main__:process_wiki_task:2167 -    Collected 6000 documents
2025-11-24 00:40:44.385 | INFO     | __main__:process_wiki_task:2167 -    Collected 7000 documents
2025-11-24 00:40:46.680 | INFO     | __main__:process_wiki_task:2167 -    Collected 8000 documents
2025-11-24 00:40:48.979 | INFO     | __main__:process_wiki_task:2167 -    Collected 9000 documents
2025-11-24 00:40:51.299 | INFO     | __main__:process_wiki_task:2167 -    Collected 10000 documents
2025-11-24 00:40:53.213 | INFO     | __main__:process_wiki_task:2167 -    Collected 11000 documents
2025-11-24 00:40:55.322 | INFO     | __main__:process_wiki_task:2167 -    Collected 12000 documents
2025-11-24 00:40:57.771 | INFO     | __main__:process_wiki_task:2167 -    Collected 13000 documents
2025-11-24 00:40:58.992 | INFO     | __main__:process_wiki_task:2175 - Collected 13495 documents. Starting parallel parsing with 88 workers...
>>> Task 151 completed. Stats: {'total': 15514, 'extracted': 0, 'timeout': 0, 'clean_error': 0, 'forwarded': 15501, 'dropped': 13, 'timeout_docs': 13, 'error_docs': 0}

>>> Processing task 185/414 with parallel document parsing...
Task 185:   0%|          | 0/13495 [00:00<?, ?doc/s]Task 185:   0%|          | 1/13495 [00:01<6:39:21,  1.78s/doc]Task 185:   1%|          | 106/13495 [00:01<02:50, 78.70doc/s]Task 185:   2%|▏         | 213/13495 [00:01<01:16, 173.99doc/s]Task 185:   2%|▏         | 296/13495 [00:02<00:57, 228.76doc/s]Task 185:   3%|▎         | 441/13495 [00:02<00:34, 382.48doc/s]Task 185:   5%|▍         | 636/13495 [00:02<00:24, 533.91doc/s]Task 185:   6%|▋         | 849/13495 [00:02<00:18, 667.63doc/s]Task 185:   8%|▊         | 1081/13495 [00:02<00:13, 899.10doc/s]Task 185:  10%|▉         | 1288/13495 [00:02<00:11, 1068.59doc/s]Task 185:  11%|█         | 1489/13495 [00:03<00:10, 1095.58doc/s]Task 185:  12%|█▏        | 1678/13495 [00:03<00:09, 1188.88doc/s]Task 185:  14%|█▍        | 1866/13495 [00:03<00:11, 1021.49doc/s]Task 185:  15%|█▌        | 2071/13495 [00:03<00:09, 1144.36doc/s]Task 185:  17%|█▋        | 2266/13495 [00:03<00:10, 1028.83doc/s]Task 185:  18%|█▊        | 2494/13495 [00:04<00:11, 951.47doc/s] Task 185:  20%|█▉        | 2681/13495 [00:04<00:11, 945.17doc/s]Task 185:  21%|██        | 2857/13495 [00:04<00:10, 1029.17doc/s]Task 185:  22%|██▏       | 2969/13495 [00:04<00:11, 939.13doc/s] Task 185:  23%|██▎       | 3090/13495 [00:04<00:11, 909.61doc/s]Task 185:  24%|██▍       | 3227/13495 [00:04<00:10, 983.91doc/s]Task 185:  25%|██▍       | 3331/13495 [00:04<00:10, 992.90doc/s]Task 185:  26%|██▌       | 3535/13495 [00:05<00:08, 1150.20doc/s]Task 185:  28%|██▊       | 3723/13495 [00:05<00:08, 1208.01doc/s]Task 185:  30%|██▉       | 3990/13495 [00:05<00:08, 1186.14doc/s]Task 185:  32%|███▏      | 4252/13495 [00:05<00:07, 1162.81doc/s]Task 185:  33%|███▎      | 4409/13495 [00:05<00:07, 1166.99doc/s]Task 185:  34%|███▎      | 4528/13495 [00:06<00:08, 996.74doc/s] Task 185:  35%|███▍      | 4676/13495 [00:06<00:08, 1068.62doc/s]Task 185:  36%|███▌      | 4881/13495 [00:06<00:08, 1056.12doc/s]Task 185:  38%|███▊      | 5069/13495 [00:06<00:08, 960.34doc/s] Task 185:  39%|███▉      | 5241/13495 [00:06<00:08, 978.02doc/s]Task 185:  40%|████      | 5434/13495 [00:06<00:07, 1021.49doc/s]Task 185:  42%|████▏     | 5625/13495 [00:07<00:07, 1086.56doc/s]Task 185:  43%|████▎     | 5834/13495 [00:07<00:06, 1154.73doc/s]Task 185:  45%|████▍     | 6068/13495 [00:07<00:05, 1295.90doc/s]Task 185:  47%|████▋     | 6288/13495 [00:07<00:05, 1432.59doc/s]Task 185:  48%|████▊     | 6522/13495 [00:07<00:04, 1420.61doc/s]Task 185:  50%|█████     | 6756/13495 [00:07<00:05, 1333.29doc/s]Task 185:  51%|█████▏    | 6946/13495 [00:08<00:04, 1320.01doc/s]Task 185:  53%|█████▎    | 7172/13495 [00:08<00:04, 1380.64doc/s]Task 185:  55%|█████▍    | 7371/13495 [00:08<00:04, 1479.31doc/s]Task 185:  56%|█████▋    | 7610/13495 [00:08<00:03, 1636.77doc/s]Task 185:  58%|█████▊    | 7791/13495 [00:08<00:03, 1426.56doc/s]Task 185:  59%|█████▉    | 8012/13495 [00:08<00:03, 1439.52doc/s]Task 185:  61%|██████    | 8259/13495 [00:08<00:03, 1652.48doc/s]Task 185:  63%|██████▎   | 8500/13495 [00:08<00:02, 1773.80doc/s]Task 185:  65%|██████▌   | 8834/13495 [00:09<00:02, 2165.03doc/s]Task 185:  67%|██████▋   | 9076/13495 [00:09<00:01, 2232.04doc/s]Task 185:  69%|██████▉   | 9310/13495 [00:09<00:01, 2231.10doc/s]Task 185:  71%|███████   | 9541/13495 [00:09<00:01, 2210.11doc/s]Task 185:  72%|███████▏  | 9768/13495 [00:09<00:01, 2223.76doc/s]Task 185:  75%|███████▍  | 10104/13495 [00:09<00:01, 2548.32doc/s]Task 185:  77%|███████▋  | 10391/13495 [00:09<00:01, 2112.89doc/s]Task 185:  79%|███████▊  | 10619/13495 [00:09<00:01, 2088.11doc/s]Task 185:  80%|████████  | 10839/13495 [00:09<00:01, 2095.94doc/s]Task 185:  82%|████████▏ | 11057/13495 [00:10<00:01, 2095.53doc/s]Task 185:  84%|████████▎ | 11273/13495 [00:10<00:01, 2102.65doc/s]Task 185:  86%|████████▌ | 11584/13495 [00:10<00:00, 2383.33doc/s]2025-11-24 00:41:11.519 | WARNING  | __main__:process_wiki_task:2222 - Parse errors so far: 1 timeouts, 0 other errors
Task 185:  88%|████████▊ | 11828/13495 [00:10<00:00, 2390.58doc/s]Task 185:  89%|████████▉ | 12071/13495 [00:10<00:00, 2277.59doc/s]Task 185:  91%|█████████ | 12302/13495 [00:10<00:00, 2126.28doc/s]Task 185:  93%|█████████▎| 12529/13495 [00:10<00:00, 1772.95doc/s]Task 185:  95%|█████████▍| 12758/13495 [00:10<00:00, 1897.46doc/s]Task 185:  96%|█████████▌| 12959/13495 [00:11<00:00, 1743.95doc/s]Task 185:  97%|█████████▋| 13143/13495 [00:11<00:00, 1706.92doc/s]Task 185:  99%|█████████▊| 13320/13495 [00:11<00:00, 1620.97doc/s]Task 185: 100%|█████████▉| 13487/13495 [00:14<00:00, 190.82doc/s] Task 185: 100%|██████████| 13495/13495 [00:14<00:00, 942.22doc/s]
2025-11-24 00:41:16.116 | INFO     | __main__:process_wiki_task:2275 - Task 185 completed. Processed 13495 documents, wrote 13493 (timeouts: 2, errors: 0)
2025-11-24 00:41:16.412 | INFO     | __main__:process_wiki_task:2115 - Starting task 196/415 for enwiki_namespace_0 (parallel=True)
2025-11-24 00:41:16.414 | INFO     | __main__:process_wiki_task:2147 - Processing file: gs://wikipedia-graph/wikipedia/raw_html_dumps/enwiki_namespace_0/enwiki_namespace_0_enwiki_namespace_0_chunk_275.json.tar.gz
2025-11-24 00:41:16.415 | INFO     | __main__:process_wiki_task:2160 - Collecting documents from file...
2025-11-24 00:41:19.818 | INFO     | __main__:process_wiki_task:2167 -    Collected 1000 documents
2025-11-24 00:41:22.123 | INFO     | __main__:process_wiki_task:2167 -    Collected 2000 documents
2025-11-24 00:41:24.488 | INFO     | __main__:process_wiki_task:2167 -    Collected 3000 documents
2025-11-24 00:41:26.730 | INFO     | __main__:process_wiki_task:2167 -    Collected 4000 documents
2025-11-24 00:41:28.999 | INFO     | __main__:process_wiki_task:2167 -    Collected 5000 documents
2025-11-24 00:41:31.249 | INFO     | __main__:process_wiki_task:2167 -    Collected 6000 documents
2025-11-24 00:41:33.765 | INFO     | __main__:process_wiki_task:2167 -    Collected 7000 documents
2025-11-24 00:41:36.172 | INFO     | __main__:process_wiki_task:2167 -    Collected 8000 documents
2025-11-24 00:41:38.335 | INFO     | __main__:process_wiki_task:2167 -    Collected 9000 documents
2025-11-24 00:41:40.481 | INFO     | __main__:process_wiki_task:2167 -    Collected 10000 documents
2025-11-24 00:41:42.928 | INFO     | __main__:process_wiki_task:2167 -    Collected 11000 documents
2025-11-24 00:41:45.644 | INFO     | __main__:process_wiki_task:2167 -    Collected 12000 documents
2025-11-24 00:41:47.698 | INFO     | __main__:process_wiki_task:2175 - Collected 12854 documents. Starting parallel parsing with 88 workers...
>>> Task 185 completed. Stats: {'total': 13495, 'extracted': 0, 'timeout': 0, 'clean_error': 0, 'forwarded': 13493, 'dropped': 2, 'timeout_docs': 2, 'error_docs': 0}

>>> Processing task 196/414 with parallel document parsing...
Task 196:   0%|          | 0/12854 [00:00<?, ?doc/s]Task 196:   0%|          | 1/12854 [00:01<4:51:21,  1.36s/doc]Task 196:   1%|          | 73/12854 [00:01<03:05, 68.97doc/s] Task 196:   1%|          | 145/12854 [00:01<01:30, 140.77doc/s]Task 196:   1%|▏         | 192/12854 [00:01<01:12, 174.64doc/s]Task 196:   2%|▏         | 304/12854 [00:01<00:47, 263.15doc/s]Task 196:   4%|▍         | 545/12854 [00:02<00:23, 532.96doc/s]Task 196:   6%|▌         | 721/12854 [00:02<00:17, 674.66doc/s]Task 196:   6%|▋         | 809/12854 [00:02<00:17, 676.77doc/s]Task 196:   7%|▋         | 957/12854 [00:02<00:15, 751.65doc/s]Task 196:   9%|▉         | 1132/12854 [00:02<00:13, 876.04doc/s]Task 196:  11%|█         | 1355/12854 [00:02<00:10, 1071.75doc/s]Task 196:  12%|█▏        | 1590/12854 [00:03<00:09, 1164.95doc/s]Task 196:  14%|█▍        | 1821/12854 [00:03<00:08, 1270.11doc/s]Task 196:  16%|█▌        | 2050/12854 [00:03<00:07, 1358.57doc/s]Task 196:  17%|█▋        | 2216/12854 [00:03<00:07, 1352.88doc/s]Task 196:  19%|█▉        | 2417/12854 [00:03<00:07, 1412.98doc/s]Task 196:  20%|██        | 2634/12854 [00:03<00:07, 1455.42doc/s]Task 196:  22%|██▏       | 2855/12854 [00:03<00:06, 1570.72doc/s]Task 196:  24%|██▍       | 3061/12854 [00:03<00:05, 1684.97doc/s]Task 196:  25%|██▌       | 3234/12854 [00:04<00:05, 1640.19doc/s]Task 196:  26%|██▋       | 3401/12854 [00:04<00:06, 1522.04doc/s]Task 196:  28%|██▊       | 3556/12854 [00:04<00:06, 1360.25doc/s]Task 196:  29%|██▉       | 3764/12854 [00:04<00:08, 1128.44doc/s]Task 196:  31%|███       | 4003/12854 [00:04<00:06, 1328.38doc/s]Task 196:  33%|███▎      | 4222/12854 [00:04<00:06, 1416.10doc/s]Task 196:  34%|███▍      | 4408/12854 [00:05<00:07, 1136.24doc/s]Task 196:  36%|███▌      | 4626/12854 [00:05<00:06, 1283.00doc/s]Task 196:  37%|███▋      | 4804/12854 [00:05<00:06, 1296.61doc/s]Task 196:  39%|███▊      | 4978/12854 [00:05<00:06, 1268.30doc/s]Task 196:  40%|████      | 5175/12854 [00:05<00:06, 1259.69doc/s]Task 196:  42%|████▏     | 5368/12854 [00:05<00:05, 1365.50doc/s]Task 196:  43%|████▎     | 5511/12854 [00:06<00:17, 426.83doc/s] Task 196:  44%|████▎     | 5615/12854 [00:07<00:16, 444.04doc/s]Task 196:  45%|████▍     | 5756/12854 [00:07<00:13, 539.41doc/s]Task 196:  46%|████▌     | 5941/12854 [00:07<00:09, 699.42doc/s]Task 196:  48%|████▊     | 6125/12854 [00:07<00:08, 837.28doc/s]Task 196:  50%|████▉     | 6374/12854 [00:07<00:05, 1114.93doc/s]Task 196:  51%|█████     | 6561/12854 [00:07<00:05, 1251.48doc/s]Task 196:  52%|█████▏    | 6728/12854 [00:07<00:04, 1315.55doc/s]Task 196:  54%|█████▍    | 6919/12854 [00:07<00:04, 1341.15doc/s]Task 196:  56%|█████▌    | 7158/12854 [00:07<00:03, 1475.24doc/s]Task 196:  57%|█████▋    | 7350/12854 [00:08<00:03, 1453.66doc/s]Task 196:  59%|█████▉    | 7582/12854 [00:08<00:03, 1587.44doc/s]Task 196:  60%|██████    | 7756/12854 [00:08<00:03, 1604.52doc/s]Task 196:  62%|██████▏   | 7956/12854 [00:08<00:02, 1688.96doc/s]Task 196:  63%|██████▎   | 8154/12854 [00:08<00:02, 1742.63doc/s]Task 196:  65%|██████▍   | 8333/12854 [00:08<00:02, 1726.51doc/s]Task 196:  66%|██████▋   | 8521/12854 [00:08<00:02, 1767.63doc/s]Task 196:  68%|██████▊   | 8764/12854 [00:08<00:02, 1905.02doc/s]Task 196:  70%|██████▉   | 8974/12854 [00:08<00:01, 1956.03doc/s]Task 196:  72%|███████▏  | 9200/12854 [00:09<00:01, 1914.51doc/s]Task 196:  73%|███████▎  | 9409/12854 [00:09<00:01, 1962.87doc/s]Task 196:  76%|███████▌  | 9711/12854 [00:09<00:01, 2263.04doc/s]Task 196:  78%|███████▊  | 9990/12854 [00:09<00:01, 2414.12doc/s]Task 196:  80%|███████▉  | 10234/12854 [00:09<00:01, 2258.52doc/s]Task 196:  81%|████████▏ | 10464/12854 [00:09<00:01, 1805.02doc/s]Task 196:  84%|████████▍ | 10772/12854 [00:09<00:00, 2112.67doc/s]Task 196:  86%|████████▌ | 11002/12854 [00:09<00:00, 2095.59doc/s]Task 196:  87%|████████▋ | 11225/12854 [00:10<00:00, 2103.23doc/s]2025-11-24 00:42:00.139 | WARNING  | __main__:process_wiki_task:2222 - Parse errors so far: 1 timeouts, 0 other errors
Task 196:  89%|████████▉ | 11445/12854 [00:10<00:00, 2091.93doc/s]Task 196:  91%|█████████ | 11661/12854 [00:10<00:00, 2099.71doc/s]Task 196:  92%|█████████▏| 11876/12854 [00:10<00:00, 1655.86doc/s]Task 196:  94%|█████████▍| 12139/12854 [00:10<00:00, 1888.49doc/s]Task 196:  96%|█████████▌| 12346/12854 [00:10<00:00, 1792.29doc/s]Task 196:  98%|█████████▊| 12539/12854 [00:10<00:00, 1521.54doc/s]Task 196:  99%|█████████▉| 12719/12854 [00:10<00:00, 1585.57doc/s]Task 196: 100%|██████████| 12854/12854 [00:14<00:00, 904.88doc/s] 
2025-11-24 00:42:04.748 | INFO     | __main__:process_wiki_task:2275 - Task 196 completed. Processed 12854 documents, wrote 12851 (timeouts: 3, errors: 0)
2025-11-24 00:42:04.938 | INFO     | __main__:process_wiki_task:2115 - Starting task 242/415 for enwiki_namespace_0 (parallel=True)
2025-11-24 00:42:04.940 | INFO     | __main__:process_wiki_task:2147 - Processing file: gs://wikipedia-graph/wikipedia/raw_html_dumps/enwiki_namespace_0/enwiki_namespace_0_enwiki_namespace_0_chunk_316.json.tar.gz
2025-11-24 00:42:04.941 | INFO     | __main__:process_wiki_task:2160 - Collecting documents from file...
2025-11-24 00:42:08.956 | INFO     | __main__:process_wiki_task:2167 -    Collected 1000 documents
2025-11-24 00:42:11.609 | INFO     | __main__:process_wiki_task:2167 -    Collected 2000 documents
2025-11-24 00:42:14.108 | INFO     | __main__:process_wiki_task:2167 -    Collected 3000 documents
2025-11-24 00:42:16.768 | INFO     | __main__:process_wiki_task:2167 -    Collected 4000 documents
2025-11-24 00:42:19.464 | INFO     | __main__:process_wiki_task:2167 -    Collected 5000 documents
2025-11-24 00:42:22.457 | INFO     | __main__:process_wiki_task:2167 -    Collected 6000 documents
2025-11-24 00:42:25.834 | INFO     | __main__:process_wiki_task:2167 -    Collected 7000 documents
2025-11-24 00:42:28.418 | INFO     | __main__:process_wiki_task:2167 -    Collected 8000 documents
2025-11-24 00:42:31.361 | INFO     | __main__:process_wiki_task:2167 -    Collected 9000 documents
2025-11-24 00:42:34.399 | INFO     | __main__:process_wiki_task:2167 -    Collected 10000 documents
2025-11-24 00:42:36.585 | INFO     | __main__:process_wiki_task:2175 - Collected 10679 documents. Starting parallel parsing with 88 workers...
>>> Task 196 completed. Stats: {'total': 12854, 'extracted': 0, 'timeout': 0, 'clean_error': 0, 'forwarded': 12851, 'dropped': 3, 'timeout_docs': 3, 'error_docs': 0}

>>> Processing task 242/414 with parallel document parsing...
Task 242:   0%|          | 0/10679 [00:00<?, ?doc/s]Task 242:   0%|          | 1/10679 [00:01<3:36:16,  1.22s/doc]Task 242:   1%|          | 91/10679 [00:01<01:53, 93.29doc/s] Task 242:   1%|▏         | 135/10679 [00:01<01:23, 125.81doc/s]Task 242:   2%|▏         | 171/10679 [00:01<01:08, 153.14doc/s]Task 242:   2%|▏         | 211/10679 [00:01<00:56, 184.79doc/s]Task 242:   2%|▏         | 243/10679 [00:01<00:54, 190.65doc/s]Task 242:   4%|▍         | 430/10679 [00:02<00:23, 443.36doc/s]Task 242:   5%|▌         | 567/10679 [00:02<00:17, 578.98doc/s]Task 242:   7%|▋         | 756/10679 [00:02<00:12, 795.94doc/s]Task 242:   9%|▊         | 931/10679 [00:02<00:12, 803.57doc/s]Task 242:  10%|█         | 1106/10679 [00:02<00:10, 914.16doc/s]Task 242:  12%|█▏        | 1280/10679 [00:02<00:08, 1048.39doc/s]Task 242:  14%|█▎        | 1466/10679 [00:02<00:08, 1149.64doc/s]Task 242:  15%|█▌        | 1635/10679 [00:03<00:07, 1235.90doc/s]Task 242:  17%|█▋        | 1822/10679 [00:03<00:06, 1276.84doc/s]Task 242:  19%|█▉        | 2040/10679 [00:03<00:06, 1359.00doc/s]Task 242:  21%|██        | 2207/10679 [00:03<00:06, 1333.82doc/s]Task 242:  23%|██▎       | 2405/10679 [00:03<00:06, 1361.37doc/s]Task 242:  24%|██▍       | 2601/10679 [00:03<00:05, 1426.39doc/s]Task 242:  26%|██▌       | 2746/10679 [00:03<00:06, 1319.82doc/s]Task 242:  27%|██▋       | 2898/10679 [00:04<00:05, 1322.41doc/s]Task 242:  29%|██▉       | 3086/10679 [00:04<00:05, 1432.48doc/s]Task 242:  31%|███       | 3266/10679 [00:04<00:05, 1338.41doc/s]Task 242:  32%|███▏      | 3447/10679 [00:04<00:05, 1433.25doc/s]Task 242:  34%|███▎      | 3594/10679 [00:04<00:05, 1295.64doc/s]Task 242:  35%|███▌      | 3743/10679 [00:04<00:05, 1334.28doc/s]Task 242:  37%|███▋      | 3905/10679 [00:04<00:05, 1297.20doc/s]Task 242:  38%|███▊      | 4082/10679 [00:04<00:05, 1289.78doc/s]Task 242:  40%|███▉      | 4222/10679 [00:05<00:05, 1281.61doc/s]Task 242:  41%|████      | 4380/10679 [00:05<00:04, 1279.28doc/s]Task 242:  43%|████▎     | 4542/10679 [00:05<00:04, 1301.01doc/s]Task 242:  44%|████▍     | 4721/10679 [00:05<00:04, 1322.53doc/s]Task 242:  46%|████▌     | 4915/10679 [00:05<00:03, 1452.34doc/s]Task 242:  47%|████▋     | 5065/10679 [00:05<00:03, 1437.26doc/s]Task 242:  49%|████▉     | 5232/10679 [00:05<00:03, 1426.60doc/s]Task 242:  51%|█████     | 5417/10679 [00:05<00:03, 1422.79doc/s]Task 242:  53%|█████▎    | 5611/10679 [00:05<00:03, 1450.94doc/s]Task 242:  54%|█████▍    | 5762/10679 [00:06<00:03, 1393.62doc/s]Task 242:  55%|█████▌    | 5916/10679 [00:06<00:03, 1398.16doc/s]Task 242:  57%|█████▋    | 6056/10679 [00:06<00:03, 1365.01doc/s]Task 242:  58%|█████▊    | 6233/10679 [00:06<00:03, 1303.37doc/s]Task 242:  60%|█████▉    | 6365/10679 [00:06<00:03, 1247.44doc/s]Task 242:  61%|██████    | 6525/10679 [00:06<00:03, 1269.63doc/s]Task 242:  63%|██████▎   | 6700/10679 [00:06<00:03, 1298.33doc/s]Task 242:  64%|██████▍   | 6863/10679 [00:06<00:02, 1338.16doc/s]Task 242:  66%|██████▌   | 7066/10679 [00:07<00:02, 1410.49doc/s]Task 242:  68%|██████▊   | 7232/10679 [00:07<00:02, 1371.08doc/s]Task 242:  69%|██████▉   | 7409/10679 [00:07<00:02, 1471.54doc/s]Task 242:  71%|███████   | 7584/10679 [00:07<00:02, 1337.49doc/s]Task 242:  72%|███████▏  | 7741/10679 [00:07<00:02, 1374.68doc/s]Task 242:  74%|███████▍  | 7882/10679 [00:07<00:02, 1355.85doc/s]Task 242:  75%|███████▌  | 8020/10679 [00:07<00:02, 1279.51doc/s]Task 242:  76%|███████▋  | 8150/10679 [00:07<00:01, 1272.19doc/s]Task 242:  78%|███████▊  | 8362/10679 [00:08<00:01, 1494.77doc/s]2025-11-24 00:42:47.166 | WARNING  | __main__:process_wiki_task:2222 - Parse errors so far: 1 timeouts, 0 other errors
Task 242:  80%|███████▉  | 8515/10679 [00:08<00:01, 1412.00doc/s]Task 242:  81%|████████  | 8659/10679 [00:08<00:01, 1115.00doc/s]Task 242:  82%|████████▏ | 8782/10679 [00:08<00:01, 1129.46doc/s]Task 242:  84%|████████▎ | 8918/10679 [00:08<00:01, 1003.26doc/s]Task 242:  85%|████████▍ | 9075/10679 [00:08<00:01, 1120.85doc/s]Task 242:  87%|████████▋ | 9313/10679 [00:08<00:00, 1430.12doc/s]Task 242:  89%|████████▉ | 9523/10679 [00:08<00:00, 1602.71doc/s]Task 242:  91%|█████████ | 9695/10679 [00:09<00:00, 1546.26doc/s]Task 242:  92%|█████████▏| 9858/10679 [00:09<00:00, 1562.25doc/s]Task 242:  94%|█████████▍| 10021/10679 [00:09<00:00, 965.39doc/s]Task 242:  95%|█████████▌| 10150/10679 [00:09<00:00, 595.26doc/s]Task 242:  97%|█████████▋| 10350/10679 [00:10<00:00, 665.94doc/s]Task 242:  98%|█████████▊| 10445/10679 [00:10<00:00, 412.49doc/s]Task 242:  98%|█████████▊| 10516/10679 [00:12<00:00, 179.10doc/s]Task 242:  99%|█████████▉| 10567/10679 [00:12<00:00, 182.78doc/s]Task 242:  99%|█████████▉| 10609/10679 [00:12<00:00, 195.69doc/s]Task 242: 100%|█████████▉| 10649/10679 [00:13<00:00, 120.89doc/s]Task 242: 100%|██████████| 10679/10679 [00:13<00:00, 779.99doc/s]
2025-11-24 00:42:53.308 | INFO     | __main__:process_wiki_task:2275 - Task 242 completed. Processed 10679 documents, wrote 10671 (timeouts: 8, errors: 0)
2025-11-24 00:42:53.423 | INFO     | __main__:process_wiki_task:2115 - Starting task 253/415 for enwiki_namespace_0 (parallel=True)
2025-11-24 00:42:53.425 | INFO     | __main__:process_wiki_task:2147 - Processing file: gs://wikipedia-graph/wikipedia/raw_html_dumps/enwiki_namespace_0/enwiki_namespace_0_enwiki_namespace_0_chunk_326.json.tar.gz
2025-11-24 00:42:53.425 | INFO     | __main__:process_wiki_task:2160 - Collecting documents from file...
2025-11-24 00:42:57.354 | INFO     | __main__:process_wiki_task:2167 -    Collected 1000 documents
2025-11-24 00:43:00.245 | INFO     | __main__:process_wiki_task:2167 -    Collected 2000 documents
2025-11-24 00:43:02.599 | INFO     | __main__:process_wiki_task:2167 -    Collected 3000 documents
2025-11-24 00:43:05.486 | INFO     | __main__:process_wiki_task:2167 -    Collected 4000 documents
2025-11-24 00:43:08.123 | INFO     | __main__:process_wiki_task:2167 -    Collected 5000 documents
2025-11-24 00:43:10.855 | INFO     | __main__:process_wiki_task:2167 -    Collected 6000 documents
2025-11-24 00:43:13.499 | INFO     | __main__:process_wiki_task:2167 -    Collected 7000 documents
2025-11-24 00:43:16.238 | INFO     | __main__:process_wiki_task:2167 -    Collected 8000 documents
2025-11-24 00:43:19.232 | INFO     | __main__:process_wiki_task:2167 -    Collected 9000 documents
2025-11-24 00:43:21.954 | INFO     | __main__:process_wiki_task:2167 -    Collected 10000 documents
2025-11-24 00:43:24.703 | INFO     | __main__:process_wiki_task:2175 - Collected 10980 documents. Starting parallel parsing with 88 workers...
>>> Task 242 completed. Stats: {'total': 10679, 'extracted': 0, 'timeout': 0, 'clean_error': 0, 'forwarded': 10671, 'dropped': 8, 'timeout_docs': 8, 'error_docs': 0}

>>> Processing task 253/414 with parallel document parsing...
Task 253:   0%|          | 0/10980 [00:00<?, ?doc/s]Task 253:   0%|          | 1/10980 [00:01<4:27:26,  1.46s/doc]Task 253:   1%|          | 125/10980 [00:01<01:39, 109.01doc/s]Task 253:   2%|▏         | 218/10980 [00:01<00:55, 195.18doc/s]Task 253:   3%|▎         | 286/10980 [00:01<00:50, 210.35doc/s]Task 253:   4%|▎         | 404/10980 [00:02<00:31, 339.11doc/s]Task 253:   4%|▍         | 478/10980 [00:02<00:26, 389.86doc/s]Task 253:   5%|▌         | 583/10980 [00:02<00:21, 485.54doc/s]Task 253:   7%|▋         | 767/10980 [00:02<00:19, 535.14doc/s]Task 253:   9%|▉         | 970/10980 [00:02<00:13, 747.15doc/s]Task 253:  10%|█         | 1148/10980 [00:02<00:10, 896.75doc/s]Task 253:  12%|█▏        | 1336/10980 [00:03<00:08, 1075.08doc/s]Task 253:  14%|█▍        | 1547/10980 [00:03<00:07, 1208.72doc/s]Task 253:  15%|█▌        | 1688/10980 [00:03<00:07, 1182.73doc/s]Task 253:  17%|█▋        | 1864/10980 [00:03<00:07, 1247.07doc/s]Task 253:  19%|█▊        | 2045/10980 [00:03<00:07, 1241.19doc/s]Task 253:  20%|█▉        | 2177/10980 [00:03<00:07, 1174.11doc/s]Task 253:  21%|██        | 2318/10980 [00:03<00:07, 1203.78doc/s]Task 253:  23%|██▎       | 2495/10980 [00:03<00:06, 1330.44doc/s]Task 253:  24%|██▍       | 2658/10980 [00:04<00:06, 1267.70doc/s]Task 253:  26%|██▌       | 2854/10980 [00:04<00:07, 1152.70doc/s]Task 253:  28%|██▊       | 3053/10980 [00:04<00:07, 1106.55doc/s]Task 253:  29%|██▉       | 3236/10980 [00:04<00:06, 1152.79doc/s]Task 253:  31%|███       | 3413/10980 [00:04<00:06, 1203.68doc/s]Task 253:  33%|███▎      | 3616/10980 [00:04<00:05, 1298.50doc/s]Task 253:  34%|███▍      | 3763/10980 [00:04<00:05, 1296.60doc/s]Task 253:  36%|███▌      | 3926/10980 [00:05<00:05, 1292.90doc/s]Task 253:  37%|███▋      | 4085/10980 [00:05<00:05, 1256.75doc/s]Task 253:  39%|███▉      | 4262/10980 [00:05<00:05, 1295.03doc/s]Task 253:  41%|████      | 4473/10980 [00:05<00:05, 1275.67doc/s]Task 253:  42%|████▏     | 4664/10980 [00:05<00:04, 1334.32doc/s]Task 253:  44%|████▍     | 4845/10980 [00:05<00:04, 1299.57doc/s]Task 253:  46%|████▌     | 5043/10980 [00:05<00:04, 1343.80doc/s]Task 253:  47%|████▋     | 5213/10980 [00:06<00:04, 1312.43doc/s]Task 253:  49%|████▉     | 5375/10980 [00:06<00:04, 1296.84doc/s]Task 253:  50%|█████     | 5536/10980 [00:06<00:04, 1250.89doc/s]Task 253:  52%|█████▏    | 5680/10980 [00:06<00:04, 1268.36doc/s]Task 253:  53%|█████▎    | 5808/10980 [00:06<00:04, 1131.08doc/s]Task 253:  54%|█████▍    | 5923/10980 [00:06<00:04, 1062.76doc/s]Task 253:  55%|█████▌    | 6070/10980 [00:06<00:04, 1025.23doc/s]Task 253:  57%|█████▋    | 6275/10980 [00:06<00:03, 1214.15doc/s]Task 253:  58%|█████▊    | 6419/10980 [00:07<00:03, 1205.76doc/s]Task 253:  60%|██████    | 6633/10980 [00:07<00:03, 1358.81doc/s]Task 253:  62%|██████▏   | 6820/10980 [00:07<00:03, 1285.55doc/s]Task 253:  64%|██████▍   | 7016/10980 [00:07<00:02, 1408.30doc/s]Task 253:  65%|██████▌   | 7161/10980 [00:07<00:02, 1373.72doc/s]Task 253:  67%|██████▋   | 7306/10980 [00:07<00:02, 1393.13doc/s]Task 253:  68%|██████▊   | 7461/10980 [00:07<00:02, 1389.99doc/s]Task 253:  70%|███████   | 7688/10980 [00:07<00:02, 1626.32doc/s]Task 253:  73%|███████▎  | 7992/10980 [00:08<00:01, 2018.94doc/s]Task 253:  75%|███████▍  | 8200/10980 [00:08<00:01, 1652.32doc/s]Task 253:  76%|███████▋  | 8380/10980 [00:08<00:01, 1633.57doc/s]Task 253:  78%|███████▊  | 8554/10980 [00:08<00:01, 1656.40doc/s]2025-11-24 00:43:35.726 | WARNING  | __main__:process_wiki_task:2222 - Parse errors so far: 1 timeouts, 0 other errors
Task 253:  79%|███████▉  | 8727/10980 [00:08<00:01, 1235.78doc/s]Task 253:  81%|████████  | 8871/10980 [00:08<00:01, 1253.24doc/s]Task 253:  83%|████████▎ | 9116/10980 [00:08<00:01, 1533.70doc/s]Task 253:  85%|████████▍ | 9288/10980 [00:09<00:01, 1355.03doc/s]Task 253:  86%|████████▌ | 9447/10980 [00:09<00:01, 1395.99doc/s]Task 253:  87%|████████▋ | 9606/10980 [00:09<00:00, 1404.42doc/s]Task 253:  89%|████████▉ | 9770/10980 [00:09<00:00, 1458.80doc/s]Task 253:  90%|█████████ | 9923/10980 [00:09<00:00, 1444.25doc/s]Task 253:  92%|█████████▏| 10072/10980 [00:09<00:00, 1003.70doc/s]Task 253:  93%|█████████▎| 10194/10980 [00:09<00:00, 1040.35doc/s]Task 253:  94%|█████████▍| 10365/10980 [00:09<00:00, 1193.96doc/s]Task 253:  96%|█████████▌| 10501/10980 [00:10<00:00, 1191.17doc/s]Task 253:  97%|█████████▋| 10659/10980 [00:10<00:00, 1288.01doc/s]Task 253:  99%|█████████▊| 10818/10980 [00:10<00:00, 1368.00doc/s]Task 253: 100%|█████████▉| 10963/10980 [00:12<00:00, 209.30doc/s] Task 253: 100%|██████████| 10980/10980 [00:12<00:00, 886.07doc/s]
2025-11-24 00:43:40.033 | INFO     | __main__:process_wiki_task:2275 - Task 253 completed. Processed 10980 documents, wrote 10975 (timeouts: 5, errors: 0)
2025-11-24 00:43:40.138 | INFO     | __main__:process_wiki_task:2115 - Starting task 286/415 for enwiki_namespace_0 (parallel=True)
2025-11-24 00:43:40.140 | INFO     | __main__:process_wiki_task:2147 - Processing file: gs://wikipedia-graph/wikipedia/raw_html_dumps/enwiki_namespace_0/enwiki_namespace_0_enwiki_namespace_0_chunk_356.json.tar.gz
2025-11-24 00:43:40.140 | INFO     | __main__:process_wiki_task:2160 - Collecting documents from file...
2025-11-24 00:43:44.331 | INFO     | __main__:process_wiki_task:2167 -    Collected 1000 documents
2025-11-24 00:43:47.121 | INFO     | __main__:process_wiki_task:2167 -    Collected 2000 documents
2025-11-24 00:43:50.568 | INFO     | __main__:process_wiki_task:2167 -    Collected 3000 documents
2025-11-24 00:43:53.334 | INFO     | __main__:process_wiki_task:2167 -    Collected 4000 documents
2025-11-24 00:43:56.026 | INFO     | __main__:process_wiki_task:2167 -    Collected 5000 documents
2025-11-24 00:43:59.427 | INFO     | __main__:process_wiki_task:2167 -    Collected 6000 documents
2025-11-24 00:44:02.335 | INFO     | __main__:process_wiki_task:2167 -    Collected 7000 documents
2025-11-24 00:44:05.112 | INFO     | __main__:process_wiki_task:2167 -    Collected 8000 documents
2025-11-24 00:44:08.708 | INFO     | __main__:process_wiki_task:2167 -    Collected 9000 documents
2025-11-24 00:44:11.657 | INFO     | __main__:process_wiki_task:2167 -    Collected 10000 documents
2025-11-24 00:44:12.574 | INFO     | __main__:process_wiki_task:2175 - Collected 10325 documents. Starting parallel parsing with 88 workers...
>>> Task 253 completed. Stats: {'total': 10980, 'extracted': 0, 'timeout': 0, 'clean_error': 0, 'forwarded': 10975, 'dropped': 5, 'timeout_docs': 5, 'error_docs': 0}

>>> Processing task 286/414 with parallel document parsing...
Task 286:   0%|          | 0/10325 [00:00<?, ?doc/s]Task 286:   0%|          | 1/10325 [00:01<4:02:35,  1.41s/doc]Task 286:   1%|          | 88/10325 [00:01<02:19, 73.59doc/s] Task 286:   2%|▏         | 175/10325 [00:01<01:22, 122.72doc/s]Task 286:   2%|▏         | 205/10325 [00:02<01:20, 126.39doc/s]Task 286:   3%|▎         | 349/10325 [00:02<00:36, 276.77doc/s]Task 286:   4%|▍         | 407/10325 [00:02<00:32, 307.95doc/s]Task 286:   5%|▌         | 552/10325 [00:02<00:20, 476.87doc/s]Task 286:   6%|▌         | 627/10325 [00:02<00:20, 478.24doc/s]Task 286:   7%|▋         | 726/10325 [00:02<00:19, 502.44doc/s]Task 286:   9%|▊         | 890/10325 [00:03<00:13, 679.97doc/s]Task 286:  10%|▉         | 1006/10325 [00:03<00:13, 676.64doc/s]Task 286:  11%|█         | 1098/10325 [00:03<00:13, 703.79doc/s]Task 286:  12%|█▏        | 1273/10325 [00:03<00:10, 857.85doc/s]Task 286:  14%|█▍        | 1488/10325 [00:03<00:08, 1022.72doc/s]Task 286:  16%|█▌        | 1657/10325 [00:03<00:08, 1072.15doc/s]Task 286:  18%|█▊        | 1829/10325 [00:03<00:07, 1156.48doc/s]Task 286:  19%|█▉        | 1991/10325 [00:03<00:06, 1243.04doc/s]Task 286:  21%|██        | 2157/10325 [00:04<00:06, 1249.02doc/s]Task 286:  23%|██▎       | 2325/10325 [00:04<00:06, 1292.50doc/s]Task 286:  24%|██▍       | 2457/10325 [00:04<00:06, 1272.13doc/s]Task 286:  25%|██▌       | 2609/10325 [00:04<00:06, 1274.97doc/s]Task 286:  27%|██▋       | 2772/10325 [00:04<00:05, 1269.87doc/s]Task 286:  29%|██▉       | 2979/10325 [00:04<00:05, 1313.92doc/s]Task 286:  30%|███       | 3140/10325 [00:04<00:05, 1334.64doc/s]Task 286:  32%|███▏      | 3301/10325 [00:05<00:05, 1272.57doc/s]Task 286:  34%|███▍      | 3504/10325 [00:05<00:04, 1430.98doc/s]Task 286:  36%|███▌      | 3686/10325 [00:05<00:04, 1405.55doc/s]Task 286:  37%|███▋      | 3833/10325 [00:05<00:04, 1371.44doc/s]Task 286:  39%|███▉      | 4021/10325 [00:05<00:04, 1411.33doc/s]Task 286:  41%|████      | 4188/10325 [00:05<00:04, 1454.59doc/s]Task 286:  42%|████▏     | 4356/10325 [00:05<00:04, 1426.06doc/s]Task 286:  44%|████▍     | 4550/10325 [00:05<00:04, 1443.15doc/s]Task 286:  46%|████▌     | 4706/10325 [00:06<00:04, 1256.40doc/s]Task 286:  47%|████▋     | 4874/10325 [00:06<00:04, 1213.85doc/s]Task 286:  49%|████▉     | 5090/10325 [00:06<00:03, 1399.29doc/s]Task 286:  51%|█████     | 5246/10325 [00:06<00:03, 1328.95doc/s]Task 286:  52%|█████▏    | 5400/10325 [00:06<00:03, 1367.92doc/s]Task 286:  54%|█████▍    | 5573/10325 [00:06<00:03, 1461.10doc/s]Task 286:  56%|█████▌    | 5736/10325 [00:06<00:03, 1504.89doc/s]Task 286:  57%|█████▋    | 5905/10325 [00:06<00:02, 1478.48doc/s]Task 286:  59%|█████▉    | 6088/10325 [00:06<00:02, 1540.12doc/s]Task 286:  61%|██████    | 6260/10325 [00:07<00:03, 1339.39doc/s]Task 286:  62%|██████▏   | 6433/10325 [00:07<00:02, 1368.94doc/s]Task 286:  64%|██████▍   | 6601/10325 [00:07<00:03, 1160.14doc/s]Task 286:  66%|██████▌   | 6790/10325 [00:07<00:02, 1293.98doc/s]Task 286:  67%|██████▋   | 6958/10325 [00:07<00:02, 1374.85doc/s]Task 286:  69%|██████▉   | 7134/10325 [00:07<00:02, 1463.75doc/s]Task 286:  71%|███████   | 7288/10325 [00:07<00:02, 1451.63doc/s]Task 286:  72%|███████▏  | 7439/10325 [00:07<00:02, 1394.12doc/s]Task 286:  74%|███████▎  | 7599/10325 [00:08<00:01, 1425.96doc/s]Task 286:  75%|███████▌  | 7745/10325 [00:08<00:01, 1415.43doc/s]Task 286:  77%|███████▋  | 7941/10325 [00:08<00:01, 1566.70doc/s]Task 286:  78%|███████▊  | 8101/10325 [00:08<00:01, 1516.42doc/s]Task 286:  80%|████████  | 8265/10325 [00:08<00:01, 1550.82doc/s]Task 286:  82%|████████▏ | 8422/10325 [00:08<00:01, 1475.50doc/s]Task 286:  84%|████████▍ | 8683/10325 [00:08<00:00, 1789.86doc/s]Task 286:  86%|████████▌ | 8866/10325 [00:08<00:01, 1437.55doc/s]Task 286:  88%|████████▊ | 9072/10325 [00:09<00:00, 1589.69doc/s]2025-11-24 00:44:24.046 | WARNING  | __main__:process_wiki_task:2222 - Parse errors so far: 1 timeouts, 0 other errors
Task 286:  90%|████████▉ | 9244/10325 [00:09<00:00, 1614.59doc/s]Task 286:  91%|█████████▏| 9439/10325 [00:09<00:00, 1704.83doc/s]Task 286:  93%|█████████▎| 9617/10325 [00:09<00:00, 1719.80doc/s]Task 286:  96%|█████████▌| 9864/10325 [00:09<00:00, 1554.03doc/s]Task 286:  97%|█████████▋| 10065/10325 [00:09<00:00, 1664.15doc/s]Task 286:  99%|█████████▉| 10240/10325 [00:11<00:00, 350.36doc/s] Task 286: 100%|██████████| 10325/10325 [00:12<00:00, 798.79doc/s]
2025-11-24 00:44:28.549 | INFO     | __main__:process_wiki_task:2275 - Task 286 completed. Processed 10325 documents, wrote 10322 (timeouts: 3, errors: 0)
2025-11-24 00:44:28.645 | INFO     | __main__:process_wiki_task:2115 - Starting task 313/415 for enwiki_namespace_0 (parallel=True)
2025-11-24 00:44:28.647 | INFO     | __main__:process_wiki_task:2147 - Processing file: gs://wikipedia-graph/wikipedia/raw_html_dumps/enwiki_namespace_0/enwiki_namespace_0_enwiki_namespace_0_chunk_380.json.tar.gz
2025-11-24 00:44:28.647 | INFO     | __main__:process_wiki_task:2160 - Collecting documents from file...
2025-11-24 00:44:33.505 | INFO     | __main__:process_wiki_task:2167 -    Collected 1000 documents
2025-11-24 00:44:37.034 | INFO     | __main__:process_wiki_task:2167 -    Collected 2000 documents
2025-11-24 00:44:40.943 | INFO     | __main__:process_wiki_task:2167 -    Collected 3000 documents
2025-11-24 00:44:45.087 | INFO     | __main__:process_wiki_task:2167 -    Collected 4000 documents
2025-11-24 00:44:48.554 | INFO     | __main__:process_wiki_task:2167 -    Collected 5000 documents
2025-11-24 00:44:52.913 | INFO     | __main__:process_wiki_task:2167 -    Collected 6000 documents
2025-11-24 00:44:56.934 | INFO     | __main__:process_wiki_task:2167 -    Collected 7000 documents
2025-11-24 00:44:59.111 | INFO     | __main__:process_wiki_task:2175 - Collected 7495 documents. Starting parallel parsing with 88 workers...
>>> Task 286 completed. Stats: {'total': 10325, 'extracted': 0, 'timeout': 0, 'clean_error': 0, 'forwarded': 10322, 'dropped': 3, 'timeout_docs': 3, 'error_docs': 0}

>>> Processing task 313/414 with parallel document parsing...
Task 313:   0%|          | 0/7495 [00:00<?, ?doc/s]Task 313:   0%|          | 1/7495 [00:00<1:53:56,  1.10doc/s]Task 313:   0%|          | 22/7495 [00:01<05:28, 22.78doc/s] Task 313:   1%|          | 64/7495 [00:01<01:50, 67.48doc/s]Task 313:   2%|▏         | 127/7495 [00:01<00:51, 142.53doc/s]Task 313:   2%|▏         | 169/7495 [00:01<00:59, 122.62doc/s]Task 313:   4%|▍         | 312/7495 [00:02<00:27, 263.41doc/s]Task 313:   5%|▌         | 379/7495 [00:02<00:22, 320.37doc/s]Task 313:   6%|▌         | 442/7495 [00:02<00:22, 317.76doc/s]Task 313:   6%|▋         | 485/7495 [00:02<00:26, 268.64doc/s]Task 313:   7%|▋         | 550/7495 [00:02<00:27, 253.03doc/s]Task 313:   9%|▊         | 655/7495 [00:03<00:20, 327.37doc/s]Task 313:  11%|█         | 801/7495 [00:03<00:14, 476.22doc/s]Task 313:  12%|█▏        | 904/7495 [00:03<00:12, 540.79doc/s]Task 313:  13%|█▎        | 968/7495 [00:03<00:13, 498.79doc/s]Task 313:  14%|█▎        | 1030/7495 [00:03<00:14, 456.84doc/s]Task 313:  14%|█▍        | 1080/7495 [00:03<00:15, 407.46doc/s]Task 313:  16%|█▌        | 1190/7495 [00:04<00:12, 511.42doc/s]Task 313:  17%|█▋        | 1310/7495 [00:04<00:09, 623.39doc/s]Task 313:  19%|█▉        | 1451/7495 [00:04<00:08, 727.78doc/s]Task 313:  21%|██        | 1577/7495 [00:04<00:08, 717.13doc/s]Task 313:  23%|██▎       | 1718/7495 [00:04<00:07, 760.38doc/s]Task 313:  24%|██▍       | 1797/7495 [00:04<00:09, 619.51doc/s]Task 313:  25%|██▌       | 1911/7495 [00:05<00:08, 658.39doc/s]Task 313:  26%|██▋       | 1981/7495 [00:05<00:08, 651.27doc/s]Task 313:  27%|██▋       | 2049/7495 [00:05<00:09, 548.53doc/s]Task 313:  28%|██▊       | 2113/7495 [00:05<00:10, 535.91doc/s]Task 313:  30%|███       | 2264/7495 [00:05<00:07, 675.26doc/s]Task 313:  32%|███▏      | 2398/7495 [00:05<00:06, 771.62doc/s]Task 313:  34%|███▎      | 2524/7495 [00:05<00:06, 791.22doc/s]Task 313:  35%|███▌      | 2653/7495 [00:06<00:05, 828.28doc/s]Task 313:  37%|███▋      | 2751/7495 [00:06<00:05, 802.96doc/s]Task 313:  38%|███▊      | 2856/7495 [00:06<00:05, 842.58doc/s]Task 313:  40%|███▉      | 2983/7495 [00:06<00:04, 937.71doc/s]Task 313:  41%|████▏     | 3095/7495 [00:06<00:04, 886.36doc/s]Task 313:  43%|████▎     | 3208/7495 [00:06<00:04, 934.41doc/s]Task 313:  44%|████▍     | 3304/7495 [00:06<00:04, 885.90doc/s]Task 313:  46%|████▌     | 3418/7495 [00:06<00:04, 951.56doc/s]Task 313:  47%|████▋     | 3522/7495 [00:07<00:04, 887.61doc/s]2025-11-24 00:45:08.665 | WARNING  | __main__:process_wiki_task:2222 - Parse errors so far: 1 timeouts, 0 other errors
Task 313:  48%|████▊     | 3618/7495 [00:07<00:04, 878.76doc/s]Task 313:  50%|████▉     | 3742/7495 [00:07<00:04, 908.24doc/s]Task 313:  51%|█████     | 3834/7495 [00:07<00:04, 870.21doc/s]Task 313:  52%|█████▏    | 3922/7495 [00:07<00:04, 825.33doc/s]Task 313:  54%|█████▎    | 4022/7495 [00:07<00:04, 838.58doc/s]Task 313:  55%|█████▌    | 4152/7495 [00:07<00:04, 797.38doc/s]Task 313:  57%|█████▋    | 4292/7495 [00:07<00:03, 932.39doc/s]Task 313:  59%|█████▉    | 4439/7495 [00:08<00:03, 1009.04doc/s]Task 313:  61%|██████    | 4547/7495 [00:08<00:03, 937.42doc/s] Task 313:  62%|██████▏   | 4673/7495 [00:08<00:02, 972.51doc/s]Task 313:  64%|██████▎   | 4773/7495 [00:08<00:02, 958.34doc/s]Task 313:  65%|██████▍   | 4871/7495 [00:08<00:02, 952.35doc/s]Task 313:  66%|██████▋   | 4967/7495 [00:08<00:02, 948.63doc/s]Task 313:  68%|██████▊   | 5067/7495 [00:08<00:02, 951.77doc/s]Task 313:  69%|██████▉   | 5180/7495 [00:08<00:02, 905.23doc/s]Task 313:  70%|███████   | 5272/7495 [00:08<00:02, 827.97doc/s]Task 313:  72%|███████▏  | 5371/7495 [00:09<00:02, 868.50doc/s]Task 313:  73%|███████▎  | 5460/7495 [00:09<00:02, 837.62doc/s]Task 313:  75%|███████▌  | 5625/7495 [00:09<00:01, 1055.71doc/s]Task 313:  77%|███████▋  | 5734/7495 [00:09<00:01, 1055.50doc/s]Task 313:  78%|███████▊  | 5842/7495 [00:09<00:01, 1028.29doc/s]Task 313:  80%|███████▉  | 5972/7495 [00:09<00:01, 1104.46doc/s]Task 313:  81%|████████  | 6085/7495 [00:09<00:01, 1064.49doc/s]Task 313:  83%|████████▎ | 6193/7495 [00:09<00:01, 983.19doc/s] Task 313:  84%|████████▍ | 6294/7495 [00:09<00:01, 983.34doc/s]Task 313:  85%|████████▌ | 6394/7495 [00:10<00:01, 979.99doc/s]Task 313:  87%|████████▋ | 6493/7495 [00:10<00:01, 979.37doc/s]Task 313:  88%|████████▊ | 6592/7495 [00:10<00:00, 956.84doc/s]Task 313:  89%|████████▉ | 6703/7495 [00:10<00:00, 999.76doc/s]Task 313:  91%|█████████ | 6808/7495 [00:10<00:00, 1014.11doc/s]Task 313:  92%|█████████▏| 6925/7495 [00:10<00:00, 1059.09doc/s]Task 313:  94%|█████████▍| 7032/7495 [00:10<00:00, 1057.08doc/s]Task 313:  95%|█████████▌| 7140/7495 [00:10<00:00, 1063.58doc/s]Task 313:  97%|█████████▋| 7247/7495 [00:11<00:00, 692.55doc/s] Task 313:  98%|█████████▊| 7334/7495 [00:11<00:00, 724.17doc/s]Task 313:  99%|█████████▉| 7420/7495 [00:11<00:00, 416.42doc/s]Task 313: 100%|█████████▉| 7486/7495 [00:14<00:00, 98.99doc/s] Task 313: 100%|██████████| 7495/7495 [00:14<00:00, 534.09doc/s]
2025-11-24 00:45:16.257 | INFO     | __main__:process_wiki_task:2275 - Task 313 completed. Processed 7495 documents, wrote 7492 (timeouts: 3, errors: 0)
2025-11-24 00:45:16.413 | INFO     | __main__:process_wiki_task:2115 - Starting task 337/415 for enwiki_namespace_0 (parallel=True)
2025-11-24 00:45:16.414 | INFO     | __main__:process_wiki_task:2147 - Processing file: gs://wikipedia-graph/wikipedia/raw_html_dumps/enwiki_namespace_0/enwiki_namespace_0_enwiki_namespace_0_chunk_401.json.tar.gz
2025-11-24 00:45:16.415 | INFO     | __main__:process_wiki_task:2160 - Collecting documents from file...
2025-11-24 00:45:23.013 | INFO     | __main__:process_wiki_task:2167 -    Collected 1000 documents
2025-11-24 00:45:28.436 | INFO     | __main__:process_wiki_task:2167 -    Collected 2000 documents
2025-11-24 00:45:33.558 | INFO     | __main__:process_wiki_task:2167 -    Collected 3000 documents
2025-11-24 00:45:38.196 | INFO     | __main__:process_wiki_task:2167 -    Collected 4000 documents
2025-11-24 00:45:42.950 | INFO     | __main__:process_wiki_task:2167 -    Collected 5000 documents
2025-11-24 00:45:47.395 | INFO     | __main__:process_wiki_task:2175 - Collected 5906 documents. Starting parallel parsing with 88 workers...
>>> Task 313 completed. Stats: {'total': 7495, 'extracted': 0, 'timeout': 0, 'clean_error': 0, 'forwarded': 7492, 'dropped': 3, 'timeout_docs': 3, 'error_docs': 0}

>>> Processing task 337/414 with parallel document parsing...
Task 337:   0%|          | 0/5906 [00:00<?, ?doc/s]Task 337:   0%|          | 1/5906 [00:01<2:06:06,  1.28s/doc]Task 337:   0%|          | 17/5906 [00:01<05:53, 16.64doc/s] Task 337:   1%|          | 33/5906 [00:01<03:20, 29.27doc/s]Task 337:   1%|          | 65/5906 [00:01<01:37, 59.75doc/s]Task 337:   1%|▏         | 81/5906 [00:01<01:18, 73.97doc/s]Task 337:   2%|▏         | 113/5906 [00:02<00:52, 109.38doc/s]Task 337:   2%|▏         | 130/5906 [00:02<00:58, 99.16doc/s] Task 337:   3%|▎         | 203/5906 [00:02<00:27, 211.07doc/s]Task 337:   4%|▍         | 235/5906 [00:02<00:27, 204.93doc/s]Task 337:   5%|▍         | 285/5906 [00:02<00:25, 221.91doc/s]Task 337:   6%|▌         | 360/5906 [00:02<00:19, 278.90doc/s]Task 337:   7%|▋         | 417/5906 [00:03<00:20, 269.00doc/s]Task 337:   8%|▊         | 447/5906 [00:03<00:20, 261.23doc/s]Task 337:   9%|▊         | 513/5906 [00:03<00:15, 337.93doc/s]Task 337:   9%|▉         | 552/5906 [00:03<00:19, 270.89doc/s]Task 337:  10%|█         | 607/5906 [00:03<00:21, 250.76doc/s]Task 337:  11%|█▏        | 676/5906 [00:04<00:19, 268.28doc/s]Task 337:  13%|█▎        | 765/5906 [00:04<00:16, 317.53doc/s]Task 337:  14%|█▍        | 844/5906 [00:04<00:14, 343.49doc/s]Task 337:  15%|█▍        | 881/5906 [00:04<00:15, 321.65doc/s]Task 337:  15%|█▌        | 914/5906 [00:04<00:15, 320.10doc/s]Task 337:  16%|█▌        | 947/5906 [00:04<00:15, 318.80doc/s]Task 337:  17%|█▋        | 979/5906 [00:04<00:16, 297.04doc/s]Task 337:  17%|█▋        | 1009/5906 [00:05<00:22, 220.01doc/s]Task 337:  18%|█▊        | 1034/5906 [00:05<00:22, 218.25doc/s]Task 337:  18%|█▊        | 1073/5906 [00:05<00:19, 249.15doc/s]Task 337:  19%|█▊        | 1100/5906 [00:05<00:19, 244.29doc/s]Task 337:  19%|█▉        | 1149/5906 [00:05<00:16, 281.00doc/s]Task 337:  21%|██        | 1251/5906 [00:05<00:11, 395.92doc/s]Task 337:  22%|██▏       | 1290/5906 [00:05<00:11, 387.58doc/s]Task 337:  23%|██▎       | 1341/5906 [00:06<00:13, 345.27doc/s]Task 337:  23%|██▎       | 1377/5906 [00:06<00:13, 330.14doc/s]Task 337:  24%|██▍       | 1412/5906 [00:06<00:13, 328.28doc/s]Task 337:  26%|██▌       | 1518/5906 [00:06<00:11, 397.14doc/s]Task 337:  27%|██▋       | 1621/5906 [00:06<00:08, 520.61doc/s]Task 337:  29%|██▉       | 1726/5906 [00:06<00:06, 600.90doc/s]Task 337:  30%|███       | 1789/5906 [00:06<00:07, 578.53doc/s]Task 337:  32%|███▏      | 1870/5906 [00:07<00:06, 594.45doc/s]Task 337:  33%|███▎      | 1976/5906 [00:07<00:05, 666.34doc/s]Task 337:  35%|███▌      | 2082/5906 [00:07<00:05, 683.08doc/s]Task 337:  37%|███▋      | 2166/5906 [00:07<00:05, 693.75doc/s]Task 337:  38%|███▊      | 2241/5906 [00:07<00:05, 705.10doc/s]Task 337:  39%|███▉      | 2313/5906 [00:07<00:05, 688.25doc/s]Task 337:  41%|████      | 2404/5906 [00:07<00:04, 709.71doc/s]Task 337:  42%|████▏     | 2501/5906 [00:07<00:04, 691.25doc/s]Task 337:  44%|████▍     | 2611/5906 [00:08<00:05, 653.92doc/s]Task 337:  45%|████▌     | 2678/5906 [00:08<00:05, 631.93doc/s]Task 337:  46%|████▋     | 2742/5906 [00:08<00:05, 613.62doc/s]Task 337:  48%|████▊     | 2840/5906 [00:08<00:04, 681.22doc/s]Task 337:  50%|████▉     | 2938/5906 [00:08<00:04, 710.86doc/s]Task 337:  51%|█████▏    | 3033/5906 [00:08<00:04, 714.62doc/s]Task 337:  53%|█████▎    | 3123/5906 [00:08<00:04, 679.09doc/s]Task 337:  55%|█████▍    | 3219/5906 [00:09<00:04, 579.50doc/s]Task 337:  56%|█████▌    | 3310/5906 [00:09<00:04, 623.80doc/s]Task 337:  57%|█████▋    | 3392/5906 [00:09<00:04, 583.19doc/s]Task 337:  59%|█████▉    | 3483/5906 [00:09<00:03, 627.54doc/s]Task 337:  60%|██████    | 3551/5906 [00:09<00:03, 614.33doc/s]Task 337:  62%|██████▏   | 3656/5906 [00:09<00:03, 701.76doc/s]Task 337:  64%|██████▍   | 3769/5906 [00:09<00:02, 757.39doc/s]Task 337:  66%|██████▌   | 3874/5906 [00:10<00:02, 791.16doc/s]Task 337:  67%|██████▋   | 3962/5906 [00:10<00:02, 805.62doc/s]Task 337:  68%|██████▊   | 4044/5906 [00:10<00:02, 805.03doc/s]Task 337:  70%|██████▉   | 4134/5906 [00:10<00:02, 801.17doc/s]Task 337:  71%|███████▏  | 4219/5906 [00:10<00:02, 782.94doc/s]Task 337:  73%|███████▎  | 4323/5906 [00:10<00:01, 817.53doc/s]Task 337:  75%|███████▍  | 4406/5906 [00:10<00:01, 803.18doc/s]Task 337:  76%|███████▌  | 4487/5906 [00:10<00:01, 795.93doc/s]Task 337:  77%|███████▋  | 4575/5906 [00:10<00:01, 773.28doc/s]Task 337:  79%|███████▉  | 4693/5906 [00:11<00:01, 879.61doc/s]Task 337:  82%|████████▏ | 4839/5906 [00:11<00:01, 1042.08doc/s]2025-11-24 00:46:01.086 | WARNING  | __main__:process_wiki_task:2222 - Parse errors so far: 1 timeouts, 0 other errors
Task 337:  84%|████████▎ | 4946/5906 [00:11<00:01, 830.53doc/s] Task 337:  85%|████████▌ | 5039/5906 [00:11<00:01, 854.66doc/s]Task 337:  87%|████████▋ | 5131/5906 [00:11<00:00, 832.24doc/s]Task 337:  88%|████████▊ | 5219/5906 [00:11<00:00, 797.66doc/s]Task 337:  90%|████████▉ | 5302/5906 [00:11<00:00, 790.21doc/s]Task 337:  91%|█████████ | 5384/5906 [00:12<00:01, 321.05doc/s]Task 337:  93%|█████████▎| 5496/5906 [00:12<00:00, 427.29doc/s]Task 337:  94%|█████████▍| 5572/5906 [00:12<00:00, 469.44doc/s]Task 337:  96%|█████████▌| 5646/5906 [00:12<00:00, 515.67doc/s]Task 337:  97%|█████████▋| 5719/5906 [00:12<00:00, 481.13doc/s]Task 337:  98%|█████████▊| 5783/5906 [00:13<00:00, 501.59doc/s]Task 337:  99%|█████████▉| 5845/5906 [00:13<00:00, 508.20doc/s]Task 337: 100%|█████████▉| 5904/5906 [00:14<00:00, 107.01doc/s]Task 337: 100%|██████████| 5906/5906 [00:14<00:00, 395.70doc/s]
2025-11-24 00:46:05.404 | INFO     | __main__:process_wiki_task:2275 - Task 337 completed. Processed 5906 documents, wrote 5903 (timeouts: 3, errors: 0)
2025-11-24 00:46:05.524 | INFO     | __main__:process_wiki_task:2115 - Starting task 357/415 for enwiki_namespace_0 (parallel=True)
2025-11-24 00:46:05.525 | INFO     | __main__:process_wiki_task:2147 - Processing file: gs://wikipedia-graph/wikipedia/raw_html_dumps/enwiki_namespace_0/enwiki_namespace_0_enwiki_namespace_0_chunk_47.json.tar.gz
2025-11-24 00:46:05.526 | INFO     | __main__:process_wiki_task:2160 - Collecting documents from file...
2025-11-24 00:46:07.651 | INFO     | __main__:process_wiki_task:2167 -    Collected 1000 documents
2025-11-24 00:46:08.740 | INFO     | __main__:process_wiki_task:2167 -    Collected 2000 documents
2025-11-24 00:46:10.066 | INFO     | __main__:process_wiki_task:2167 -    Collected 3000 documents
2025-11-24 00:46:11.149 | INFO     | __main__:process_wiki_task:2167 -    Collected 4000 documents
2025-11-24 00:46:12.321 | INFO     | __main__:process_wiki_task:2167 -    Collected 5000 documents
2025-11-24 00:46:13.543 | INFO     | __main__:process_wiki_task:2167 -    Collected 6000 documents
2025-11-24 00:46:14.551 | INFO     | __main__:process_wiki_task:2167 -    Collected 7000 documents
2025-11-24 00:46:15.684 | INFO     | __main__:process_wiki_task:2167 -    Collected 8000 documents
2025-11-24 00:46:16.656 | INFO     | __main__:process_wiki_task:2167 -    Collected 9000 documents
2025-11-24 00:46:17.798 | INFO     | __main__:process_wiki_task:2167 -    Collected 10000 documents
2025-11-24 00:46:19.150 | INFO     | __main__:process_wiki_task:2167 -    Collected 11000 documents
2025-11-24 00:46:20.055 | INFO     | __main__:process_wiki_task:2167 -    Collected 12000 documents
2025-11-24 00:46:21.021 | INFO     | __main__:process_wiki_task:2167 -    Collected 13000 documents
2025-11-24 00:46:22.385 | INFO     | __main__:process_wiki_task:2167 -    Collected 14000 documents
2025-11-24 00:46:23.512 | INFO     | __main__:process_wiki_task:2167 -    Collected 15000 documents
2025-11-24 00:46:24.647 | INFO     | __main__:process_wiki_task:2167 -    Collected 16000 documents
2025-11-24 00:46:25.622 | INFO     | __main__:process_wiki_task:2167 -    Collected 17000 documents
2025-11-24 00:46:26.693 | INFO     | __main__:process_wiki_task:2167 -    Collected 18000 documents
2025-11-24 00:46:27.781 | INFO     | __main__:process_wiki_task:2167 -    Collected 19000 documents
2025-11-24 00:46:28.894 | INFO     | __main__:process_wiki_task:2167 -    Collected 20000 documents
2025-11-24 00:46:30.035 | INFO     | __main__:process_wiki_task:2167 -    Collected 21000 documents
2025-11-24 00:46:31.246 | INFO     | __main__:process_wiki_task:2167 -    Collected 22000 documents
2025-11-24 00:46:32.284 | INFO     | __main__:process_wiki_task:2167 -    Collected 23000 documents
2025-11-24 00:46:32.304 | ERROR    | __main__:process_wiki_task:2170 - Corrupted gzip file detected for task 357: Compressed file ended before the end-of-stream marker was reached
2025-11-24 00:46:32.304 | ERROR    | __main__:process_wiki_task:2171 - File: gs://wikipedia-graph/wikipedia/raw_html_dumps/enwiki_namespace_0/enwiki_namespace_0_enwiki_namespace_0_chunk_47.json.tar.gz
>>> Task 337 completed. Stats: {'total': 5906, 'extracted': 0, 'timeout': 0, 'clean_error': 0, 'forwarded': 5903, 'dropped': 3, 'timeout_docs': 3, 'error_docs': 0}

>>> Processing task 357/414 with parallel document parsing...
>>> Task 357 completed. Stats: {'total': 23028, 'extracted': 0, 'timeout': 0, 'clean_error': 0, 'forwarded': 0, 'dropped': 0, 'corrupted_file': True}

Completed processing enwiki_namespace_0
Statistics: {'total': 231901, 'extracted': 0, 'timeout': 0, 'clean_error': 0, 'forwarded': 194639, 'dropped': 80, 'errors': 0, 'corrupted_files': 3}
================================================================================

2025-11-24 00:58:52.462 | INFO     | __main__:process_wiki_task:2115 - Starting task 30/415 for enwiki_namespace_0 (parallel=True)
2025-11-24 00:58:52.462 | INFO     | __main__:process_wiki_task:2147 - Processing file: gs://wikipedia-graph/wikipedia/raw_html_dumps/enwiki_namespace_0/enwiki_namespace_0_enwiki_namespace_0_chunk_125.json.tar.gz
2025-11-24 00:58:52.462 | INFO     | __main__:process_wiki_task:2160 - Collecting documents from file...
2025-11-24 00:58:54.818 | INFO     | __main__:process_wiki_task:2167 -    Collected 1000 documents
2025-11-24 00:58:56.204 | INFO     | __main__:process_wiki_task:2167 -    Collected 2000 documents
2025-11-24 00:58:57.848 | INFO     | __main__:process_wiki_task:2167 -    Collected 3000 documents
2025-11-24 00:58:59.190 | INFO     | __main__:process_wiki_task:2167 -    Collected 4000 documents
2025-11-24 00:59:00.816 | INFO     | __main__:process_wiki_task:2167 -    Collected 5000 documents
2025-11-24 00:59:02.215 | INFO     | __main__:process_wiki_task:2167 -    Collected 6000 documents
2025-11-24 00:59:03.602 | INFO     | __main__:process_wiki_task:2167 -    Collected 7000 documents
2025-11-24 00:59:05.157 | INFO     | __main__:process_wiki_task:2167 -    Collected 8000 documents
2025-11-24 00:59:06.528 | INFO     | __main__:process_wiki_task:2167 -    Collected 9000 documents
2025-11-24 00:59:07.999 | INFO     | __main__:process_wiki_task:2167 -    Collected 10000 documents
2025-11-24 00:59:09.380 | INFO     | __main__:process_wiki_task:2167 -    Collected 11000 documents
2025-11-24 00:59:10.847 | INFO     | __main__:process_wiki_task:2167 -    Collected 12000 documents
2025-11-24 00:59:12.356 | INFO     | __main__:process_wiki_task:2167 -    Collected 13000 documents
2025-11-24 00:59:13.884 | INFO     | __main__:process_wiki_task:2167 -    Collected 14000 documents
2025-11-24 00:59:15.301 | INFO     | __main__:process_wiki_task:2167 -    Collected 15000 documents
2025-11-24 00:59:16.676 | INFO     | __main__:process_wiki_task:2167 -    Collected 16000 documents
2025-11-24 00:59:18.307 | INFO     | __main__:process_wiki_task:2167 -    Collected 17000 documents
2025-11-24 00:59:19.794 | INFO     | __main__:process_wiki_task:2167 -    Collected 18000 documents
2025-11-24 00:59:21.358 | INFO     | __main__:process_wiki_task:2167 -    Collected 19000 documents
2025-11-24 00:59:21.809 | INFO     | __main__:process_wiki_task:2177 - Collected 19275 documents. Starting parallel parsing with 88 workers...
Targeting specific task IDs: [30, 86, 357]
Using 88 workers

================================================================================
Processing: gs://wikipedia-graph/wikipedia/raw_html_dumps/enwiki_namespace_0
Output: gs://wikipedia-graph/wikipedia/parsed_html/enwiki_namespace_0
Total files: 415
Processing 3 specific tasks sequentially: [30, 86, 357]
Each task will use all 88 workers to parallelize document parsing

>>> Processing task 30/414 with parallel document parsing...
Task 30:   0%|          | 0/19275 [00:00<?, ?doc/s]Task 30:   0%|          | 1/19275 [00:01<7:18:32,  1.37s/doc]Task 30:   1%|          | 109/19275 [00:01<03:22, 94.88doc/s]Task 30:   1%|          | 217/19275 [00:01<01:35, 198.77doc/s]Task 30:   2%|▏         | 353/19275 [00:01<01:02, 304.34doc/s]Task 30:   4%|▎         | 700/19275 [00:02<00:25, 728.77doc/s]Task 30:   5%|▌         | 993/19275 [00:02<00:17, 1054.84doc/s]Task 30:   6%|▋         | 1243/19275 [00:02<00:17, 1038.21doc/s]Task 30:   7%|▋         | 1395/19275 [00:02<00:16, 1060.40doc/s]Task 30:   8%|▊         | 1535/19275 [00:02<00:15, 1114.13doc/s]Task 30:   9%|▊         | 1675/19275 [00:02<00:18, 973.18doc/s] Task 30:   9%|▉         | 1793/19275 [00:03<00:21, 813.94doc/s]Task 30:  11%|█         | 2037/19275 [00:03<00:18, 954.27doc/s]Task 30:  13%|█▎        | 2442/19275 [00:03<00:11, 1409.91doc/s]Task 30:  15%|█▍        | 2831/19275 [00:03<00:08, 1896.55doc/s]Task 30:  16%|█▌        | 3060/19275 [00:03<00:08, 1821.94doc/s]Task 30:  17%|█▋        | 3269/19275 [00:03<00:09, 1725.32doc/s]Task 30:  18%|█▊        | 3540/19275 [00:03<00:08, 1806.67doc/s]Task 30:  20%|█▉        | 3802/19275 [00:04<00:08, 1906.04doc/s]Task 30:  21%|██▏       | 4129/19275 [00:04<00:07, 2044.14doc/s]Task 30:  23%|██▎       | 4449/19275 [00:04<00:06, 2191.83doc/s]Task 30:  24%|██▍       | 4691/19275 [00:04<00:06, 2159.50doc/s]Task 30:  26%|██▋       | 5082/19275 [00:04<00:06, 2303.50doc/s]Task 30:  28%|██▊       | 5314/19275 [00:04<00:06, 2124.16doc/s]Task 30:  29%|██▉       | 5632/19275 [00:04<00:06, 2117.53doc/s]Task 30:  31%|███       | 5885/19275 [00:04<00:06, 2155.75doc/s]Task 30:  32%|███▏      | 6208/19275 [00:05<00:05, 2251.48doc/s]Task 30:  34%|███▍      | 6574/19275 [00:05<00:05, 2522.38doc/s]Task 30:  36%|███▌      | 6908/19275 [00:05<00:04, 2636.30doc/s]Task 30:  38%|███▊      | 7277/19275 [00:05<00:04, 2775.20doc/s]Task 30:  40%|███▉      | 7643/19275 [00:05<00:04, 2796.35doc/s]Task 30:  41%|████      | 7925/19275 [00:05<00:04, 2741.80doc/s]Task 30:  43%|████▎     | 8200/19275 [00:05<00:04, 2565.10doc/s]Task 30:  44%|████▍     | 8521/19275 [00:05<00:04, 2652.57doc/s]Task 30:  46%|████▌     | 8886/19275 [00:06<00:04, 2559.55doc/s]Task 30:  48%|████▊     | 9205/19275 [00:06<00:03, 2593.19doc/s]Task 30:  49%|████▉     | 9531/19275 [00:06<00:03, 2637.67doc/s]Task 30:  51%|█████     | 9836/19275 [00:06<00:03, 2732.94doc/s]Task 30:  53%|█████▎    | 10152/19275 [00:06<00:03, 2734.35doc/s]Task 30:  54%|█████▍    | 10499/19275 [00:06<00:03, 2685.89doc/s]Task 30:  56%|█████▌    | 10770/19275 [00:06<00:03, 2427.98doc/s]Task 30:  57%|█████▋    | 11017/19275 [00:06<00:03, 2231.56doc/s]Task 30:  58%|█████▊    | 11244/19275 [00:07<00:03, 2207.87doc/s]Task 30:  60%|██████    | 11609/19275 [00:07<00:03, 2399.31doc/s]Task 30:  62%|██████▏   | 11924/19275 [00:07<00:03, 2322.13doc/s]Task 30:  63%|██████▎   | 12181/19275 [00:07<00:03, 2312.47doc/s]Task 30:  65%|██████▍   | 12465/19275 [00:07<00:02, 2443.88doc/s]Task 30:  66%|██████▋   | 12788/19275 [00:08<00:05, 1106.93doc/s]Task 30:  68%|██████▊   | 13101/19275 [00:08<00:04, 1371.45doc/s]Task 30:  70%|██████▉   | 13462/19275 [00:08<00:03, 1650.32doc/s]Task 30:  71%|███████▏  | 13770/19275 [00:08<00:03, 1818.64doc/s]Task 30:  74%|███████▍  | 14258/19275 [00:08<00:02, 2423.10doc/s]Task 30:  76%|███████▌  | 14668/19275 [00:08<00:01, 2789.86doc/s]Task 30:  78%|███████▊  | 15010/19275 [00:08<00:01, 2443.72doc/s]Task 30:  79%|███████▉  | 15305/19275 [00:09<00:01, 2145.84doc/s]Task 30:  81%|████████  | 15568/19275 [00:09<00:01, 2193.77doc/s]Task 30:  82%|████████▏ | 15843/19275 [00:09<00:01, 2286.27doc/s]Task 30:  85%|████████▌ | 16438/19275 [00:09<00:00, 3167.96doc/s]Task 30:  87%|████████▋ | 16792/19275 [00:09<00:00, 3046.90doc/s]Task 30:  89%|████████▉ | 17123/19275 [00:09<00:00, 2570.94doc/s]Task 30:  91%|█████████▏| 17622/19275 [00:09<00:00, 3129.74doc/s]Task 30:  93%|█████████▎| 17972/19275 [00:09<00:00, 3144.15doc/s]Task 30:  95%|█████████▌| 18313/19275 [00:10<00:00, 3176.19doc/s]Task 30:  97%|█████████▋| 18650/19275 [00:10<00:00, 2743.41doc/s]Task 30:  98%|█████████▊| 18957/19275 [00:10<00:00, 2648.68doc/s]Task 30: 100%|█████████▉| 19237/19275 [00:15<00:00, 205.46doc/s] 2025-11-24 00:59:38.794 | WARNING  | __main__:process_wiki_task:2224 - Parse errors so far: 1 timeouts, 0 other errors
Task 30: 100%|██████████| 19275/19275 [00:15<00:00, 1258.90doc/s]
2025-11-24 00:59:39.256 | INFO     | __main__:process_wiki_task:2277 - Task 30 completed. Processed 19275 documents, wrote 19274 (timeouts: 1, errors: 0)
2025-11-24 00:59:39.389 | INFO     | __main__:process_wiki_task:2115 - Starting task 86/415 for enwiki_namespace_0 (parallel=True)
2025-11-24 00:59:39.390 | INFO     | __main__:process_wiki_task:2147 - Processing file: gs://wikipedia-graph/wikipedia/raw_html_dumps/enwiki_namespace_0/enwiki_namespace_0_enwiki_namespace_0_chunk_176.json.tar.gz
2025-11-24 00:59:39.390 | INFO     | __main__:process_wiki_task:2160 - Collecting documents from file...
2025-11-24 00:59:41.970 | INFO     | __main__:process_wiki_task:2167 -    Collected 1000 documents
2025-11-24 00:59:43.844 | INFO     | __main__:process_wiki_task:2167 -    Collected 2000 documents
2025-11-24 00:59:45.448 | INFO     | __main__:process_wiki_task:2167 -    Collected 3000 documents
2025-11-24 00:59:47.001 | INFO     | __main__:process_wiki_task:2167 -    Collected 4000 documents
2025-11-24 00:59:48.715 | INFO     | __main__:process_wiki_task:2167 -    Collected 5000 documents
2025-11-24 00:59:50.333 | INFO     | __main__:process_wiki_task:2167 -    Collected 6000 documents
2025-11-24 00:59:52.105 | INFO     | __main__:process_wiki_task:2167 -    Collected 7000 documents
2025-11-24 00:59:53.847 | INFO     | __main__:process_wiki_task:2167 -    Collected 8000 documents
2025-11-24 00:59:55.337 | INFO     | __main__:process_wiki_task:2167 -    Collected 9000 documents
2025-11-24 00:59:56.933 | INFO     | __main__:process_wiki_task:2167 -    Collected 10000 documents
2025-11-24 00:59:58.584 | INFO     | __main__:process_wiki_task:2167 -    Collected 11000 documents
2025-11-24 01:00:00.365 | INFO     | __main__:process_wiki_task:2167 -    Collected 12000 documents
2025-11-24 01:00:01.877 | INFO     | __main__:process_wiki_task:2167 -    Collected 13000 documents
2025-11-24 01:00:03.514 | INFO     | __main__:process_wiki_task:2167 -    Collected 14000 documents
2025-11-24 01:00:05.057 | INFO     | __main__:process_wiki_task:2167 -    Collected 15000 documents
2025-11-24 01:00:06.664 | INFO     | __main__:process_wiki_task:2167 -    Collected 16000 documents
2025-11-24 01:00:08.429 | INFO     | __main__:process_wiki_task:2167 -    Collected 17000 documents
2025-11-24 01:00:09.152 | INFO     | __main__:process_wiki_task:2177 - Collected 17375 documents. Starting parallel parsing with 88 workers...
>>> Task 30 completed. Stats: {'total': 19275, 'extracted': 0, 'timeout': 0, 'clean_error': 0, 'forwarded': 19274, 'dropped': 1, 'timeout_docs': 1, 'error_docs': 0}

>>> Processing task 86/414 with parallel document parsing...
Task 86:   0%|          | 0/17375 [00:00<?, ?doc/s]Task 86:   0%|          | 1/17375 [00:01<7:20:05,  1.52s/doc]Task 86:   0%|          | 50/17375 [00:01<07:17, 39.58doc/s] Task 86:   1%|▏         | 246/17375 [00:01<01:13, 233.03doc/s]Task 86:   2%|▏         | 335/17375 [00:02<01:01, 276.87doc/s]Task 86:   3%|▎         | 562/17375 [00:02<00:36, 458.97doc/s]Task 86:   5%|▌         | 894/17375 [00:02<00:22, 719.21doc/s]Task 86:   7%|▋         | 1226/17375 [00:02<00:15, 1041.95doc/s]Task 86:   8%|▊         | 1374/17375 [00:02<00:18, 883.05doc/s] Task 86:   9%|▊         | 1493/17375 [00:03<00:17, 925.13doc/s]Task 86:   9%|▉         | 1611/17375 [00:03<00:23, 658.49doc/s]Task 86:  10%|█         | 1823/17375 [00:03<00:17, 866.33doc/s]Task 86:  11%|█▏        | 1961/17375 [00:03<00:16, 924.48doc/s]Task 86:  12%|█▏        | 2130/17375 [00:03<00:16, 901.93doc/s]Task 86:  14%|█▍        | 2445/17375 [00:04<00:13, 1099.76doc/s]Task 86:  15%|█▌        | 2647/17375 [00:04<00:12, 1162.40doc/s]Task 86:  16%|█▌        | 2774/17375 [00:04<00:13, 1101.59doc/s]Task 86:  17%|█▋        | 2892/17375 [00:04<00:14, 987.70doc/s] Task 86:  17%|█▋        | 2995/17375 [00:04<00:16, 866.94doc/s]Task 86:  19%|█▊        | 3235/17375 [00:04<00:12, 1149.60doc/s]Task 86:  19%|█▉        | 3362/17375 [00:04<00:13, 1058.44doc/s]Task 86:  21%|██        | 3675/17375 [00:05<00:10, 1320.61doc/s]Task 86:  23%|██▎       | 3921/17375 [00:05<00:09, 1464.65doc/s]Task 86:  24%|██▎       | 4117/17375 [00:05<00:08, 1548.40doc/s]Task 86:  25%|██▍       | 4278/17375 [00:05<00:10, 1208.77doc/s]Task 86:  25%|██▌       | 4412/17375 [00:05<00:10, 1185.69doc/s]Task 86:  26%|██▌       | 4540/17375 [00:05<00:12, 1053.53doc/s]Task 86:  27%|██▋       | 4656/17375 [00:05<00:13, 949.91doc/s] Task 86:  28%|██▊       | 4798/17375 [00:06<00:14, 897.38doc/s]Task 86:  30%|██▉       | 5146/17375 [00:06<00:09, 1356.11doc/s]Task 86:  30%|███       | 5294/17375 [00:06<00:09, 1223.20doc/s]Task 86:  32%|███▏      | 5502/17375 [00:06<00:09, 1196.11doc/s]Task 86:  33%|███▎      | 5734/17375 [00:06<00:08, 1409.27doc/s]Task 86:  34%|███▍      | 5888/17375 [00:06<00:10, 1081.33doc/s]Task 86:  35%|███▌      | 6105/17375 [00:07<00:09, 1150.31doc/s]Task 86:  37%|███▋      | 6371/17375 [00:07<00:07, 1383.15doc/s]Task 86:  38%|███▊      | 6525/17375 [00:07<00:09, 1168.49doc/s]Task 86:  39%|███▊      | 6696/17375 [00:07<00:08, 1196.15doc/s]Task 86:  40%|████      | 6983/17375 [00:07<00:07, 1477.33doc/s]Task 86:  42%|████▏     | 7263/17375 [00:07<00:06, 1605.33doc/s]Task 86:  43%|████▎     | 7491/17375 [00:08<00:07, 1353.80doc/s]Task 86:  44%|████▍     | 7640/17375 [00:08<00:07, 1331.86doc/s]Task 86:  45%|████▍     | 7782/17375 [00:08<00:07, 1302.60doc/s]Task 86:  46%|████▌     | 7937/17375 [00:08<00:07, 1301.86doc/s]Task 86:  47%|████▋     | 8135/17375 [00:08<00:06, 1441.21doc/s]Task 86:  48%|████▊     | 8388/17375 [00:08<00:06, 1473.40doc/s]Task 86:  49%|████▉     | 8539/17375 [00:08<00:08, 1093.76doc/s]Task 86:  50%|█████     | 8734/17375 [00:09<00:08, 1036.35doc/s]Task 86:  52%|█████▏    | 8996/17375 [00:09<00:06, 1216.26doc/s]Task 86:  53%|█████▎    | 9169/17375 [00:09<00:06, 1242.17doc/s]Task 86:  55%|█████▍    | 9471/17375 [00:09<00:05, 1505.34doc/s]Task 86:  56%|█████▌    | 9735/17375 [00:09<00:04, 1639.52doc/s]Task 86:  58%|█████▊    | 10030/17375 [00:09<00:03, 1915.49doc/s]Task 86:  59%|█████▉    | 10314/17375 [00:09<00:03, 2123.03doc/s]Task 86:  61%|██████    | 10622/17375 [00:10<00:02, 2341.53doc/s]Task 86:  63%|██████▎   | 10934/17375 [00:10<00:02, 2547.95doc/s]Task 86:  65%|██████▍   | 11282/17375 [00:10<00:02, 2752.26doc/s]Task 86:  67%|██████▋   | 11633/17375 [00:10<00:02, 2796.40doc/s]Task 86:  69%|██████▊   | 11924/17375 [00:10<00:02, 2608.70doc/s]Task 86:  70%|███████   | 12247/17375 [00:10<00:01, 2727.12doc/s]Task 86:  72%|███████▏  | 12555/17375 [00:10<00:01, 2515.65doc/s]Task 86:  74%|███████▍  | 12842/17375 [00:10<00:01, 2580.60doc/s]Task 86:  76%|███████▌  | 13136/17375 [00:10<00:01, 2566.35doc/s]Task 86:  77%|███████▋  | 13460/17375 [00:11<00:01, 2730.46doc/s]Task 86:  80%|███████▉  | 13829/17375 [00:11<00:01, 2950.67doc/s]Task 86:  82%|████████▏ | 14163/17375 [00:11<00:01, 3022.29doc/s]Task 86:  83%|████████▎ | 14469/17375 [00:11<00:01, 2706.52doc/s]Task 86:  85%|████████▌ | 14774/17375 [00:11<00:00, 2684.41doc/s]Task 86:  87%|████████▋ | 15048/17375 [00:11<00:00, 2616.78doc/s]Task 86:  88%|████████▊ | 15314/17375 [00:11<00:00, 2627.88doc/s]Task 86:  90%|████████▉ | 15617/17375 [00:11<00:00, 2739.55doc/s]Task 86:  91%|█████████▏| 15894/17375 [00:11<00:00, 2527.12doc/s]Task 86:  93%|█████████▎| 16152/17375 [00:12<00:00, 2533.50doc/s]Task 86:  95%|█████████▍| 16497/17375 [00:12<00:00, 2775.33doc/s]Task 86:  97%|█████████▋| 16779/17375 [00:12<00:00, 2110.13doc/s]Task 86:  98%|█████████▊| 17016/17375 [00:12<00:00, 1270.18doc/s]Task 86:  99%|█████████▉| 17200/17375 [00:13<00:00, 1126.63doc/s]Task 86: 100%|█████████▉| 17353/17375 [00:13<00:00, 621.62doc/s] Task 86: 100%|██████████| 17375/17375 [00:13<00:00, 1267.18doc/s]
2025-11-24 01:00:25.229 | INFO     | __main__:process_wiki_task:2277 - Task 86 completed. Processed 17375 documents, wrote 17375
2025-11-24 01:00:25.323 | INFO     | __main__:process_wiki_task:2115 - Starting task 357/415 for enwiki_namespace_0 (parallel=True)
2025-11-24 01:00:25.324 | INFO     | __main__:process_wiki_task:2147 - Processing file: gs://wikipedia-graph/wikipedia/raw_html_dumps/enwiki_namespace_0/enwiki_namespace_0_enwiki_namespace_0_chunk_47.json.tar.gz
2025-11-24 01:00:25.324 | INFO     | __main__:process_wiki_task:2160 - Collecting documents from file...
2025-11-24 01:00:27.458 | INFO     | __main__:process_wiki_task:2167 -    Collected 1000 documents
2025-11-24 01:00:28.323 | INFO     | __main__:process_wiki_task:2167 -    Collected 2000 documents
2025-11-24 01:00:29.576 | INFO     | __main__:process_wiki_task:2167 -    Collected 3000 documents
2025-11-24 01:00:30.675 | INFO     | __main__:process_wiki_task:2167 -    Collected 4000 documents
2025-11-24 01:00:31.692 | INFO     | __main__:process_wiki_task:2167 -    Collected 5000 documents
2025-11-24 01:00:32.946 | INFO     | __main__:process_wiki_task:2167 -    Collected 6000 documents
2025-11-24 01:00:33.952 | INFO     | __main__:process_wiki_task:2167 -    Collected 7000 documents
2025-11-24 01:00:35.095 | INFO     | __main__:process_wiki_task:2167 -    Collected 8000 documents
2025-11-24 01:00:36.113 | INFO     | __main__:process_wiki_task:2167 -    Collected 9000 documents
2025-11-24 01:00:37.039 | INFO     | __main__:process_wiki_task:2167 -    Collected 10000 documents
2025-11-24 01:00:38.262 | INFO     | __main__:process_wiki_task:2167 -    Collected 11000 documents
2025-11-24 01:00:39.296 | INFO     | __main__:process_wiki_task:2167 -    Collected 12000 documents
2025-11-24 01:00:40.228 | INFO     | __main__:process_wiki_task:2167 -    Collected 13000 documents
2025-11-24 01:00:41.294 | INFO     | __main__:process_wiki_task:2167 -    Collected 14000 documents
2025-11-24 01:00:42.369 | INFO     | __main__:process_wiki_task:2167 -    Collected 15000 documents
2025-11-24 01:00:43.399 | INFO     | __main__:process_wiki_task:2167 -    Collected 16000 documents
2025-11-24 01:00:44.347 | INFO     | __main__:process_wiki_task:2167 -    Collected 17000 documents
2025-11-24 01:00:45.292 | INFO     | __main__:process_wiki_task:2167 -    Collected 18000 documents
2025-11-24 01:00:46.233 | INFO     | __main__:process_wiki_task:2167 -    Collected 19000 documents
2025-11-24 01:00:47.303 | INFO     | __main__:process_wiki_task:2167 -    Collected 20000 documents
2025-11-24 01:00:48.380 | INFO     | __main__:process_wiki_task:2167 -    Collected 21000 documents
2025-11-24 01:00:49.576 | INFO     | __main__:process_wiki_task:2167 -    Collected 22000 documents
2025-11-24 01:00:50.564 | INFO     | __main__:process_wiki_task:2167 -    Collected 23000 documents
2025-11-24 01:00:51.459 | INFO     | __main__:process_wiki_task:2167 -    Collected 24000 documents
2025-11-24 01:00:52.590 | INFO     | __main__:process_wiki_task:2167 -    Collected 25000 documents
2025-11-24 01:00:53.661 | INFO     | __main__:process_wiki_task:2167 -    Collected 26000 documents
2025-11-24 01:00:54.757 | INFO     | __main__:process_wiki_task:2167 -    Collected 27000 documents
2025-11-24 01:00:55.599 | INFO     | __main__:process_wiki_task:2167 -    Collected 28000 documents
2025-11-24 01:00:56.544 | INFO     | __main__:process_wiki_task:2177 - Collected 28867 documents. Starting parallel parsing with 88 workers...
>>> Task 86 completed. Stats: {'total': 17375, 'extracted': 0, 'timeout': 0, 'clean_error': 0, 'forwarded': 17375, 'dropped': 0, 'timeout_docs': 0, 'error_docs': 0}

>>> Processing task 357/414 with parallel document parsing...
Task 357:   0%|          | 0/28867 [00:00<?, ?doc/s]Task 357:   0%|          | 1/28867 [00:01<10:27:26,  1.30s/doc]Task 357:   0%|          | 83/28867 [00:01<06:11, 77.57doc/s]  Task 357:   2%|▏         | 575/28867 [00:01<00:44, 641.34doc/s]Task 357:   3%|▎         | 795/28867 [00:01<00:38, 733.67doc/s]Task 357:   5%|▍         | 1395/28867 [00:01<00:19, 1423.69doc/s]Task 357:   6%|▌         | 1658/28867 [00:02<00:18, 1459.61doc/s]Task 357:   7%|▋         | 2133/28867 [00:02<00:13, 1987.63doc/s]Task 357:   8%|▊         | 2422/28867 [00:02<00:14, 1869.74doc/s]Task 357:   9%|▉         | 2670/28867 [00:02<00:15, 1741.73doc/s]Task 357:  10%|▉         | 2886/28867 [00:02<00:19, 1326.64doc/s]Task 357:  11%|█         | 3058/28867 [00:02<00:19, 1323.56doc/s]Task 357:  11%|█▏        | 3287/28867 [00:03<00:20, 1256.24doc/s]Task 357:  14%|█▎        | 3905/28867 [00:03<00:14, 1778.07doc/s]Task 357:  15%|█▌        | 4429/28867 [00:03<00:13, 1803.51doc/s]Task 357:  16%|█▌        | 4616/28867 [00:04<00:17, 1360.92doc/s]Task 357:  18%|█▊        | 5085/28867 [00:04<00:13, 1810.64doc/s]Task 357:  18%|█▊        | 5313/28867 [00:04<00:13, 1770.12doc/s]Task 357:  19%|█▉        | 5522/28867 [00:04<00:12, 1828.75doc/s]Task 357:  20%|██        | 5821/28867 [00:04<00:12, 1840.07doc/s]Task 357:  21%|██▏       | 6186/28867 [00:04<00:10, 2219.83doc/s]Task 357:  22%|██▏       | 6437/28867 [00:04<00:14, 1516.87doc/s]Task 357:  23%|██▎       | 6643/28867 [00:05<00:14, 1524.22doc/s]Task 357:  24%|██▎       | 6829/28867 [00:05<00:13, 1587.63doc/s]Task 357:  24%|██▍       | 7053/28867 [00:05<00:13, 1662.46doc/s]Task 357:  25%|██▌       | 7240/28867 [00:05<00:12, 1673.91doc/s]Task 357:  26%|██▋       | 7609/28867 [00:05<00:09, 2136.88doc/s]Task 357:  29%|██▊       | 8281/28867 [00:05<00:06, 3023.60doc/s]Task 357:  31%|███       | 8963/28867 [00:05<00:05, 3891.85doc/s]Task 357:  34%|███▎      | 9672/28867 [00:05<00:04, 4168.44doc/s]Task 357:  36%|███▌      | 10251/28867 [00:06<00:04, 4426.54doc/s]Task 357:  37%|███▋      | 10703/28867 [00:06<00:04, 4278.73doc/s]Task 357:  39%|███▊      | 11136/28867 [00:06<00:05, 3057.86doc/s]Task 357:  40%|████      | 11560/28867 [00:06<00:05, 3005.70doc/s]Task 357:  42%|████▏     | 12043/28867 [00:06<00:06, 2738.96doc/s]Task 357:  44%|████▍     | 12689/28867 [00:06<00:05, 2947.84doc/s]Task 357:  45%|████▌     | 13039/28867 [00:07<00:05, 2948.95doc/s]Task 357:  46%|████▌     | 13347/28867 [00:07<00:06, 2371.50doc/s]Task 357:  48%|████▊     | 13836/28867 [00:07<00:05, 2625.40doc/s]Task 357:  50%|████▉     | 14351/28867 [00:07<00:04, 3001.08doc/s]Task 357:  51%|█████     | 14674/28867 [00:07<00:05, 2501.80doc/s]Task 357:  52%|█████▏    | 15099/28867 [00:07<00:05, 2451.93doc/s]Task 357:  55%|█████▍    | 15758/28867 [00:08<00:04, 3274.72doc/s]Task 357:  56%|█████▌    | 16140/28867 [00:08<00:03, 3335.31doc/s]Task 357:  57%|█████▋    | 16513/28867 [00:08<00:03, 3359.16doc/s]Task 357:  59%|█████▉    | 17085/28867 [00:08<00:03, 3718.61doc/s]Task 357:  61%|██████    | 17631/28867 [00:08<00:02, 3980.63doc/s]Task 357:  63%|██████▎   | 18213/28867 [00:08<00:02, 4280.42doc/s]Task 357:  65%|██████▍   | 18654/28867 [00:08<00:02, 4180.39doc/s]Task 357:  66%|██████▋   | 19170/28867 [00:08<00:02, 3985.25doc/s]Task 357:  69%|██████▊   | 19806/28867 [00:08<00:02, 4218.78doc/s]Task 357:  70%|███████   | 20344/28867 [00:09<00:01, 4362.41doc/s]Task 357:  72%|███████▏  | 20911/28867 [00:09<00:01, 4649.02doc/s]Task 357:  74%|███████▍  | 21384/28867 [00:09<00:02, 2722.31doc/s]Task 357:  76%|███████▌  | 21978/28867 [00:09<00:02, 2919.19doc/s]Task 357:  79%|███████▊  | 22699/28867 [00:09<00:01, 3312.21doc/s]Task 357:  81%|████████  | 23364/28867 [00:10<00:01, 3951.38doc/s]Task 357:  83%|████████▎ | 23868/28867 [00:10<00:01, 4145.12doc/s]Task 357:  85%|████████▍ | 24395/28867 [00:10<00:01, 4345.19doc/s]Task 357:  87%|████████▋ | 25055/28867 [00:10<00:00, 4902.42doc/s]Task 357:  89%|████████▊ | 25589/28867 [00:10<00:00, 4901.92doc/s]Task 357:  91%|█████████ | 26158/28867 [00:10<00:00, 5058.36doc/s]Task 357:  93%|█████████▎| 26826/28867 [00:10<00:00, 5502.65doc/s]Task 357:  95%|█████████▍| 27397/28867 [00:10<00:00, 5154.04doc/s]Task 357:  97%|█████████▋| 28046/28867 [00:10<00:00, 5421.54doc/s]Task 357:  99%|█████████▉| 28696/28867 [00:10<00:00, 5551.40doc/s]Task 357: 100%|██████████| 28867/28867 [00:11<00:00, 2614.53doc/s]
2025-11-24 01:01:10.652 | INFO     | __main__:process_wiki_task:2277 - Task 357 completed. Processed 28867 documents, wrote 28867
>>> Task 357 completed. Stats: {'total': 28867, 'extracted': 0, 'timeout': 0, 'clean_error': 0, 'forwarded': 28867, 'dropped': 0, 'timeout_docs': 0, 'error_docs': 0}

Completed processing enwiki_namespace_0
Statistics: {'total': 65517, 'extracted': 0, 'timeout': 0, 'clean_error': 0, 'forwarded': 65516, 'dropped': 1, 'errors': 0, 'corrupted_files': 0}
================================================================================

